<?xml version="1.0" encoding="UTF-8"?>
<document>
<type>mainstream</type>
<forum>http://rzeszowiak.pl//rss/Przemysl-Maszyny-i-urzadzenia.xml</forum>
<forum_title>Przemysł www.rzeszowiak.pl</forum_title>
<discussion_title>Sprzedam żuraw obrotowy 2 szt. - okazja do 30.12 ...</discussion_title>
<language>polish</language>
<gmt_offset></gmt_offset>
<topic_url>http://www.rzeszowiak.pl/1-zuraw-obrotowy-udzwig-1-tona-ramie-4-8697842</topic_url>
<topic_text>
13000 PLN Treść ogłoszenia 1. Żuraw obrotowy, udżwig -1 tona, Ramie 4 m ,niemontowany w skrzyni transportowej ,pełna dokumentacja UDT .Producent Z U D Dąbrowa Tarnowska.CENA 13 000 zł netto / cena nowego 22 000 zł netto/2.Żuraw obrotowy używany zamontowany zarejestrowany w UDT. Udzwig 0,5 tony, ramie 4 m. Pełnosprawny.CENA 2 300 zł nettoOferta ważna do 30.12.2016r. Wystawiamy f-ry VAT lub umoway Kupna -Sprzedaży Zdjęcia
</topic_text>
<spam_score>0.00</spam_score>
<post_num>1</post_num>
<post_id>post-1</post_id>
<post_url>http://www.rzeszowiak.pl/1-zuraw-obrotowy-udzwig-1-tona-ramie-4-8697842</post_url>
<post_date>20161218</post_date>
<post_time>1833</post_time>
<username>Sprzedam żuraw obrotowy 2 szt. - okazja do 30.12</username>
<post>
13000 PLN Treść ogłoszenia 1. Żuraw obrotowy, udżwig -1 tona, Ramie 4 m ,niemontowany w skrzyni transportowej ,pełna dokumentacja UDT .Producent Z U D Dąbrowa Tarnowska.CENA 13 000 zł netto / cena nowego 22 000 zł netto/2.Żuraw obrotowy używany zamontowany zarejestrowany w UDT. Udzwig 0,5 tony, ramie 4 m. Pełnosprawny.CENA 2 300 zł nettoOferta ważna do 30.12.2016r. Wystawiamy f-ry VAT lub umoway Kupna -Sprzedaży Zdjęcia
</post>
<signature>

</signature>
<external_links>

</external_links>
<country>PL</country>
<main_image></main_image>
</document>
