<?xml version="1.0" encoding="UTF-8"?>
<document>
<type>mainstream</type>
<forum>http://www.secondcityhockey.com/rss/index.rdf</forum>
<forum_title>Second City Hockey -  All Posts</forum_title>
<discussion_title>Blackhawks week ahead: Chicago plays 2 games before Christmas</discussion_title>
<language>english</language>
<gmt_offset></gmt_offset>
<topic_url>http://www.secondcityhockey.com/2016/12/19/13979560/blackhawks-week-ahead-senators-avalanche-marian-hossa-nhl-schedule-2016</topic_url>
<topic_text>
Rec Photo by Jonathan Daniel/Getty Images The Chicago Blackhawks ease into Christmas with two games this week. The Hawks travel north to Ottawa for a Tuesday night tilt against the Senators before heading home to face the Colorado Avalanche on Friday in a Central Division matchup. Let&apos;s take a look at the upcoming week in Blackhawks’ hockey (all times Central): Monday - Off Day The Predators visit the Flyers and the Blues host the Oilers in Central Division action. Elsewhere, Randy Carlyle returns to Toronto with the Ducks. IceHogs: Idle Central Division: NSH at PHI, EDM at STL Around the NHL: DET at CAR, ANA at TOR, CGY at ARI Tuesday - Blackhawks at Senators, 7:30 p.m. (CSN) The Hawks head north to visit the Senators. The two teams split last season’s series with each team winning at home. Patrick Kane and Artemi Panarin each tallied a goal and two assists in a 4-3 overtime loss last season in Ottawa. Erik Karlsson (three assists), Mike Hoffman (two goals, an assist) and Bobby Ryan (goal, two assists) paced Ottawa. IceHogs: Idle Central Division: NYI at BOS, COL at MINN, STL at DAL, WPG at VAN, CGY at SJ Around the NHL: NYI at BOS, NYR at PITT, LAK at CBJ, ANA at MTL, DET at TB, BUF at FLA Wednesday - Off Day The Capitals visit the Flyers for NBCSN’s “Rivalry Night” while the Coyotes host the Oilers. IceHogs: Chicago (Blues) at Rockford, 7 p.m. Thursday - Off Day Two of the top teams in the Metropolitan Division meet when the Penguins visit the Blue Jackets, who enter the week on a nine-game win streak. IceHogs: Idle Central Division: MINN at MTL, STL at TB, LAK at NSH, TOR at COL, WPG at VAN Around the NHL: CAR at BUF, PHI at NJ, PITT at CBJ, ANA at OTT, BOS at FLA Friday - Avalanche at Blackhawks, 7:30 p.m. (CSN) The Hawks close out the week at home against Colorado. Corey Crawford, who could return for this game, made 38 saves in a 4-0 shutout victory against the Avs on Nov. 3. Marian Hossa scored twice and Duncan Keith had two assists. IceHogs: Idle Central Division: MINN at NYR, LAK at DAL Around the NHL: BUF at NYI, NJ at PITT, TB at WSH, MTL at CBJ, DET at FLA, BOS at CAR, VAN at CGY, TOR at ARI, EDM at SJ Saturday - No games
</topic_text>
<spam_score>0.00</spam_score>
<post_num>1</post_num>
<post_id>post-1</post_id>
<post_url>http://www.secondcityhockey.com/2016/12/19/13979560/blackhawks-week-ahead-senators-avalanche-marian-hossa-nhl-schedule-2016</post_url>
<post_date>20161219</post_date>
<post_time>2000</post_time>
<username>Brandon M. Cain</username>
<post>
Rec Photo by Jonathan Daniel/Getty Images The Chicago Blackhawks ease into Christmas with two games this week. The Hawks travel north to Ottawa for a Tuesday night tilt against the Senators before heading home to face the Colorado Avalanche on Friday in a Central Division matchup. Let&apos;s take a look at the upcoming week in Blackhawks’ hockey (all times Central): Monday - Off Day The Predators visit the Flyers and the Blues host the Oilers in Central Division action. Elsewhere, Randy Carlyle returns to Toronto with the Ducks. IceHogs: Idle Central Division: NSH at PHI, EDM at STL Around the NHL: DET at CAR, ANA at TOR, CGY at ARI Tuesday - Blackhawks at Senators, 7:30 p.m. (CSN) The Hawks head north to visit the Senators. The two teams split last season’s series with each team winning at home. Patrick Kane and Artemi Panarin each tallied a goal and two assists in a 4-3 overtime loss last season in Ottawa. Erik Karlsson (three assists), Mike Hoffman (two goals, an assist) and Bobby Ryan (goal, two assists) paced Ottawa. IceHogs: Idle Central Division: NYI at BOS, COL at MINN, STL at DAL, WPG at VAN, CGY at SJ Around the NHL: NYI at BOS, NYR at PITT, LAK at CBJ, ANA at MTL, DET at TB, BUF at FLA Wednesday - Off Day The Capitals visit the Flyers for NBCSN’s “Rivalry Night” while the Coyotes host the Oilers. IceHogs: Chicago (Blues) at Rockford, 7 p.m. Thursday - Off Day Two of the top teams in the Metropolitan Division meet when the Penguins visit the Blue Jackets, who enter the week on a nine-game win streak. IceHogs: Idle Central Division: MINN at MTL, STL at TB, LAK at NSH, TOR at COL, WPG at VAN Around the NHL: CAR at BUF, PHI at NJ, PITT at CBJ, ANA at OTT, BOS at FLA Friday - Avalanche at Blackhawks, 7:30 p.m. (CSN) The Hawks close out the week at home against Colorado. Corey Crawford, who could return for this game, made 38 saves in a 4-0 shutout victory against the Avs on Nov. 3. Marian Hossa scored twice and Duncan Keith had two assists. IceHogs: Idle Central Division: MINN at NYR, LAK at DAL Around the NHL: BUF at NYI, NJ at PITT, TB at WSH, MTL at CBJ, DET at FLA, BOS at CAR, VAN at CGY, TOR at ARI, EDM at SJ Saturday - No games
</post>
<signature>

</signature>
<external_links>

</external_links>
<country>US</country>
<main_image>https://cdn0.vox-cdn.com/thumbor/z9V6EDqeLElEHDqTCWuilbwBAs0=/0x729:3738x2832/1600x900/cdn0.vox-cdn.com/uploads/chorus_image/image/52362555/501506664.0.jpeg</main_image>
</document>
