<?xml version="1.0" encoding="UTF-8"?>
<document>
<type>mainstream</type>
<forum>http://rostovnadonu.bezformata.ru/rss.xml</forum>
<forum_title>Новости города БезФормата.Ru Ростовская область Ростов-на-Дону</forum_title>
<discussion_title>Убийство российского посла в Анкаре - что известно на данный момент</discussion_title>
<language>russian</language>
<gmt_offset></gmt_offset>
<topic_url>http://rostovnadonu.bezformata.ru/listnews/ubijstvo-rossijskogo-posla-v-ankare/53374940/</topic_url>
<topic_text>
Фото: s10.stc.all.kpcdn.net Стрелявший, потрясая пистолетом, ходил возле трибуны, как по сценеФото: EASTNEWS/AP/FOTOLINK Экс-полицейский расстрелял Андрея Карлова прямо перед телекамерами 
Первые сообщения о стрельбе в Галерее современного искусства в столице Турции появились около 19.20 мск в понедельник. Молодой мужчина, похожий на охранника, открыл огонь из пистолета в российского посла Андрея Карлова . Дипломат выступал на открытии фотовыставки “Россия глазами турков”. 
Расстрел посла выглядел как шокирующая постановка. Преступник, одетый в строгий костюм и похожий на охранника, зашел за спину Карлова и выпустил почти полную обойму пистолета. Андрей Карлов в этот момент говорил о сотрудничестве России и Турции. Речь дипломата снимали телеоператоры, некоторые работали в прямом эфире. 
Расстрел посла выглядел как шокирующая постановкаФото: EASTNEWS/AP/FOTOLINK 
Андрей Карлов после выстрелов упал навзничь и более не вставал. Стрелявший, потрясая пистолетом, ходил возле трибуны, как по сцене, и выкрикивал: “Это месть России за её преступления в Алеппо. Я не уйду отсюда живым! Аллах Акбар!”. По рассказам очевидцев, злоумышленник еще почти двадцать минут находился в галерее, успел ранить еще нескольких посетителей, после чего был застрелен прибывшими полицейскими. Андрея Карлова не успели довезти до госпиталя - он умер по дороге. 
Андрей Геннадьевич Карлов родился в 1954 году. Выпускник МГИМО. Владел корейским и английским языками. В 2001-2006 годах был послом России в КНДР. С 2007 по 2013 годы — зам, потом директор Консульского департамента МИД РФ. С июля 2013 года — Чрезвычайный и Полномочный посол РФ в Турции. 
Андрей Карлов после выстрелов упал навзничь и более не вставалФото: REUTERS 
Вскоре выяснилось, что стрелявший в российского посла - бывший полицейский, 22-летний Мевлют Мерт Антинташ . Он использовал пистолет СМ9 турецкого производства. Большие партии такого оружия были похищены с армейских и полицейских складов во время июльского кризиса в Турции. Антинташа уволили из полиции именно за участие в попытке госпереворота в июле нынешнего года. 
Российский МИД назвал убийство посла терактомФото: Наиль ВАЛИУЛИН 
По рассказам знакомых и родственников, молодой человек всегда был настроен против действующей власти, а в последнее время, по всей видимости, попал под влияние экстремистов. В Анкаре задержаны сестра и мать убийцы, а также еще трое вероятных подельников убийцы. 
Российский МИД назвал убийство посла терактом. Следственный комитет России возбудил уголовное дело. Глава госдепартамента Джон Керри заявил о том, что США готовы помочь в расследовании. &quot; Нет оправданий для такого ужасного действия &quot;, - написал у себя в &quot; Твиттере &quot; генсек НАТО Йенс Столтенберг . 
Владимиру Путину доложили о произошедшем, когда президент находился на встрече с бизнесменами. Путин прервал встречу. Он также отменил посещение Малого театра, открывшегося после реконструкции. Удивительное стечение обстоятельств: в этот вечер президент должен был смотреть постановку по пьесе “Горе от ума” Александра Грибоедова, который был дипломатом и погиб от рук религиозных фанатиков в Персии. 
Путин поручил представить Андрея Карлова к госнаграде посмертно, а также заявил: &quot; Совершенное преступление - это, безусловно, провокация, направленная на срыв нормализации российско-турецких отношений и на срыв мирного процесса в Сирии, который активно продвигается Россией, Турцией, Ираном, другими странами, заинтересованными в урегулировании межсирийского конфликта. Ответом на это может быть только одно - усиление борьбы с террором. И бандиты это на себе почувствуют &quot; . 
КОММЕНТАРИИ ЭКСПЕРТОВ
</topic_text>
<spam_score>0.00</spam_score>
<post_num>1</post_num>
<post_id>post-1</post_id>
<post_url>http://rostovnadonu.bezformata.ru/listnews/ubijstvo-rossijskogo-posla-v-ankare/53374940/</post_url>
<post_date>20161219</post_date>
<post_time>2232</post_time>
<username></username>
<post>
Фото: s10.stc.all.kpcdn.net Стрелявший, потрясая пистолетом, ходил возле трибуны, как по сценеФото: EASTNEWS/AP/FOTOLINK Экс-полицейский расстрелял Андрея Карлова прямо перед телекамерами 
Первые сообщения о стрельбе в Галерее современного искусства в столице Турции появились около 19.20 мск в понедельник. Молодой мужчина, похожий на охранника, открыл огонь из пистолета в российского посла Андрея Карлова . Дипломат выступал на открытии фотовыставки “Россия глазами турков”. 
Расстрел посла выглядел как шокирующая постановка. Преступник, одетый в строгий костюм и похожий на охранника, зашел за спину Карлова и выпустил почти полную обойму пистолета. Андрей Карлов в этот момент говорил о сотрудничестве России и Турции. Речь дипломата снимали телеоператоры, некоторые работали в прямом эфире. 
Расстрел посла выглядел как шокирующая постановкаФото: EASTNEWS/AP/FOTOLINK 
Андрей Карлов после выстрелов упал навзничь и более не вставал. Стрелявший, потрясая пистолетом, ходил возле трибуны, как по сцене, и выкрикивал: “Это месть России за её преступления в Алеппо. Я не уйду отсюда живым! Аллах Акбар!”. По рассказам очевидцев, злоумышленник еще почти двадцать минут находился в галерее, успел ранить еще нескольких посетителей, после чего был застрелен прибывшими полицейскими. Андрея Карлова не успели довезти до госпиталя - он умер по дороге. 
Андрей Геннадьевич Карлов родился в 1954 году. Выпускник МГИМО. Владел корейским и английским языками. В 2001-2006 годах был послом России в КНДР. С 2007 по 2013 годы — зам, потом директор Консульского департамента МИД РФ. С июля 2013 года — Чрезвычайный и Полномочный посол РФ в Турции. 
Андрей Карлов после выстрелов упал навзничь и более не вставалФото: REUTERS 
Вскоре выяснилось, что стрелявший в российского посла - бывший полицейский, 22-летний Мевлют Мерт Антинташ . Он использовал пистолет СМ9 турецкого производства. Большие партии такого оружия были похищены с армейских и полицейских складов во время июльского кризиса в Турции. Антинташа уволили из полиции именно за участие в попытке госпереворота в июле нынешнего года. 
Российский МИД назвал убийство посла терактомФото: Наиль ВАЛИУЛИН 
По рассказам знакомых и родственников, молодой человек всегда был настроен против действующей власти, а в последнее время, по всей видимости, попал под влияние экстремистов. В Анкаре задержаны сестра и мать убийцы, а также еще трое вероятных подельников убийцы. 
Российский МИД назвал убийство посла терактом. Следственный комитет России возбудил уголовное дело. Глава госдепартамента Джон Керри заявил о том, что США готовы помочь в расследовании. &quot; Нет оправданий для такого ужасного действия &quot;, - написал у себя в &quot; Твиттере &quot; генсек НАТО Йенс Столтенберг . 
Владимиру Путину доложили о произошедшем, когда президент находился на встрече с бизнесменами. Путин прервал встречу. Он также отменил посещение Малого театра, открывшегося после реконструкции. Удивительное стечение обстоятельств: в этот вечер президент должен был смотреть постановку по пьесе “Горе от ума” Александра Грибоедова, который был дипломатом и погиб от рук религиозных фанатиков в Персии. 
Путин поручил представить Андрея Карлова к госнаграде посмертно, а также заявил: &quot; Совершенное преступление - это, безусловно, провокация, направленная на срыв нормализации российско-турецких отношений и на срыв мирного процесса в Сирии, который активно продвигается Россией, Турцией, Ираном, другими странами, заинтересованными в урегулировании межсирийского конфликта. Ответом на это может быть только одно - усиление борьбы с террором. И бандиты это на себе почувствуют &quot; . 
КОММЕНТАРИИ ЭКСПЕРТОВ
</post>
<signature>

</signature>
<external_links>

</external_links>
<country>RU</country>
<main_image>http://rostovnadonu.bezformata.ru/content/image223123484.jpg</main_image>
</document>
