<?xml version="1.0" encoding="UTF-8"?>
<document>
<type>mainstream</type>
<forum>http://www.dnainfo.com/new-york/bronx/south-bronx.rss</forum>
<forum_title>South Bronx Top Stories on DNAinfo - Monday, December 19, 2016 | 7:07pm</forum_title>
<discussion_title>Snag an $822 Per Month Studio Apartment in Claremont</discussion_title>
<language>english</language>
<gmt_offset></gmt_offset>
<topic_url>https://www.dnainfo.com/new-york/20161219/claremont/claremont-affordable-housing-lottery-compass-residences-2b</topic_url>
<topic_text>
Snag an $822 Per Month Studio Apartment in Claremont   19, 2016 4:23pm View Full Caption DNAinfo/Eddie Small 
CLAREMONT — Bronxites can snag a studio apartment for as little as $822 per month at a new affordable housing complex in Claremont. 
Compass Residences 2B, located at 1544 Boone Ave., has 114 newly built affordable housing units available for households of up to six people making between $29,520 and $63,060 per year, or 60 percent of Area Median Income. 
► READ MORE: INTERACTIVE: What is AMI? 
The building consists of 22 studios for $822 per month, 35 one-bedrooms for $882 per month, 42 two-bedrooms for $1,065 per month and 15 three-bedrooms for $1,224 per month. 
Eligible residents of Bronx Community Board 3 , municipal employees, and people with mobility, visual or hearing disabilities will receive preference for a percentage of the units. 
Prospective tenants can apply online at nyc.gov/housingconnect or via mail by sending a self-addressed envelope to Compass Residences Two B, P.O. Box 580, New York, NY 10030. Applications must be submitted online or postmarked by Feb. 7, and selected applicants will be invited to an interview to further determine their eligibility.
</topic_text>
<spam_score>0.00</spam_score>
<post_num>1</post_num>
<post_id>post-1</post_id>
<post_url>https://www.dnainfo.com/new-york/20161219/claremont/claremont-affordable-housing-lottery-compass-residences-2b</post_url>
<post_date>20161219</post_date>
<post_time>2123</post_time>
<username></username>
<post>
Snag an $822 Per Month Studio Apartment in Claremont   19, 2016 4:23pm View Full Caption DNAinfo/Eddie Small 
CLAREMONT — Bronxites can snag a studio apartment for as little as $822 per month at a new affordable housing complex in Claremont. 
Compass Residences 2B, located at 1544 Boone Ave., has 114 newly built affordable housing units available for households of up to six people making between $29,520 and $63,060 per year, or 60 percent of Area Median Income. 
► READ MORE: INTERACTIVE: What is AMI? 
The building consists of 22 studios for $822 per month, 35 one-bedrooms for $882 per month, 42 two-bedrooms for $1,065 per month and 15 three-bedrooms for $1,224 per month. 
Eligible residents of Bronx Community Board 3 , municipal employees, and people with mobility, visual or hearing disabilities will receive preference for a percentage of the units. 
Prospective tenants can apply online at nyc.gov/housingconnect or via mail by sending a self-addressed envelope to Compass Residences Two B, P.O. Box 580, New York, NY 10030. Applications must be submitted online or postmarked by Feb. 7, and selected applicants will be invited to an interview to further determine their eligibility.
</post>
<signature>

</signature>
<external_links>

</external_links>
<country>US</country>
<main_image>https://assets.dnainfo.com/photo/2016/12/1482178013-285987/extralarge.jpg</main_image>
</document>
