<?xml version="1.0" encoding="UTF-8"?>
<document>
<type>mainstream</type>
<forum>http://businessrecord.com/RSS/248</forum>
<forum_title>RSS Feed businessrecord.com : All Latest News</forum_title>
<discussion_title>Johnston neighbors object to proposed commercial development</discussion_title>
<language>english</language>
<gmt_offset></gmt_offset>
<topic_url>http://www.businessrecord.com:80/Content/Default/-All-Latest-News/Article/-Johnston-neighbors-object-to-proposed-commercial-development/-3/248/75868</topic_url>
<topic_text>
Johnston neighbors object to proposed commercial development Monday, December 19, 2016 3:39 PM Neighbors are objecting to LSJT of Iowa&apos;s proposed mixture of apartments and retail on the southwest corner of Northwest 86th Street and Northwest 54th Avenue in Johnston, across from Goodwill Industries, The Des Moines Register reported . Developer Steve Scott added 85 apartments to an initial shopping center plan, drawing complaints about traffic and potential invasion of privacy.
</topic_text>
<spam_score>0.00</spam_score>
<post_num>1</post_num>
<post_id>post-1</post_id>
<post_url>http://www.businessrecord.com:80/Content/Default/-All-Latest-News/Article/-Johnston-neighbors-object-to-proposed-commercial-development/-3/248/75868</post_url>
<post_date>20161219</post_date>
<post_time>2139</post_time>
<username></username>
<post>
Johnston neighbors object to proposed commercial development Monday, December 19, 2016 3:39 PM Neighbors are objecting to LSJT of Iowa&apos;s proposed mixture of apartments and retail on the southwest corner of Northwest 86th Street and Northwest 54th Avenue in Johnston, across from Goodwill Industries, The Des Moines Register reported . Developer Steve Scott added 85 apartments to an initial shopping center plan, drawing complaints about traffic and potential invasion of privacy.
</post>
<signature>

</signature>
<external_links>

</external_links>
<country>US</country>
<main_image></main_image>
</document>
