<?xml version="1.0" encoding="UTF-8"?>
<document>
<type>mainstream</type>
<forum>http://www.wfsb.com/category/208502/sports?clienttype=rss</forum>
<forum_title>WFSB - Sports</forum_title>
<discussion_title>Daniel Hudson, Pirates agree to $11M million, 2-year deal</discussion_title>
<language>english</language>
<gmt_offset></gmt_offset>
<topic_url>http://www.wfsb.com/story/34092361/daniel-hudson-pirates-agree-to-11m-million-2-year-deal</topic_url>
<topic_text>
Daniel Hudson, Pirates agree to $11M million, 2-year deal - WFSB 3 Connecticut Member Center: Daniel Hudson, Pirates agree to $11M million, 2-year deal Posted: Updated: 
PITTSBURGH (AP) - The Pirates bolstered their bullpen on Monday, agreeing to an $11 million, two-year contract with reliever Daniel Hudson. 
Hudson, 29, will make $5.5 million in both 2017 and 2018. The contract includes $1.5 million annually in performance bonuses based on games finished starting at 30 and ending at 60. Hudson went 3-2 with a 5.22 ERA in 70 appearances for the Diamondbacks in 2016. 
Hudson, a former starter who became a reliever after undergoing reconstructive elbow surgery on his right (throwing) elbow in 2012 and 2013, thanked the Diamondbacks for sticking with him &quot;through some really tough times.&quot; He later added &quot;Let&apos;s do this Pittsburgh.&quot; 
Hudson&apos;s addition gives the Pirates some flexibility in their bullpen heading into spring training. Tony Watson finished with 15 saves last season after taking over the closer&apos;s role when All-Star Mark Melancon was dealt to Washington at the trade deadline.  
</topic_text>
<spam_score>0.00</spam_score>
<post_num>1</post_num>
<post_id>post-1</post_id>
<post_url>http://www.wfsb.com/story/34092361/daniel-hudson-pirates-agree-to-11m-million-2-year-deal</post_url>
<post_date>20161219</post_date>
<post_time>2339</post_time>
<username></username>
<post>
Daniel Hudson, Pirates agree to $11M million, 2-year deal - WFSB 3 Connecticut Member Center: Daniel Hudson, Pirates agree to $11M million, 2-year deal Posted: Updated: 
PITTSBURGH (AP) - The Pirates bolstered their bullpen on Monday, agreeing to an $11 million, two-year contract with reliever Daniel Hudson. 
Hudson, 29, will make $5.5 million in both 2017 and 2018. The contract includes $1.5 million annually in performance bonuses based on games finished starting at 30 and ending at 60. Hudson went 3-2 with a 5.22 ERA in 70 appearances for the Diamondbacks in 2016. 
Hudson, a former starter who became a reliever after undergoing reconstructive elbow surgery on his right (throwing) elbow in 2012 and 2013, thanked the Diamondbacks for sticking with him &quot;through some really tough times.&quot; He later added &quot;Let&apos;s do this Pittsburgh.&quot; 
Hudson&apos;s addition gives the Pirates some flexibility in their bullpen heading into spring training. Tony Watson finished with 15 saves last season after taking over the closer&apos;s role when All-Star Mark Melancon was dealt to Washington at the trade deadline.  
</post>
<signature>

</signature>
<external_links>

</external_links>
<country>US</country>
<main_image></main_image>
</document>
