<?xml version="1.0" encoding="UTF-8"?>
<document>
<type>mainstream</type>
<forum>http://www.dailytribune.com/section?template=RSS&amp;profile=4001867&amp;mime=xml</forum>
<forum_title>RSS Feed from The Daily Tribune: http://www.dailytribune.com</forum_title>
<discussion_title>Evans throws for 5 TDs, Tulsa tops Central Michigan 55-10 in Miami Beach Bowl</discussion_title>
<language>english</language>
<gmt_offset></gmt_offset>
<topic_url>http://www.dailytribune.com/article/DT/20161219/SPORTS/161219595</topic_url>
<topic_text>
College football Evans throws for 5 TDs, Tulsa tops Central Michigan 55-10 in Miami Beach Bowl Tulsa wide receiver Josh Atkinson (88) is unable to hold on to a pass as Central Michigan defensive back Emmett Thomas (3) defends in the first half of the Miami Beach Bowl NCAA college football game, Monday, Dec. 19, 2016, in Miami. (AP Photo/Alan Diaz) By TIM REYNOLDS, AP Sports Writer Posted: # Comments Central Michigan quarterback Cooper Rush prepares to pass against Tulsa in the first half of the Miami Beach Bowl NCAA college football game, Monday, Dec. 19, 2016, in Miami. (AP Photo/Alan Diaz) 
MIAMI (AP)  Dane Evans passed for 304 yards and five touchdowns, three of those scoring throws going to Keevan Lucas, and Tulsa rolled past Central Michigan 55-10 in the Miami Beach Bowl on Monday afternoon. 
Evans completed 28 of 38 passes for the Golden Hurricane (10-3), who scored on their first nine possessions and finished with six wins in the seasons final seven games. 
DAngelo Brewer rushed for 105 yards, and James Flanders ran for another 100 and a score for Tulsa. Josh Atkinson and Chris Minter also caught scoring passes for the Golden Hurricane, and Jesse Brubaker ran an interception 66 yards back for another touchdown. 
Cooper Rush was 24 for 49 passing for 241 yards for Central Michigan (6-7), throwing three interceptions in his final game with the Chippewas. Jahray Hayes ran for Central Michigans lone touchdown. Advertisement 
Evans took over the top spot on Tulsas career lists for touchdown passes (84), 300-yard games (16) and total offense (11,752). He already was the school leader in completions, attempts and yards. 
THE TAKEAWAY 
Central Michigan: Rush finished with 12,894 yards  11 shy of matching Dan LeFevours Mid-American Conference record of 12,905. His last attempt as time expired would have given him the record, but fell incomplete. ... The Chippewas finished with five losses in their final six games, and went 3-7 after a 3-0 start. ... This was the third straight bowl trip for Central Michigan, but the Chippewas went 0-3 in them. ... The 6-7 record this season is Central Michigans worst since going 3-9 in 2011. 
Tulsa: With the outcome long decided, Tulsa took a knee on fourth-and-goal from the 5 with 1:44 left. ... This wasnt even Tulsas biggest bowl win. It topped Bowling Green 63-7 at the GMAC Bowl to close the 2007 season. 
HURRICANE HISTORY, TULSA VARIETY 
Atkinsons 40-yard catch in the second quarter pushed him over 1,000 for the season. That made Tulsa the first FBS school to ever feature a 3,000-yard passer (Evans), two 1,000-yard rushers (DAngelo Brewer and James Flanders) and two 1,000-yard receivers (Lucas and Atkinson). 
HURRICANE HISTORY, MIAMI VARIETY 
Marlins Park is built basically on the same site as the famed Orange Bowl  the home field for the Miami Hurricanes for many years  stood before it was demolished. One of the replay officials Monday was Terry Porter, who threw the infamous late-arriving flag in the Fiesta Bowl that decided the 2002 national title. Porter made a still-debated call that extended the game in overtime, and Miami lost to Ohio State in double OT. 
UP NEXT 
Central Michigan: Its time to find Rushs replacement. The 2017 season starts Aug. 31 at home against Rhode Island. 
Tulsa: Like the Chippewas, the Golden Hurricane also need a new quarterback. Next season starts Sept. 2 at Oklahoma State.
</topic_text>
<spam_score>0.00</spam_score>
<post_num>1</post_num>
<post_id>post-1</post_id>
<post_url>http://www.dailytribune.com/article/DT/20161219/SPORTS/161219595</post_url>
<post_date>20161219</post_date>
<post_time>2345</post_time>
<username>TIM REYNOLDS AP Sports Writer</username>
<post>
College football Evans throws for 5 TDs, Tulsa tops Central Michigan 55-10 in Miami Beach Bowl Tulsa wide receiver Josh Atkinson (88) is unable to hold on to a pass as Central Michigan defensive back Emmett Thomas (3) defends in the first half of the Miami Beach Bowl NCAA college football game, Monday, Dec. 19, 2016, in Miami. (AP Photo/Alan Diaz) By TIM REYNOLDS, AP Sports Writer Posted: # Comments Central Michigan quarterback Cooper Rush prepares to pass against Tulsa in the first half of the Miami Beach Bowl NCAA college football game, Monday, Dec. 19, 2016, in Miami. (AP Photo/Alan Diaz) 
MIAMI (AP)  Dane Evans passed for 304 yards and five touchdowns, three of those scoring throws going to Keevan Lucas, and Tulsa rolled past Central Michigan 55-10 in the Miami Beach Bowl on Monday afternoon. 
Evans completed 28 of 38 passes for the Golden Hurricane (10-3), who scored on their first nine possessions and finished with six wins in the seasons final seven games. 
DAngelo Brewer rushed for 105 yards, and James Flanders ran for another 100 and a score for Tulsa. Josh Atkinson and Chris Minter also caught scoring passes for the Golden Hurricane, and Jesse Brubaker ran an interception 66 yards back for another touchdown. 
Cooper Rush was 24 for 49 passing for 241 yards for Central Michigan (6-7), throwing three interceptions in his final game with the Chippewas. Jahray Hayes ran for Central Michigans lone touchdown. Advertisement 
Evans took over the top spot on Tulsas career lists for touchdown passes (84), 300-yard games (16) and total offense (11,752). He already was the school leader in completions, attempts and yards. 
THE TAKEAWAY 
Central Michigan: Rush finished with 12,894 yards  11 shy of matching Dan LeFevours Mid-American Conference record of 12,905. His last attempt as time expired would have given him the record, but fell incomplete. ... The Chippewas finished with five losses in their final six games, and went 3-7 after a 3-0 start. ... This was the third straight bowl trip for Central Michigan, but the Chippewas went 0-3 in them. ... The 6-7 record this season is Central Michigans worst since going 3-9 in 2011. 
Tulsa: With the outcome long decided, Tulsa took a knee on fourth-and-goal from the 5 with 1:44 left. ... This wasnt even Tulsas biggest bowl win. It topped Bowling Green 63-7 at the GMAC Bowl to close the 2007 season. 
HURRICANE HISTORY, TULSA VARIETY 
Atkinsons 40-yard catch in the second quarter pushed him over 1,000 for the season. That made Tulsa the first FBS school to ever feature a 3,000-yard passer (Evans), two 1,000-yard rushers (DAngelo Brewer and James Flanders) and two 1,000-yard receivers (Lucas and Atkinson). 
HURRICANE HISTORY, MIAMI VARIETY 
Marlins Park is built basically on the same site as the famed Orange Bowl  the home field for the Miami Hurricanes for many years  stood before it was demolished. One of the replay officials Monday was Terry Porter, who threw the infamous late-arriving flag in the Fiesta Bowl that decided the 2002 national title. Porter made a still-debated call that extended the game in overtime, and Miami lost to Ohio State in double OT. 
UP NEXT 
Central Michigan: Its time to find Rushs replacement. The 2017 season starts Aug. 31 at home against Rhode Island. 
Tulsa: Like the Chippewas, the Golden Hurricane also need a new quarterback. Next season starts Sept. 2 at Oklahoma State.
</post>
<signature>

</signature>
<external_links>

</external_links>
<country>US</country>
<main_image>http://www.dailytribune.com/apps/pbcsi.dll/storyimage/DT/20161219/SPORTS/161219595/AR/0/AR-161219595.jpg?Maxh=1500&amp;Maxw=1500</main_image>
</document>
