<?xml version="1.0" encoding="UTF-8"?>
<document>
<type>mainstream</type>
<forum>http://www.doolnews.com/feed/</forum>
<forum_title>doolnews.com | Kerala&apos;s No1 News Portal</forum_title>
<discussion_title>ദളിതുകള്‍ക്കെതിരായ അതിക്രമങ്ങള്‍ ഏറ്റവും കൂടുതല്‍ നടക്കുന്നത് രാജസ്ഥാനില്‍</discussion_title>
<language>malayalam</language>
<gmt_offset></gmt_offset>
<topic_url>http://www.doolnews.com/atrocities-against-sc-st-bjp-ruled-rajasthan-tops-list-uttar-pradesh-follows258.html</topic_url>
<topic_text>
ദളിതുകള്‍ക്കെതിരായ അതിക്രമങ്ങള്‍ ഏറ്റവും കൂടുതല്‍ നടക്കുന്നത് രാജസ്ഥാനില്‍ 19th December 2016 പ്രിവന്‍ഷന്‍ ഓഫ് അട്രോസിറ്റീസ് ആക്ട് (പി.ഒ.എ) പ്രകാരം 23861 കേസുകളാണ് രാജസ്ഥാനില്‍ രജിസ്റ്റര്‍ ചെയ്തിട്ടുള്ളത്. ഉത്തര്‍പ്രദേശില്‍ 23,556ഉം ബീഹാറില്‍ 21,061 കേസുകളുമാണ് രജിസ്റ്റര്‍ ചെയ്തിട്ടുള്ളത്. 
ജെയ്പൂര്‍: രാജ്യത്ത് ദളിത് വിഭാഗത്തില്‍പ്പെട്ടവര്‍ ഏറ്റവും കൂടുതല്‍ അക്രമിക്കപ്പെടുന്നത് രാജസ്ഥാനില്‍. ഉത്തര്‍പ്രദേശ്, ബീഹാര്‍ എന്നീ സംസ്ഥാനങ്ങളാണ് പട്ടികയില്‍ പുറകിലുള്ളത്. 2013-15 വര്‍ഷങ്ങളില്‍ രജിസ്റ്റര്‍ ചെയ്ത കണക്കുകളുടെ അടിസ്ഥാനത്തിലാണ് പ്രത്യേക സമിതി റിപ്പോര്‍ട്ട് തയ്യാറാക്കിയിരിക്കുന്നത്. 
പ്രിവന്‍ഷന്‍ ഓഫ് അട്രോസിറ്റീസ് ആക്ട് (പി.ഒ.എ) പ്രകാരം 23861 കേസുകളാണ് രാജസ്ഥാനില്‍ രജിസ്റ്റര്‍ ചെയ്തിട്ടുള്ളത്. ഉത്തര്‍പ്രദേശില്‍ 23,556ഉം ബീഹാറില്‍ 21,061 കേസുകളുമാണ് രജിസ്റ്റര്‍ ചെയ്തിട്ടുള്ളത്. 
മധ്യപ്രദേശ്, ആന്ധ്ര, ഒഡീഷ, കര്‍ണാടക, മഹാരാഷ്ട്ര, തമിഴ്‌നാട് ഗുജറാത്ത് എന്നീ സംസ്ഥാനങ്ങളില്‍ 14,016, 9054, 8084, 7565, 6546, 5131, 3969 വീതം കേസുകളാണ് എടുത്തിട്ടുള്ളത്. 
പി.ഒ.എ പ്രകാരമുള്ള കേസുകളില്‍ വേഗത്തില്‍ വിചാരണ പൂര്‍ത്തിയാക്കുന്നതിനായി 14 സംസ്ഥാനങ്ങള്‍ മാത്രമാണ് പ്രത്യേക കോടതികള്‍ സ്ഥാപിച്ചിട്ടുള്ളതെന്ന് കേന്ദ്ര മന്ത്രി താവര്‍ചന്ദ് ഗെഹ്‌ലോട്ട് അദ്ധ്യക്ഷനായ സമിതി ചൂണ്ടിക്കാട്ടിയിട്ടുണ്ട്. Read more
</topic_text>
<spam_score>0.00</spam_score>
<post_num>1</post_num>
<post_id>post-1</post_id>
<post_url>http://www.doolnews.com/atrocities-against-sc-st-bjp-ruled-rajasthan-tops-list-uttar-pradesh-follows258.html</post_url>
<post_date>20161219</post_date>
<post_time>1100</post_time>
<username>editor</username>
<post>
ദളിതുകള്‍ക്കെതിരായ അതിക്രമങ്ങള്‍ ഏറ്റവും കൂടുതല്‍ നടക്കുന്നത് രാജസ്ഥാനില്‍ 19th December 2016 പ്രിവന്‍ഷന്‍ ഓഫ് അട്രോസിറ്റീസ് ആക്ട് (പി.ഒ.എ) പ്രകാരം 23861 കേസുകളാണ് രാജസ്ഥാനില്‍ രജിസ്റ്റര്‍ ചെയ്തിട്ടുള്ളത്. ഉത്തര്‍പ്രദേശില്‍ 23,556ഉം ബീഹാറില്‍ 21,061 കേസുകളുമാണ് രജിസ്റ്റര്‍ ചെയ്തിട്ടുള്ളത്. 
ജെയ്പൂര്‍: രാജ്യത്ത് ദളിത് വിഭാഗത്തില്‍പ്പെട്ടവര്‍ ഏറ്റവും കൂടുതല്‍ അക്രമിക്കപ്പെടുന്നത് രാജസ്ഥാനില്‍. ഉത്തര്‍പ്രദേശ്, ബീഹാര്‍ എന്നീ സംസ്ഥാനങ്ങളാണ് പട്ടികയില്‍ പുറകിലുള്ളത്. 2013-15 വര്‍ഷങ്ങളില്‍ രജിസ്റ്റര്‍ ചെയ്ത കണക്കുകളുടെ അടിസ്ഥാനത്തിലാണ് പ്രത്യേക സമിതി റിപ്പോര്‍ട്ട് തയ്യാറാക്കിയിരിക്കുന്നത്. 
പ്രിവന്‍ഷന്‍ ഓഫ് അട്രോസിറ്റീസ് ആക്ട് (പി.ഒ.എ) പ്രകാരം 23861 കേസുകളാണ് രാജസ്ഥാനില്‍ രജിസ്റ്റര്‍ ചെയ്തിട്ടുള്ളത്. ഉത്തര്‍പ്രദേശില്‍ 23,556ഉം ബീഹാറില്‍ 21,061 കേസുകളുമാണ് രജിസ്റ്റര്‍ ചെയ്തിട്ടുള്ളത്. 
മധ്യപ്രദേശ്, ആന്ധ്ര, ഒഡീഷ, കര്‍ണാടക, മഹാരാഷ്ട്ര, തമിഴ്‌നാട് ഗുജറാത്ത് എന്നീ സംസ്ഥാനങ്ങളില്‍ 14,016, 9054, 8084, 7565, 6546, 5131, 3969 വീതം കേസുകളാണ് എടുത്തിട്ടുള്ളത്. 
പി.ഒ.എ പ്രകാരമുള്ള കേസുകളില്‍ വേഗത്തില്‍ വിചാരണ പൂര്‍ത്തിയാക്കുന്നതിനായി 14 സംസ്ഥാനങ്ങള്‍ മാത്രമാണ് പ്രത്യേക കോടതികള്‍ സ്ഥാപിച്ചിട്ടുള്ളതെന്ന് കേന്ദ്ര മന്ത്രി താവര്‍ചന്ദ് ഗെഹ്‌ലോട്ട് അദ്ധ്യക്ഷനായ സമിതി ചൂണ്ടിക്കാട്ടിയിട്ടുണ്ട്. Read more
</post>
<signature>

</signature>
<external_links>

</external_links>
<country>US</country>
<main_image>http://www.doolnews.com/wp-content/uploads/2016/12/rajst.png</main_image>
</document>
