<?xml version="1.0" encoding="UTF-8"?>
<document>
<type>mainstream</type>
<forum>http://ewallstreeter.com/rss.php?c=277</forum>
<forum_title>eWallstreeter</forum_title>
<discussion_title>Dozens Of Bags Unclaimed After Frontier Airlines Luggage Mess</discussion_title>
<language>english</language>
<gmt_offset></gmt_offset>
<topic_url>http://ewallstreeter.com/dozens-of-bags-unclaimed-after-frontier-airlines-luggage-mess-5629/</topic_url>
<topic_text>
Dozens Of Bags Unclaimed After Frontier Airlines Luggage Mess From CBS DenverDecember 19, 2016 - 2:54pm Days after nearly nine inches of snow fell at Denver International Airport and hundreds of flights were canceled, dozens of bags remained unclaimed by Frontier Airlines customers.
</topic_text>
<spam_score>0.00</spam_score>
<post_num>1</post_num>
<post_id>post-1</post_id>
<post_url>http://ewallstreeter.com/dozens-of-bags-unclaimed-after-frontier-airlines-luggage-mess-5629/</post_url>
<post_date>20161219</post_date>
<post_time>1954</post_time>
<username></username>
<post>
Dozens Of Bags Unclaimed After Frontier Airlines Luggage Mess From CBS DenverDecember 19, 2016 - 2:54pm Days after nearly nine inches of snow fell at Denver International Airport and hundreds of flights were canceled, dozens of bags remained unclaimed by Frontier Airlines customers.
</post>
<signature>

</signature>
<external_links>

</external_links>
<country>US</country>
<main_image>http://ewallstreeter.com/post-images/denver/dozens-of-bags-unclaimed-after-frontier-airlines-luggage-mess.jpg</main_image>
</document>
