<?xml version="1.0" encoding="UTF-8"?>
<document>
<type>mainstream</type>
<forum>http://www.nieuws.be/rss/nieuws/Regio.rss</forum>
<forum_title>Nieuws.be - Rubriek &apos;Regio&apos;</forum_title>
<discussion_title>Geslaagd eindejaars-buurtfeest in Meierskouter</discussion_title>
<language>dutch</language>
<gmt_offset></gmt_offset>
<topic_url>http://www.nieuws.be/nieuws/Geslaagd_eindejaars-buurtfeest_in_Meierskouter_98daa31f.aspx</topic_url>
<topic_text>
Het actiecomité dat reeds de voorbije zomer een buurtfeest organiseerde in de &apos;wijk&apos; te Burst, pakte nu uit met een gezellige bijeenkomst in de sfeer van Kerstmis en Nieuwjaar. Lees meer » maandag 19 dec 20u20
</topic_text>
<spam_score>0.00</spam_score>
<post_num>1</post_num>
<post_id>post-1</post_id>
<post_url>http://www.nieuws.be/nieuws/Geslaagd_eindejaars-buurtfeest_in_Meierskouter_98daa31f.aspx</post_url>
<post_date>20161219</post_date>
<post_time>1920</post_time>
<username>Nieuws.be</username>
<post>
Het actiecomité dat reeds de voorbije zomer een buurtfeest organiseerde in de &apos;wijk&apos; te Burst, pakte nu uit met een gezellige bijeenkomst in de sfeer van Kerstmis en Nieuwjaar. Lees meer » maandag 19 dec 20u20
</post>
<signature>

</signature>
<external_links>

</external_links>
<country>BE</country>
<main_image></main_image>
</document>
