<?xml version="1.0" encoding="UTF-8"?>
<document>
<type>mainstream</type>
<forum>http://www.energiadiario.com/publicacion/feed/</forum>
<forum_title>Energía Diario</forum_title>
<discussion_title>Nadal: “Hubo precipitación del Gobierno socialista con las renovables por ideología e intereses”</discussion_title>
<language>spanish</language>
<gmt_offset></gmt_offset>
<topic_url>http://www.energiadiario.com/publicacion/nadal-hubo-precipitacion-del-gobierno-socialista-con-las-renovables-por-ideologia-e-intereses/</topic_url>
<topic_text>
Trump elige a Rick Perry para ejecutar su “revolución energética” 
EFE.- El ministro de Energía, Turismo y Agenda Digital, Álvaro Nadal, asevera que con las energías renovables el Gobierno socialista se “precipitó por ideología e intereses”. En una entrevista con el diario El País , Nadal explica que “el gran problema que hubo en las políticas que llevaron al déficit tarifario fue que se tomaron decisiones como si la tecnología hubiera avanzado cuando no lo había hecho, y el coste todavía era muy alto” . 
“Fue una precipitación clarísima por un deseo ideológico, aparte de que siempre hay intereses detrás de las cosas”, señala el ministro de Energía, que añade que con más paciencia, no habría sido tan caro ni se tendría esa gran hipoteca a 25 años por las primas . Agrega Nadal que “no hay que dejarse presionar por los intereses económicos” y que el Gobierno estará vigilante con los precios de los carburantes. 
En ese sentido y tras recordar que las subidas de impuestos corresponden a Hacienda, el ministro de Energía manifiesta que en un contexto de subida del petróleo, el aumento de impuestos energéticos no le gusta. Destaca que “ las prioridades de esta cartera son la eficiencia energética y las renovables” y que “la mejor energía es la que no se consume y, por tanto, no se tiene que producir “. “He solicitado al Banco Europeo de Inversiones financiación para el plan Juncker. Supondrían por lo menos 200.000 empleos en construcción y se crearían empresas especializadas “, explicó Nadal. Sobre el Autor
</topic_text>
<spam_score>0.00</spam_score>
<post_num>1</post_num>
<post_id>post-1</post_id>
<post_url>http://www.energiadiario.com/publicacion/nadal-hubo-precipitacion-del-gobierno-socialista-con-las-renovables-por-ideologia-e-intereses/</post_url>
<post_date>20161219</post_date>
<post_time>1850</post_time>
<username>Energía Diario</username>
<post>
Trump elige a Rick Perry para ejecutar su “revolución energética” 
EFE.- El ministro de Energía, Turismo y Agenda Digital, Álvaro Nadal, asevera que con las energías renovables el Gobierno socialista se “precipitó por ideología e intereses”. En una entrevista con el diario El País , Nadal explica que “el gran problema que hubo en las políticas que llevaron al déficit tarifario fue que se tomaron decisiones como si la tecnología hubiera avanzado cuando no lo había hecho, y el coste todavía era muy alto” . 
“Fue una precipitación clarísima por un deseo ideológico, aparte de que siempre hay intereses detrás de las cosas”, señala el ministro de Energía, que añade que con más paciencia, no habría sido tan caro ni se tendría esa gran hipoteca a 25 años por las primas . Agrega Nadal que “no hay que dejarse presionar por los intereses económicos” y que el Gobierno estará vigilante con los precios de los carburantes. 
En ese sentido y tras recordar que las subidas de impuestos corresponden a Hacienda, el ministro de Energía manifiesta que en un contexto de subida del petróleo, el aumento de impuestos energéticos no le gusta. Destaca que “ las prioridades de esta cartera son la eficiencia energética y las renovables” y que “la mejor energía es la que no se consume y, por tanto, no se tiene que producir “. “He solicitado al Banco Europeo de Inversiones financiación para el plan Juncker. Supondrían por lo menos 200.000 empleos en construcción y se crearían empresas especializadas “, explicó Nadal. Sobre el Autor
</post>
<signature>

</signature>
<external_links>

</external_links>
<country>ES</country>
<main_image>http://www.energiadiario.com/publicacion/wp-content/uploads/2016/12/alvaro-nadal-3-150x150.jpeg</main_image>
</document>
