<?xml version="1.0" encoding="UTF-8"?>
<document>
<type>mainstream</type>
<forum>http://ewallstreeter.com/rss.php?c=277</forum>
<forum_title>eWallstreeter</forum_title>
<discussion_title>Lawmakers Push EPA To Repay All Costs Of Mine Spill Response</discussion_title>
<language>english</language>
<gmt_offset></gmt_offset>
<topic_url>http://ewallstreeter.com/lawmakers-push-epa-to-repay-all-costs-of-mine-spill-response-5335/</topic_url>
<topic_text>
Lawmakers Push EPA To Repay All Costs Of Mine Spill Response From CBS DenverDecember 19, 2016 - 2:53pm Two members of Colorado&apos;s congressional delegation are pressing the Environmental Protection Agency to fully reimburse state, local and tribal agencies for the cost of responding to a toxic mine waste spill triggered by the EPA.
</topic_text>
<spam_score>0.00</spam_score>
<post_num>1</post_num>
<post_id>post-1</post_id>
<post_url>http://ewallstreeter.com/lawmakers-push-epa-to-repay-all-costs-of-mine-spill-response-5335/</post_url>
<post_date>20161219</post_date>
<post_time>1953</post_time>
<username></username>
<post>
Lawmakers Push EPA To Repay All Costs Of Mine Spill Response From CBS DenverDecember 19, 2016 - 2:53pm Two members of Colorado&apos;s congressional delegation are pressing the Environmental Protection Agency to fully reimburse state, local and tribal agencies for the cost of responding to a toxic mine waste spill triggered by the EPA.
</post>
<signature>

</signature>
<external_links>

</external_links>
<country>US</country>
<main_image>http://ewallstreeter.com/post-images/denver/lawmakers-push-epa-to-repay-all-costs-of-mine-spill-response.jpg</main_image>
</document>
