<?xml version="1.0" encoding="UTF-8"?>
<document>
<type>mainstream</type>
<forum>http://www.elboletin.com/rss_mercados.php</forum>
<forum_title>Elboletin.com | Mercados</forum_title>
<discussion_title>Víctor Grifols cede el timón de la compañía a su hijo y a su hermano</discussion_title>
<language>spanish</language>
<gmt_offset></gmt_offset>
<topic_url>http://www.elboletin.com/mercados/143351/victor-grifols-cede-timon-hijo-hermano.html</topic_url>
<topic_text>
Mercados Bolsa Víctor Grifols cede el timón de la compañía a su hijo y a su hermano El primer ejecutivo de de la compañía de hemoderivados, Víctor Grifols Roura, ha dimitido como consejero delegado, cargo que ocupaba desde 1987. Seguir a @elboletinmadrid Víctor Grifols Roura ha dimitido como consejero delegado de Grifols y ha traspasado sus funciones de dirección a su hermano Raimon Grifols Roura y a su hijo Víctor Grifols Deu , que serán consejeros delegados con carácter solidario, según ha comunicado la compañía de hemoderivados a la Comisión Nacional del Mercado de Valores (CNMV). El cambio en la cúpula, con efectos desde el próximo 1 de enero, estaba previsto después de que el órgano de dirección de la compañía aprobara por unanimidad el pasado 10 de diciembre de 2015 su plan de sucesión. Grifols Roura era consejero delegado de Grifols desde 1987 y presidente desde 2001. Sucedió en el cargo a su padre, Víctor Grifols Lucas, fundador de la compañía. Las acciones de la firma catalana arrancan la sesión con un recorte del 0,3%, algo más moderado que el experimentado por el Ibex en los primeros compases, de un 0,5%. La compañía también ha anunciado el nombramiento de Thomas Glanzmann como vicepresidente no ejecutivo del consejo de administración y se ha decidido mantener a Íñigo Sánchez-Asiaín Mardones como consejero coordinador.
</topic_text>
<spam_score>0.00</spam_score>
<post_num>1</post_num>
<post_id>post-1</post_id>
<post_url>http://www.elboletin.com/mercados/143351/victor-grifols-cede-timon-hijo-hermano.html</post_url>
<post_date>20161219</post_date>
<post_time>0000</post_time>
<username></username>
<post>
Mercados Bolsa Víctor Grifols cede el timón de la compañía a su hijo y a su hermano El primer ejecutivo de de la compañía de hemoderivados, Víctor Grifols Roura, ha dimitido como consejero delegado, cargo que ocupaba desde 1987. Seguir a @elboletinmadrid Víctor Grifols Roura ha dimitido como consejero delegado de Grifols y ha traspasado sus funciones de dirección a su hermano Raimon Grifols Roura y a su hijo Víctor Grifols Deu , que serán consejeros delegados con carácter solidario, según ha comunicado la compañía de hemoderivados a la Comisión Nacional del Mercado de Valores (CNMV). El cambio en la cúpula, con efectos desde el próximo 1 de enero, estaba previsto después de que el órgano de dirección de la compañía aprobara por unanimidad el pasado 10 de diciembre de 2015 su plan de sucesión. Grifols Roura era consejero delegado de Grifols desde 1987 y presidente desde 2001. Sucedió en el cargo a su padre, Víctor Grifols Lucas, fundador de la compañía. Las acciones de la firma catalana arrancan la sesión con un recorte del 0,3%, algo más moderado que el experimentado por el Ibex en los primeros compases, de un 0,5%. La compañía también ha anunciado el nombramiento de Thomas Glanzmann como vicepresidente no ejecutivo del consejo de administración y se ha decidido mantener a Íñigo Sánchez-Asiaín Mardones como consejero coordinador.
</post>
<signature>

</signature>
<external_links>

</external_links>
<country>ES</country>
<main_image>http://www.elboletin.com/imagenes/portada/grifols-p.jpg</main_image>
</document>
