<?xml version="1.0" encoding="UTF-8"?>
<document>
<type>mainstream</type>
<forum>http://www.tntv.pf/xml/syndication.rss</forum>
<forum_title>Tahiti Nui Télévision - Actualités de Polynésie, informations, vidéos, direct, news, culture, sport</forum_title>
<discussion_title>Des 4x4 saisis par la gendarmerie à Motu Uta</discussion_title>
<language>french</language>
<gmt_offset></gmt_offset>
<topic_url>http://www.tntv.pf/Des-4x4-saisis-par-la-gendarmerie-a-Motu-Uta_a15757.html</topic_url>
<topic_text>
Des 4x4 saisis par la gendarmerie à Motu Uta   14:00 | Lu 85 fois STUPEFIANTS - Des gendarmes cagoulés ont fait irruption ce lundi matin dans la zone sous douane de Motu Uta à Fare Ute. Ils sont venus saisir plusieurs 4x4, soupçonnant les véhicules de recéler de la drogue. Selon nos informations, les militaires agissaient sur commission rogatoire dans le cadre d&apos;une enquête ouverte pour trafic de stupéfiants. Un dossier en lien avec celui des trois femmes, dont une ressortissante américaine, mises en examen la semaine dernière pour avoir importé de l&apos;ice au fenua . Les enquêteurs suspectent les véhicules saisis de contenir de la drogue. Ceux-ci devraient donc faire l&apos;objet d une fouille complète .
</topic_text>
<spam_score>0.00</spam_score>
<post_num>1</post_num>
<post_id>post-1</post_id>
<post_url>http://www.tntv.pf/Des-4x4-saisis-par-la-gendarmerie-a-Motu-Uta_a15757.html</post_url>
<post_date>20161220</post_date>
<post_time>0000</post_time>
<username>TNTV</username>
<post>
Des 4x4 saisis par la gendarmerie à Motu Uta   14:00 | Lu 85 fois STUPEFIANTS - Des gendarmes cagoulés ont fait irruption ce lundi matin dans la zone sous douane de Motu Uta à Fare Ute. Ils sont venus saisir plusieurs 4x4, soupçonnant les véhicules de recéler de la drogue. Selon nos informations, les militaires agissaient sur commission rogatoire dans le cadre d&apos;une enquête ouverte pour trafic de stupéfiants. Un dossier en lien avec celui des trois femmes, dont une ressortissante américaine, mises en examen la semaine dernière pour avoir importé de l&apos;ice au fenua . Les enquêteurs suspectent les véhicules saisis de contenir de la drogue. Ceux-ci devraient donc faire l&apos;objet d une fouille complète .
</post>
<signature>

</signature>
<external_links>

</external_links>
<country>PF</country>
<main_image>http://www.tntv.pf/photo/art/grande/10812526-17862495.jpg?v=1482191981</main_image>
</document>
