<?xml version="1.0" encoding="UTF-8"?>
<document>
<type>mainstream</type>
<forum>http://www.romandie.com/rss/flux.xml</forum>
<forum_title>Romandie</forum_title>
<discussion_title>Trump condamne l&apos;assassinat de l&apos;ambassadeur russe par un terroriste islamique radical</discussion_title>
<language>french</language>
<gmt_offset></gmt_offset>
<topic_url>http://www.romandie.com/news/Trump-condamne-lassassinat-de-lambassadeur-russe-par-un-terroriste-islamique-radical/763119.rom</topic_url>
<topic_text>
Tweet Trump condamne l&apos;assassinat de l&apos;ambassadeur russe par un terroriste islamique radical Washington - Le président élu des Etats-Unis Donald Trump a condamné l&apos;assassinat lundi de l&apos;ambassadeur russe en Turquie, commis selon lui par un terroriste islamique radical.Donald Trump a présenté, dans un communiqué, ses condoléances à la famille et aux proches de l&apos;ambassadeur de la Russie en Turquie, Andreï Karlov, qui a été assassiné par un terroriste islamique radical. Le diplomate a été abattu de plusieurs balles par un policier turc alors qu&apos;il prononçait une allocution lors de l&apos;inauguration d&apos;une exposition d&apos;art dans la capitale turque.Le policier, qui a été neutralisé, a affirmé agir pour venger le drame de la ville d&apos;Alep, en passe de tomber aux mains du régime syrien soutenu par Moscou.Le futur président des Etats-Unis, qui depuis plusieurs mois appelle à un réchauffement des relations américano-russes, a également assuré que l&apos;assassinat - qualifié par Moscou d&apos;acte terroriste - relève d&apos;une violation de toutes les règles d&apos;un monde civilisé, qui se doit d&apos;être unanimement condamné.   00h02)
</topic_text>
<spam_score>0.00</spam_score>
<post_num>1</post_num>
<post_id>post-1</post_id>
<post_url>http://www.romandie.com/news/Trump-condamne-lassassinat-de-lambassadeur-russe-par-un-terroriste-islamique-radical/763119.rom</post_url>
<post_date>20161219</post_date>
<post_time>2304</post_time>
<username></username>
<post>
Tweet Trump condamne l&apos;assassinat de l&apos;ambassadeur russe par un terroriste islamique radical Washington - Le président élu des Etats-Unis Donald Trump a condamné l&apos;assassinat lundi de l&apos;ambassadeur russe en Turquie, commis selon lui par un terroriste islamique radical.Donald Trump a présenté, dans un communiqué, ses condoléances à la famille et aux proches de l&apos;ambassadeur de la Russie en Turquie, Andreï Karlov, qui a été assassiné par un terroriste islamique radical. Le diplomate a été abattu de plusieurs balles par un policier turc alors qu&apos;il prononçait une allocution lors de l&apos;inauguration d&apos;une exposition d&apos;art dans la capitale turque.Le policier, qui a été neutralisé, a affirmé agir pour venger le drame de la ville d&apos;Alep, en passe de tomber aux mains du régime syrien soutenu par Moscou.Le futur président des Etats-Unis, qui depuis plusieurs mois appelle à un réchauffement des relations américano-russes, a également assuré que l&apos;assassinat - qualifié par Moscou d&apos;acte terroriste - relève d&apos;une violation de toutes les règles d&apos;un monde civilisé, qui se doit d&apos;être unanimement condamné.   00h02)
</post>
<signature>

</signature>
<external_links>

</external_links>
<country>CH</country>
<main_image></main_image>
</document>
