<?xml version="1.0" encoding="UTF-8"?>
<document>
<type>mainstream</type>
<forum>http://www.thestar.com.my/RSS/Editors-Choice/Sport</forum>
<forum_title>The Star Online Sport Highlights</forum_title>
<discussion_title>had to thwart wild Everton football, says Klopp</discussion_title>
<language>english</language>
<gmt_offset></gmt_offset>
<topic_url>http://www.thestar.com.my/sport/football/2016/12/20/liverpool-had-to-thwart-wild-everton-football-says-klopp/</topic_url>
<topic_text>
LIVERPOOL (Reuters) - Liverpool had to combat &quot;wild football&quot; from Everton before a last-gasp winner from Sadio Mane earned the visitors a 1-0 derby win at Goodison Park on Monday, said manager Juergen Klopp.
Klopp&apos;s men completely controlled the second half but had to wait until   break through, Mane   the rebound from close range after substitute Daniel Sturridge&apos;s 20-metre shot had struck the post.
&quot;The best thing you can do on a night like this is win and you saw how happy our fans were,&quot; Klopp told Sky Sports television after Liverpool rose to second in the Premier League, six points behind leaders Chelsea.
&quot;I can&apos;t remember one chance for Everton. The plan of Everton was wild football. They were chasing us everywhere, it is really difficult to play against this. 
&quot;We couldn&apos;t handle it at first. We will be better at reacting against this in a few months,&quot; added Klopp.
&quot;We were much better in the second half, we could have scored earlier. If you only win games when you are brilliant you won&apos;t win many games, it was a battle and we were ready for it.&quot;
Referee Mike Dean added eight minutes of stoppage time after Everton   sustained a leg injury   was replaced by Joel Robles.
&quot;We are really disappointed to concede in extra time,&quot; said Everton manager Ronald Koeman. &quot;The eight minutes killed us.
&quot;We have to wait to see about Stekelenburg&apos;s injury, we will know more tomorrow, and (midfielder) James McCarthy has a hamstring injury.
&quot;In the second half we had problems to stop Liverpool,&quot; added Koeman.
Everton&apos;s defeat left them ninth in the table with 23 points from 17 matches.
(Writing by Tony Jimenez; Editing by Rex Gowar)
</topic_text>
<spam_score>0.00</spam_score>
<post_num>1</post_num>
<post_id>post-1</post_id>
<post_url>http://www.thestar.com.my/sport/football/2016/12/20/liverpool-had-to-thwart-wild-everton-football-says-klopp/</post_url>
<post_date>20161220</post_date>
<post_time></post_time>
<username>thestar.com.my</username>
<post>
LIVERPOOL (Reuters) - Liverpool had to combat &quot;wild football&quot; from Everton before a last-gasp winner from Sadio Mane earned the visitors a 1-0 derby win at Goodison Park on Monday, said manager Juergen Klopp.
Klopp&apos;s men completely controlled the second half but had to wait until   break through, Mane   the rebound from close range after substitute Daniel Sturridge&apos;s 20-metre shot had struck the post.
&quot;The best thing you can do on a night like this is win and you saw how happy our fans were,&quot; Klopp told Sky Sports television after Liverpool rose to second in the Premier League, six points behind leaders Chelsea.
&quot;I can&apos;t remember one chance for Everton. The plan of Everton was wild football. They were chasing us everywhere, it is really difficult to play against this. 
&quot;We couldn&apos;t handle it at first. We will be better at reacting against this in a few months,&quot; added Klopp.
&quot;We were much better in the second half, we could have scored earlier. If you only win games when you are brilliant you won&apos;t win many games, it was a battle and we were ready for it.&quot;
Referee Mike Dean added eight minutes of stoppage time after Everton   sustained a leg injury   was replaced by Joel Robles.
&quot;We are really disappointed to concede in extra time,&quot; said Everton manager Ronald Koeman. &quot;The eight minutes killed us.
&quot;We have to wait to see about Stekelenburg&apos;s injury, we will know more tomorrow, and (midfielder) James McCarthy has a hamstring injury.
&quot;In the second half we had problems to stop Liverpool,&quot; added Koeman.
Everton&apos;s defeat left them ninth in the table with 23 points from 17 matches.
(Writing by Tony Jimenez; Editing by Rex Gowar)
</post>
<signature>

</signature>
<external_links>

</external_links>
<country>MY</country>
<main_image>http://www.thestar.com.my/~/media/online/2016/12/19/23/15/20161219t224926z_1_lynxmpecbi1br_rtroptp_3_soccerenglandeveliv.ashx/</main_image>
</document>
