<?xml version="1.0" encoding="UTF-8"?>
<document>
<type>mainstream</type>
<forum>http://rssfeeds.king5.com/_/20/109986286/king5/home</forum>
<forum_title>KING - News</forum_title>
<discussion_title>Cold sunshine for Christmas?</discussion_title>
<language>english</language>
<gmt_offset></gmt_offset>
<topic_url>http://rssfeeds.king5.com/_/20/109986286/king5/http&amp;#x3a;&amp;#x2f;&amp;#x2f;www&amp;#x2e;king5&amp;#x2e;com&amp;#x2f;weather&amp;#x2f;cool-sunshine-for-christmas&amp;#x2f;373516074</topic_url>
<topic_text>
Rich Marriott, KING 3:50   A crisp and cold morning at Mount Si in Washington. (Photo: Steve Phelps)   
After a mostly wet Monday for most of Western Washington (and slushy snow in a few lowland areas), another weather system is moving in Monday night for more rain in the lowlands and a mix of rain and snow in the mountains. 
Gusty southerly winds and temperature are mostly in the 40s with some places towards the coast pushing 50. Snow level should rise to 3,000-4,000 feet late Monday. 
Tuesday should see off and on rain showers in the lowlands with a few afternoon sun breaks as high-pressure moves in. Snow levels will drop back to about 2,500 feet on Tuesday. 

High pressure will give us a sunny day on Wednesday, but showers will return on Thursday. Temperatures should be mostly in the low to mid 40s. 
As we head into the Christmas weekend, Friday should start to clear with partly sunny skies and only a couple of showers. Drier and cooler air will move in Saturday for a partly sunny day with highs back into the upper 30s and low 40s. There might be a few snow flurries up north towards Whatcom County, but like last weekend, they will mostly just be in the air. It should be dry, but cool for the Seahawks game Saturday afternoon. 

Christmas Day itself should be mostly sunny, but cold. Lows Christmas morning will be in the mid-20s to low-30s and afternoon highs will be in the mid to upper-30s - but a Christmas with some sunshine is an unusual gift!
</topic_text>
<spam_score>0.00</spam_score>
<post_num>1</post_num>
<post_id>post-1</post_id>
<post_url>http://rssfeeds.king5.com/_/20/109986286/king5/http&amp;#x3a;&amp;#x2f;&amp;#x2f;www&amp;#x2e;king5&amp;#x2e;com&amp;#x2f;weather&amp;#x2f;cool-sunshine-for-christmas&amp;#x2f;373516074</post_url>
<post_date>20161219</post_date>
<post_time>2350</post_time>
<username>Rich Marriott</username>
<post>
Rich Marriott, KING 3:50   A crisp and cold morning at Mount Si in Washington. (Photo: Steve Phelps)   
After a mostly wet Monday for most of Western Washington (and slushy snow in a few lowland areas), another weather system is moving in Monday night for more rain in the lowlands and a mix of rain and snow in the mountains. 
Gusty southerly winds and temperature are mostly in the 40s with some places towards the coast pushing 50. Snow level should rise to 3,000-4,000 feet late Monday. 
Tuesday should see off and on rain showers in the lowlands with a few afternoon sun breaks as high-pressure moves in. Snow levels will drop back to about 2,500 feet on Tuesday. 

High pressure will give us a sunny day on Wednesday, but showers will return on Thursday. Temperatures should be mostly in the low to mid 40s. 
As we head into the Christmas weekend, Friday should start to clear with partly sunny skies and only a couple of showers. Drier and cooler air will move in Saturday for a partly sunny day with highs back into the upper 30s and low 40s. There might be a few snow flurries up north towards Whatcom County, but like last weekend, they will mostly just be in the air. It should be dry, but cool for the Seahawks game Saturday afternoon. 

Christmas Day itself should be mostly sunny, but cold. Lows Christmas morning will be in the mid-20s to low-30s and afternoon highs will be in the mid to upper-30s - but a Christmas with some sunshine is an unusual gift!
</post>
<signature>

</signature>
<external_links>

</external_links>
<country>US</country>
<main_image>http://content.king5.com/photo/2016/12/19/mountsi_StevePhelps_1482191378843_7396715_ver1.0.jpg</main_image>
</document>
