<?xml version="1.0" encoding="UTF-8"?>
<document>
<type>mainstream</type>
<forum>http://www.energiadiario.com/publicacion/feed/</forum>
<forum_title>Energía Diario</forum_title>
<discussion_title>Discrepancias entre consejeros del CSN sobre las revisiones periódicas de la seguridad en las centrales nucleares</discussion_title>
<language>spanish</language>
<gmt_offset></gmt_offset>
<topic_url>http://www.energiadiario.com/publicacion/discrepancias-entre-consejeros-del-csn-sobre-las-revisiones-periodicas-de-la-seguridad-en-las-centrales-nucleares/</topic_url>
<topic_text>
Discrepancias entre consejeros del CSN sobre las revisiones periódicas de la seguridad en las centrales nucleares Publicado en dic 19 2016 - 8:29pm por Energía Diario 77 Etiquetado como Siete reactores nucleares volverán a funcionar en Francia antes de fin de mes 
Europa Press / EFE.- La revisión de la Guía de Seguridad del Consejo de Seguridad Nuclear (CSN) ha motivado discrepancias entre dos de los consejeros del órgano regulador, Cristina Narbona y Fernando Castelló, según consta en la explicación de su abstención y apoyo en las actas del último pleno de noviembre. Narbona justifica su abstención ya que no le parece bien que el CSN plantee “disociar” la revisión periódica de seguridad de las centrales, que se realiza cada diez años, del periodo de renovación de autorización para operar . 
Narbona admite que la actualización responde “sin duda” a una mejora de la seguridad, de acuerdo con el Organismo Internacional de la Energía Atómica (OIEA) pero considera que los “importantes” requerimientos deberían incorporarse a una instrucción de seguridad vinculante. Según manifiesta Narbona “en la memoria que acompaña el borrador no hay ningún argumento que justifique la disociación de las Revisiones del tiempo de explotación de la central”, siendo el plazo de 10 años de máximo en ambos casos. Narbona considera que el hecho de que la evaluación de seguridad y concesión de autorización para operar vayan acompasadas es una práctica “consolidada” en España y está en consonancia con el OIEA. 
Narbona señala que la asociación entre las revisiones y las autorizaciones de explotación fue resultado de numerosas y prolongadas deliberaciones del pleno durante 1999, tal y como se reflejó en las actas cuando por primera vez se concedió a Garoña una autorización de explotación por diez años. Por ello, cuestiona que “sin que haya mediado ningún debate en profundidad”, la mayoría del pleno acepte disociar las revisiones del periodo de renovación de la autorización de explotación, “contraviniendo así una buena práctica consolidada en España” en materia de seguridad nuclear y radiológica sin que exista ningún argumento técnico que lo recomiende”. 
La consejera critica que “la única referencia” en la que se basa el CSN para disociar ambos periodos son los comentarios internos recibidos de una reunión mantenida entre altos técnicos de este órgano y Unesa, en la que la patronal eléctrica propone la eliminación de la referencia a los diez años “por no ser coherente con el proceso de renovación de la autorización a la central de Garoña”. El CSN está ultimando el informe sobre la solicitud de la renovación de Garoña para 17 años, cerca del doble de lo habitual hasta ahora. De ser favorable, la central, en caso de que sea autorizada por el Gobierno, sería la primera planta en España que alcanza los 60 años (en 2031). 
Por su parte, el consejero Castelló considera que “ el análisis de la revisión periódica de seguridad es garantía razonable de que en el periodo siguiente de operación, las condiciones de seguridad se seguirán manteniendo”. Castelló subraya que la guía sigue recogiendo que “conviene la realización de una revisión de seguridad de al menos cada 10 años, independientemente del periodo por el cual el Ministerio otorgue la renovación de la autorización de explotación”. Agrega el consejero que en el caso de Garoña, “la aplicación de los requisitos a la instalación no se altera ya que la instrucción del CSN sobre requisitos de seguridad para la gestión del envejecimiento y la operación a largo plazo de las centrales nucleares está en vigor”. 
Ambos consejeros mantuvieron otro desencuentro en el pleno a raíz de la propuesta presentada por Narbona para que antes de decidir la prolongación de la vida útil de las centrales hasta los 60 años, se monte una comisión de expertos internacionales que analicen las implicaciones de esta medida en todos los ámbitos, especialmente en el económico por la mayor generación de residuos. Además, ha pedido una Comisión asesora ad hoc que asesore técnicamente sobre Garoña. Castelló responde a la propuesta que el CSN “no está para hacer política energética”, ya que eso le corresponde al Ministerio de Energía . El CSN está actualmente integrado por cinco consejeros, tres de los cuales fueron propuestos por el PP y dos por el PSOE. 
Una vez expuesta su propuesta, el consejero Javier Dies Llovera ha reprochado a Narbona que su propuesta es “similar” a la formulada por Ecologistas en Acción y Greenpeace en el Comité Asesor. En ese sentido, subrayó que al CSN “le toca” centrarse en la seguridad nuclear y la protección radiológica para incrementar su eficacia de gestión y recordó que en el pasado un ministro de Industria creó una mesa de debate sobre energía nuclear parecido al propuesto ahora por Narbona. Sobre el Autor
</topic_text>
<spam_score>0.00</spam_score>
<post_num>1</post_num>
<post_id>post-1</post_id>
<post_url>http://www.energiadiario.com/publicacion/discrepancias-entre-consejeros-del-csn-sobre-las-revisiones-periodicas-de-la-seguridad-en-las-centrales-nucleares/</post_url>
<post_date>20161219</post_date>
<post_time>2029</post_time>
<username>Energía Diario</username>
<post>
Discrepancias entre consejeros del CSN sobre las revisiones periódicas de la seguridad en las centrales nucleares Publicado en dic 19 2016 - 8:29pm por Energía Diario 77 Etiquetado como Siete reactores nucleares volverán a funcionar en Francia antes de fin de mes 
Europa Press / EFE.- La revisión de la Guía de Seguridad del Consejo de Seguridad Nuclear (CSN) ha motivado discrepancias entre dos de los consejeros del órgano regulador, Cristina Narbona y Fernando Castelló, según consta en la explicación de su abstención y apoyo en las actas del último pleno de noviembre. Narbona justifica su abstención ya que no le parece bien que el CSN plantee “disociar” la revisión periódica de seguridad de las centrales, que se realiza cada diez años, del periodo de renovación de autorización para operar . 
Narbona admite que la actualización responde “sin duda” a una mejora de la seguridad, de acuerdo con el Organismo Internacional de la Energía Atómica (OIEA) pero considera que los “importantes” requerimientos deberían incorporarse a una instrucción de seguridad vinculante. Según manifiesta Narbona “en la memoria que acompaña el borrador no hay ningún argumento que justifique la disociación de las Revisiones del tiempo de explotación de la central”, siendo el plazo de 10 años de máximo en ambos casos. Narbona considera que el hecho de que la evaluación de seguridad y concesión de autorización para operar vayan acompasadas es una práctica “consolidada” en España y está en consonancia con el OIEA. 
Narbona señala que la asociación entre las revisiones y las autorizaciones de explotación fue resultado de numerosas y prolongadas deliberaciones del pleno durante 1999, tal y como se reflejó en las actas cuando por primera vez se concedió a Garoña una autorización de explotación por diez años. Por ello, cuestiona que “sin que haya mediado ningún debate en profundidad”, la mayoría del pleno acepte disociar las revisiones del periodo de renovación de la autorización de explotación, “contraviniendo así una buena práctica consolidada en España” en materia de seguridad nuclear y radiológica sin que exista ningún argumento técnico que lo recomiende”. 
La consejera critica que “la única referencia” en la que se basa el CSN para disociar ambos periodos son los comentarios internos recibidos de una reunión mantenida entre altos técnicos de este órgano y Unesa, en la que la patronal eléctrica propone la eliminación de la referencia a los diez años “por no ser coherente con el proceso de renovación de la autorización a la central de Garoña”. El CSN está ultimando el informe sobre la solicitud de la renovación de Garoña para 17 años, cerca del doble de lo habitual hasta ahora. De ser favorable, la central, en caso de que sea autorizada por el Gobierno, sería la primera planta en España que alcanza los 60 años (en 2031). 
Por su parte, el consejero Castelló considera que “ el análisis de la revisión periódica de seguridad es garantía razonable de que en el periodo siguiente de operación, las condiciones de seguridad se seguirán manteniendo”. Castelló subraya que la guía sigue recogiendo que “conviene la realización de una revisión de seguridad de al menos cada 10 años, independientemente del periodo por el cual el Ministerio otorgue la renovación de la autorización de explotación”. Agrega el consejero que en el caso de Garoña, “la aplicación de los requisitos a la instalación no se altera ya que la instrucción del CSN sobre requisitos de seguridad para la gestión del envejecimiento y la operación a largo plazo de las centrales nucleares está en vigor”. 
Ambos consejeros mantuvieron otro desencuentro en el pleno a raíz de la propuesta presentada por Narbona para que antes de decidir la prolongación de la vida útil de las centrales hasta los 60 años, se monte una comisión de expertos internacionales que analicen las implicaciones de esta medida en todos los ámbitos, especialmente en el económico por la mayor generación de residuos. Además, ha pedido una Comisión asesora ad hoc que asesore técnicamente sobre Garoña. Castelló responde a la propuesta que el CSN “no está para hacer política energética”, ya que eso le corresponde al Ministerio de Energía . El CSN está actualmente integrado por cinco consejeros, tres de los cuales fueron propuestos por el PP y dos por el PSOE. 
Una vez expuesta su propuesta, el consejero Javier Dies Llovera ha reprochado a Narbona que su propuesta es “similar” a la formulada por Ecologistas en Acción y Greenpeace en el Comité Asesor. En ese sentido, subrayó que al CSN “le toca” centrarse en la seguridad nuclear y la protección radiológica para incrementar su eficacia de gestión y recordó que en el pasado un ministro de Industria creó una mesa de debate sobre energía nuclear parecido al propuesto ahora por Narbona. Sobre el Autor
</post>
<signature>

</signature>
<external_links>

</external_links>
<country>ES</country>
<main_image>http://www.energiadiario.com/publicacion/wp-content/uploads/2016/02/Nuclear-Garoña-2-150x150.jpg</main_image>
</document>
