<?xml version="1.0" encoding="UTF-8"?>
<document>
<type>mainstream</type>
<forum>http://posttoday.com//rss/src/breakingnews.xml</forum>
<forum_title>Posttoday.com : Breaking News</forum_title>
<discussion_title>สังหารทูตรัสเซียประจำตุรกี</discussion_title>
<language>thai</language>
<gmt_offset></gmt_offset>
<topic_url>http://www.posttoday.com/world/news/471068</topic_url>
<topic_text>
เกิดเหตุมือปืนสังหารอังเดรย์ คาร์ลอฟ เอกอัครราชทูตรัสเซียประจำตุรกี ด้วยการยิงจากด้านหลัง โดยเหตุการณ์เกิดขึ้นระหว่างกำลังกล่าวเปิดงานนิทรรศการแสดงภาพถ่ายในกรุงอังการา ตุรกี 
สำนักข่าวอานาโดลูของตุรกีเปิดเผยว่า มือปืนได้ถูกกำจัดภายหลังเกิดเหตุ ทว่า ยังไม่ทราบสถานะที่แน่ชัดว่าถูกวิสามัญหรือจับกุมตัวได้ ขณะที่สำนักข่าวต่างประเทศหลายแห่งรายงานว่า มือปืนได้เสียชีวิตจากการวิสามัญของเจ้าหน้าที่ตำรวจ 
สำนักข่าวซีเอ็นเอ็น รายงานว่า ตำรวจได้ปิดล้อมพื้นที่เกิดเหตุทันที และยังได้ยินมือปืนตะโกน ใจความว่า “พระเจ้าผู้ยิ่งใหญ่ อย่าได้ลืมอเลปโป! อย่าได้ลืมซีเรีย! อย่าได้ลืมอเลปโป! อย่าได้ลืมซีเรีย!” และ “มีแค่ความตายที่จะหยุดผมได้ ใครก็ตามที่มีส่วนเกี่ยวข้องกับการกดขี่นี้ จะต้องชดใช้” 
ด้านสำนักข่าวรอยเตอร์ส รายงานอ้างเจ้าหน้าที่ด้านความมั่นคงของตุรกี ว่า มือปืนคนดังกล่าวเป็นเจ้าหน้าที่ตำรวจที่ทำงานอยู่ในกรุงอังการา 
ทั้งนี้ การโจมตีดังกล่าวเกิดขึ้นท่ามกลางการประท้วงบทบาทของรัสเซียต่อสงครามกลางเมืองซีเรีย โดยรัสเซียให้ความช่วยเหลือรัฐบาลซีเรีย ขณะที่ตุรกีนั้น สนับสนุนขั้วตรงข้ามกับรัสเซีย 
คาร์ลอฟ เอกอัครราชทูตรัสเซียคนดังกล่าว ได้รับตำแหน่งเอกอัครราชทูตประจำตุรกีในปี 2013 และยังเคยทำงานเกี่ยวกับเกาหลีเหนือมามากกว่า 20 ปี นาย อังเดรย์ คาร์ลอฟ เอกอัครราชทูตรัสเซียประจำตุรกี
</topic_text>
<spam_score>0.00</spam_score>
<post_num>1</post_num>
<post_id>post-1</post_id>
<post_url>http://www.posttoday.com/world/news/471068</post_url>
<post_date>20161219</post_date>
<post_time>2250</post_time>
<username></username>
<post>
เกิดเหตุมือปืนสังหารอังเดรย์ คาร์ลอฟ เอกอัครราชทูตรัสเซียประจำตุรกี ด้วยการยิงจากด้านหลัง โดยเหตุการณ์เกิดขึ้นระหว่างกำลังกล่าวเปิดงานนิทรรศการแสดงภาพถ่ายในกรุงอังการา ตุรกี 
สำนักข่าวอานาโดลูของตุรกีเปิดเผยว่า มือปืนได้ถูกกำจัดภายหลังเกิดเหตุ ทว่า ยังไม่ทราบสถานะที่แน่ชัดว่าถูกวิสามัญหรือจับกุมตัวได้ ขณะที่สำนักข่าวต่างประเทศหลายแห่งรายงานว่า มือปืนได้เสียชีวิตจากการวิสามัญของเจ้าหน้าที่ตำรวจ 
สำนักข่าวซีเอ็นเอ็น รายงานว่า ตำรวจได้ปิดล้อมพื้นที่เกิดเหตุทันที และยังได้ยินมือปืนตะโกน ใจความว่า “พระเจ้าผู้ยิ่งใหญ่ อย่าได้ลืมอเลปโป! อย่าได้ลืมซีเรีย! อย่าได้ลืมอเลปโป! อย่าได้ลืมซีเรีย!” และ “มีแค่ความตายที่จะหยุดผมได้ ใครก็ตามที่มีส่วนเกี่ยวข้องกับการกดขี่นี้ จะต้องชดใช้” 
ด้านสำนักข่าวรอยเตอร์ส รายงานอ้างเจ้าหน้าที่ด้านความมั่นคงของตุรกี ว่า มือปืนคนดังกล่าวเป็นเจ้าหน้าที่ตำรวจที่ทำงานอยู่ในกรุงอังการา 
ทั้งนี้ การโจมตีดังกล่าวเกิดขึ้นท่ามกลางการประท้วงบทบาทของรัสเซียต่อสงครามกลางเมืองซีเรีย โดยรัสเซียให้ความช่วยเหลือรัฐบาลซีเรีย ขณะที่ตุรกีนั้น สนับสนุนขั้วตรงข้ามกับรัสเซีย 
คาร์ลอฟ เอกอัครราชทูตรัสเซียคนดังกล่าว ได้รับตำแหน่งเอกอัครราชทูตประจำตุรกีในปี 2013 และยังเคยทำงานเกี่ยวกับเกาหลีเหนือมามากกว่า 20 ปี นาย อังเดรย์ คาร์ลอฟ เอกอัครราชทูตรัสเซียประจำตุรกี
</post>
<signature>

</signature>
<external_links>

</external_links>
<country>TH</country>
<main_image>http://www.posttoday.com/media/content/2016/12/20/AAADD94C38ED45299A1FC93B341C376C.jpg</main_image>
</document>
