<?xml version="1.0" encoding="UTF-8"?>
<document>
<type>mainstream</type>
<forum>http://www.nbc-2.com/category/170695/weird-news?clienttype=rss</forum>
<forum_title>NBC2 News - Weird News</forum_title>
<discussion_title>Officials: Native dreamcatchers used in meth smuggling bid</discussion_title>
<language>english</language>
<gmt_offset></gmt_offset>
<topic_url>http://www.nbc-2.com/story/34089707/officials-native-dreamcatchers-used-in-meth-smuggling-bid</topic_url>
<topic_text>
More &gt;&gt; 
COLUMBUS, N.M. (AP) - A Mexican woman tried to smuggle liquid methamphetamine into the U.S. by hiding it inside Native American-style dreamcatchers when she crossed the border into New Mexico over the weekend, federal officials said Monday. 
U.S. Customs and Border Protection officials said the woman was detained Sunday in Columbus, New Mexico when she crossed from Puerto Palomas, Mexico, and a drug-sniffing dog alerted customs officers. 
The officers found six dreamcatchers in the woman&apos;s car with rings made of rubber tubing filled with a liquid that tested positive for methamphetamine, the officials said. 
Dreamcatchers, hoops of willow and feathers typically made by American Indians in the Great Plains, are intended to protect sleepers from bad dreams. 
The woman, from Nuevo Casas Grandes in Mexico&apos;s Chihuahua state, was handed over to Department of Homeland Security agents. Her name was not released. 
Officials said she was traveling with her eight-year-old and one-year-old daughters. The children were handed over by agents to a relative of the woman. 
Robert Reza, director of the Columbus Port of Entry, said smugglers frequently conceal drugs in soft drink cans, framed artwork and other seemingly innocent items 
&quot;This is one of the most unusual smuggling episodes we have ever encountered,&quot; Reza said. 
U.S. border customs officials in Arizona last June arrested a 19-year-old man after agents he allegedly tried to cross the border with drugs disguised as tamales. 
The purported tamales contained about $3,000 worth of methamphetamine, officials said. Copyright 2016 The Associated Press. All rights reserved. This material may not be published, broadcast, rewritten or redistributed. Can&apos;t Find Something?
</topic_text>
<spam_score>0.00</spam_score>
<post_num>1</post_num>
<post_id>post-1</post_id>
<post_url>http://www.nbc-2.com/story/34089707/officials-native-dreamcatchers-used-in-meth-smuggling-bid</post_url>
<post_date>20161219</post_date>
<post_time>2011</post_time>
<username></username>
<post>
More &gt;&gt; 
COLUMBUS, N.M. (AP) - A Mexican woman tried to smuggle liquid methamphetamine into the U.S. by hiding it inside Native American-style dreamcatchers when she crossed the border into New Mexico over the weekend, federal officials said Monday. 
U.S. Customs and Border Protection officials said the woman was detained Sunday in Columbus, New Mexico when she crossed from Puerto Palomas, Mexico, and a drug-sniffing dog alerted customs officers. 
The officers found six dreamcatchers in the woman&apos;s car with rings made of rubber tubing filled with a liquid that tested positive for methamphetamine, the officials said. 
Dreamcatchers, hoops of willow and feathers typically made by American Indians in the Great Plains, are intended to protect sleepers from bad dreams. 
The woman, from Nuevo Casas Grandes in Mexico&apos;s Chihuahua state, was handed over to Department of Homeland Security agents. Her name was not released. 
Officials said she was traveling with her eight-year-old and one-year-old daughters. The children were handed over by agents to a relative of the woman. 
Robert Reza, director of the Columbus Port of Entry, said smugglers frequently conceal drugs in soft drink cans, framed artwork and other seemingly innocent items 
&quot;This is one of the most unusual smuggling episodes we have ever encountered,&quot; Reza said. 
U.S. border customs officials in Arizona last June arrested a 19-year-old man after agents he allegedly tried to cross the border with drugs disguised as tamales. 
The purported tamales contained about $3,000 worth of methamphetamine, officials said. Copyright 2016 The Associated Press. All rights reserved. This material may not be published, broadcast, rewritten or redistributed. Can&apos;t Find Something?
</post>
<signature>

</signature>
<external_links>

</external_links>
<country>US</country>
<main_image>http://ftpcontent.worldnow.com/wncustom/custom/wbbh/2015/images/wbbh-og-image.jpg</main_image>
</document>
