<?xml version="1.0" encoding="UTF-8"?>
<document>
<type>mainstream</type>
<forum></forum>
<forum_title></forum_title>
<discussion_title>Oil producers rise on higher crude oil prices</discussion_title>
<language>english</language>
<gmt_offset></gmt_offset>
<topic_url>http://markets.financialcontent.com/stocks/news/read/33465207/Oil_producers_rise_on_higher_crude_oil_prices</topic_url>
<topic_text>
December 19, 2016 at 17:27 PM EST Oil producers rise on higher crude oil prices Nasdaq quotes delayed at least 15 minutes, all others at least 20 minutes. By accessing this page, you agree to the following Press Release Service provided by PRConnect. Stock quotes supplied by Six Financial 
</topic_text>
<spam_score>0.53</spam_score>
<post_num>1</post_num>
<post_id>post-1</post_id>
<post_url>http://markets.financialcontent.com/stocks/news/read/33465207/Oil_producers_rise_on_higher_crude_oil_prices</post_url>
<post_date>20161219</post_date>
<post_time></post_time>
<username>Marketminute.Com Stock News</username>
<post>
December 19, 2016 at 17:27 PM EST Oil producers rise on higher crude oil prices Nasdaq quotes delayed at least 15 minutes, all others at least 20 minutes. By accessing this page, you agree to the following Press Release Service provided by PRConnect. Stock quotes supplied by Six Financial 
</post>
<signature>

</signature>
<external_links>

</external_links>
<country>US</country>
<main_image></main_image>
</document>
