<?xml version="1.0" encoding="UTF-8"?>
<document>
<type>mainstream</type>
<forum>http://rostovnadonu.bezformata.ru/rss.xml</forum>
<forum_title>Новости города БезФормата.Ru Ростовская область Ростов-на-Дону</forum_title>
<discussion_title>Состоялась рабочая встреча благочинного Таганрогского округа с представителями родительского комитета Новочеркасского казачьего корпуса</discussion_title>
<language>russian</language>
<gmt_offset></gmt_offset>
<topic_url>http://rostovnadonu.bezformata.ru/listnews/komiteta-novocherkasskogo-kazachego/53373424/</topic_url>
<topic_text>
Фото: rostoveparhia.ru 
19 декабря 2016 года, в день памяти святителя Николая, архиепископа Мир Ликийских, Чудотворца, по окончании Божественной литургии состоялась встреча благочинного приходов Таганрогского округа протоиерея Алексея Лысикова с атаманом таганрогского городского казачьего общества, казачьим полковником С.И. Чаленко и представителями родительского комитета учащихся Новочеркасского имени императора Александра III казачьего кадетского корпуса. 
В ходе встречи были обсуждены перспективы сотрудничества благочиния и казачества в деле воспитания подрастающего поколения казаков в духе традиционных для нашего края православных духовных и культурных ценностей. 
Было принято решение более детально проработать маршруты экскурсий для учащихся казачьих классов к святыням г. Таганрога и Ростовской области. Атаман и родители казачат выразили благодарность священнослужителем благочиния за поддержку в деле возрождения и становления казачьих духовных традиций и образа жизни в таганрогском округе.
</topic_text>
<spam_score>0.00</spam_score>
<post_num>1</post_num>
<post_id>post-1</post_id>
<post_url>http://rostovnadonu.bezformata.ru/listnews/komiteta-novocherkasskogo-kazachego/53373424/</post_url>
<post_date>20161219</post_date>
<post_time>1907</post_time>
<username></username>
<post>
Фото: rostoveparhia.ru 
19 декабря 2016 года, в день памяти святителя Николая, архиепископа Мир Ликийских, Чудотворца, по окончании Божественной литургии состоялась встреча благочинного приходов Таганрогского округа протоиерея Алексея Лысикова с атаманом таганрогского городского казачьего общества, казачьим полковником С.И. Чаленко и представителями родительского комитета учащихся Новочеркасского имени императора Александра III казачьего кадетского корпуса. 
В ходе встречи были обсуждены перспективы сотрудничества благочиния и казачества в деле воспитания подрастающего поколения казаков в духе традиционных для нашего края православных духовных и культурных ценностей. 
Было принято решение более детально проработать маршруты экскурсий для учащихся казачьих классов к святыням г. Таганрога и Ростовской области. Атаман и родители казачат выразили благодарность священнослужителем благочиния за поддержку в деле возрождения и становления казачьих духовных традиций и образа жизни в таганрогском округе.
</post>
<signature>

</signature>
<external_links>

</external_links>
<country>RU</country>
<main_image>http://rostovnadonu.bezformata.ru/content/image223114319.jpg</main_image>
</document>
