<?xml version="1.0" encoding="UTF-8"?>
<document>
<type>mainstream</type>
<forum>http://feeds.feedburner.com/EuNews-GoogleNews</forum>
<forum_title>eu news - Google News</forum_title>
<discussion_title>EU extends economic sanctions against Russia - POLITICO.eu</discussion_title>
<language>english</language>
<gmt_offset></gmt_offset>
<topic_url>http://www.politico.eu/article/eu-extends-economic-sanctions-against-russia-2/</topic_url>
<topic_text>
Updated 12/19/16, 3:42 PM CET 
EU governments Monday extended economic sanctions against Russia until mid-2017, noting that the conditions of the Minsk peace deal have not been met. 
The restrictions, which were due to expire on January 31, were prolonged to July 31. 
Brussels imposed the measures in 2014 “in response to Russia’s actions destabilizing the situation in Ukraine,” a press release by the Council said. The EU has accused Russia of supporting heavily armed separatists in the east of the country. 
The sanctions put an embargo on the import and export of certain energy-related equipment and military material, and target five major state-owned Russian banks as well as some defense and energy companies. 
The EU has stressed that any abolition of the sanctions, which have been repeatedly extended in intervals of six months, requires the fulfillment of the Minsk peace agreement. EU leaders agreed at last week’s European Council that these requirements have not been met. 
Another set of individual sanctions, targeting 152 people and 37 companies or other entities in Russia, is up for review early next year. Authors:
</topic_text>
<spam_score>0.00</spam_score>
<post_num>1</post_num>
<post_id>post-1</post_id>
<post_url>http://www.politico.eu/article/eu-extends-economic-sanctions-against-russia-2/</post_url>
<post_date>20161219</post_date>
<post_time>1446</post_time>
<username></username>
<post>
Updated 12/19/16, 3:42 PM CET 
EU governments Monday extended economic sanctions against Russia until mid-2017, noting that the conditions of the Minsk peace deal have not been met. 
The restrictions, which were due to expire on January 31, were prolonged to July 31. 
Brussels imposed the measures in 2014 “in response to Russia’s actions destabilizing the situation in Ukraine,” a press release by the Council said. The EU has accused Russia of supporting heavily armed separatists in the east of the country. 
The sanctions put an embargo on the import and export of certain energy-related equipment and military material, and target five major state-owned Russian banks as well as some defense and energy companies. 
The EU has stressed that any abolition of the sanctions, which have been repeatedly extended in intervals of six months, requires the fulfillment of the Minsk peace agreement. EU leaders agreed at last week’s European Council that these requirements have not been met. 
Another set of individual sanctions, targeting 152 people and 37 companies or other entities in Russia, is up for review early next year. Authors:
</post>
<signature>

</signature>
<external_links>

</external_links>
<country>US</country>
<main_image>http://www.politico.eu/wp-content/uploads/2016/01/GettyImages-469893202-1200x628.jpg</main_image>
</document>
