<?xml version="1.0" encoding="UTF-8"?>
<document>
<type>mainstream</type>
<forum>http://rostovnadonu.bezformata.ru/rss.xml</forum>
<forum_title>Новости города БезФормата.Ru Ростовская область Ростов-на-Дону</forum_title>
<discussion_title>Сестры сестричества Кафедрального собора Рождества Пресвятой Богородицы в честь св. Елисаветы Романовой оказывают помощь пациентам терапевтического отделения МБУЗ ГБ №4 г. Ростова-на-Дону</discussion_title>
<language>russian</language>
<gmt_offset></gmt_offset>
<topic_url>http://rostovnadonu.bezformata.ru/listnews/sestrichestva-kafedralnogo-sobora/53375055/</topic_url>
<topic_text>
Фото: rostoveparhia.ru 
Сестры сестричества Кафедрального собора Рождества Пресвятой Богородицы в честь св. прмц. влк.кн. Елисаветы Феодоровны Романовой два раза в неделю посещают терапевтическое отделение МБУЗ ГБ №4 г. Ростова-на-Дону, оказывают патронажный уход за больными и духовное окормление страждущих. Обеспечивают их самым необходимым, одеждой, обувью, лекарствами, питанием. Подопечными сестер чаще всего оказываются одинокие, бездомные, тяжело больные люди, не имеющие близких, способных о них позаботиться. Сестричество приглашает к сотрудничеству всех неравнодушных, способных оказать хоть какую-то помощь. Напоминаем, что помимо больницы на попечении сестричества находятся более 30 семей (около 80 человек) многодетных, одиноких, престарелых и инвалидов, нуждающихся в помощи и внимании со стороны окружающих. Сестричество с молитвой о своих жертвователях и глубокой благодарностью примет продукты, средства гигиены (одноразовые подгузники, взрослые и детские), бытовую химию (детский стиральный порошок), а также продукты быстрого приготовления (доширак, биг ланч, роллтон). Все перечисленное мы с радостью примем в офисе Социального отдела Кафедрального собора на Станиславского, 58, с 10.00 до 16.00, ежедневно. Также вы можете сделать посильное пожертвование на номер карты сбербанка 4276 5200 7745 2494. По вопросам сотрудничества и благотворительности звонить по тел: +79897258124 Алиса, +79515326015 Екатерина.
</topic_text>
<spam_score>0.00</spam_score>
<post_num>1</post_num>
<post_id>post-1</post_id>
<post_url>http://rostovnadonu.bezformata.ru/listnews/sestrichestva-kafedralnogo-sobora/53375055/</post_url>
<post_date>20161219</post_date>
<post_time>2238</post_time>
<username></username>
<post>
Фото: rostoveparhia.ru 
Сестры сестричества Кафедрального собора Рождества Пресвятой Богородицы в честь св. прмц. влк.кн. Елисаветы Феодоровны Романовой два раза в неделю посещают терапевтическое отделение МБУЗ ГБ №4 г. Ростова-на-Дону, оказывают патронажный уход за больными и духовное окормление страждущих. Обеспечивают их самым необходимым, одеждой, обувью, лекарствами, питанием. Подопечными сестер чаще всего оказываются одинокие, бездомные, тяжело больные люди, не имеющие близких, способных о них позаботиться. Сестричество приглашает к сотрудничеству всех неравнодушных, способных оказать хоть какую-то помощь. Напоминаем, что помимо больницы на попечении сестричества находятся более 30 семей (около 80 человек) многодетных, одиноких, престарелых и инвалидов, нуждающихся в помощи и внимании со стороны окружающих. Сестричество с молитвой о своих жертвователях и глубокой благодарностью примет продукты, средства гигиены (одноразовые подгузники, взрослые и детские), бытовую химию (детский стиральный порошок), а также продукты быстрого приготовления (доширак, биг ланч, роллтон). Все перечисленное мы с радостью примем в офисе Социального отдела Кафедрального собора на Станиславского, 58, с 10.00 до 16.00, ежедневно. Также вы можете сделать посильное пожертвование на номер карты сбербанка 4276 5200 7745 2494. По вопросам сотрудничества и благотворительности звонить по тел: +79897258124 Алиса, +79515326015 Екатерина.
</post>
<signature>

</signature>
<external_links>

</external_links>
<country>RU</country>
<main_image>http://rostovnadonu.bezformata.ru/content/image223124683.jpg</main_image>
</document>
