<?xml version="1.0" encoding="UTF-8"?>
<document>
<type>mainstream</type>
<forum>http://www.nieuws.be/rss/nieuws/Regio.rss</forum>
<forum_title>Nieuws.be - Rubriek &apos;Regio&apos;</forum_title>
<discussion_title>Twee dagen kerstmarkt in Monnikenhof</discussion_title>
<language>dutch</language>
<gmt_offset></gmt_offset>
<topic_url>http://www.nieuws.be/nieuws/Twee_dagen_kerstmarkt_in_Monnikenhof_06eaf4af.aspx</topic_url>
<topic_text>
Twee dagen kerstmarkt in Monnikenhof Foutieve link geregistreerd Mail een vriend(in) In uw e-mail worden de titel en de link van het artikel meegestuurd. Indien gewenst kunt u een persoonlijke boodschap aan het bericht toevoegen. Uw naam:
</topic_text>
<spam_score>0.00</spam_score>
<post_num>1</post_num>
<post_id>post-1</post_id>
<post_url>http://www.nieuws.be/nieuws/Twee_dagen_kerstmarkt_in_Monnikenhof_06eaf4af.aspx</post_url>
<post_date>20161219</post_date>
<post_time>2054</post_time>
<username>Nieuws.be</username>
<post>
Twee dagen kerstmarkt in Monnikenhof Foutieve link geregistreerd Mail een vriend(in) In uw e-mail worden de titel en de link van het artikel meegestuurd. Indien gewenst kunt u een persoonlijke boodschap aan het bericht toevoegen. Uw naam:
</post>
<signature>

</signature>
<external_links>

</external_links>
<country>BE</country>
<main_image></main_image>
</document>
