<?xml version="1.0" encoding="UTF-8"?>
<document>
<type>mainstream</type>
<forum>http://www.secondcityhockey.com/rss/index.rdf</forum>
<forum_title>Second City Hockey -  All Posts</forum_title>
<discussion_title>Artemi Panarin named NHL’s first star of the week</discussion_title>
<language>english</language>
<gmt_offset></gmt_offset>
<topic_url>http://www.secondcityhockey.com/2016/12/19/14010026/artemi-panarin-named-nhls-first-star-of-the-week</topic_url>
<topic_text>
Rec Photo by Bruce Bennett/Getty Images It’s been a good time for Chicago Blackhawks rookies , hasn’t it? And not just this year - let’s not forget Artemi Panarin won the 2016 Calder Trophy as the NHL’s top rookie last season, too. Panarin, then 24, just barely squeaked under the age limits to win the Calder. But he was eligible, and he scored 77 points in 80 games, so. And that scoring hasn’t dried up in the slightest. After putting up seven assists and 10 points in four games this past week - all multi-point games - he’s been named the NHL’s first star of the week. It’s not like there was anybody better out there this past week, now was there? Panarin now has 34 points in 34 games this season, taking over for the Hawks’ scoring lead. What a player. With his scoring explosion as of late, he’s been key in their latest five-game winning streak, which sees them sit atop the Western Conference. Second_City_Hockey_minimal
</topic_text>
<spam_score>0.00</spam_score>
<post_num>1</post_num>
<post_id>post-1</post_id>
<post_url>http://www.secondcityhockey.com/2016/12/19/14010026/artemi-panarin-named-nhls-first-star-of-the-week</post_url>
<post_date>20161219</post_date>
<post_time>1920</post_time>
<username>Ari Yanover</username>
<post>
Rec Photo by Bruce Bennett/Getty Images It’s been a good time for Chicago Blackhawks rookies , hasn’t it? And not just this year - let’s not forget Artemi Panarin won the 2016 Calder Trophy as the NHL’s top rookie last season, too. Panarin, then 24, just barely squeaked under the age limits to win the Calder. But he was eligible, and he scored 77 points in 80 games, so. And that scoring hasn’t dried up in the slightest. After putting up seven assists and 10 points in four games this past week - all multi-point games - he’s been named the NHL’s first star of the week. It’s not like there was anybody better out there this past week, now was there? Panarin now has 34 points in 34 games this season, taking over for the Hawks’ scoring lead. What a player. With his scoring explosion as of late, he’s been key in their latest five-game winning streak, which sees them sit atop the Western Conference. Second_City_Hockey_minimal
</post>
<signature>

</signature>
<external_links>

</external_links>
<country>US</country>
<main_image>https://cdn0.vox-cdn.com/thumbor/1vL-MB9OhMjlksaYG9QpQ4ynXao=/0x167:2820x1753/1600x900/cdn0.vox-cdn.com/uploads/chorus_image/image/52361607/630002502.0.jpeg</main_image>
</document>
