<?xml version="1.0" encoding="UTF-8"?>
<document>
<type>mainstream</type>
<forum>http://wartakota.tribunnews.com/rss</forum>
<forum_title>Wartakota</forum_title>
<discussion_title>Mendagri Pastikan Ahok Diberhentikan Sementara dan Tunjuk Djarot Plt Gubernur DKI</discussion_title>
<language>indonesian</language>
<gmt_offset></gmt_offset>
<topic_url>http://wartakota.tribunnews.com/2016/12/20/mendagri-pastikan-ahok-diberhentikan-sementara-dan-tunjuk-djarot-plt-gubernur-dki</topic_url>
<topic_text>
Sidang Ahok Mendagri Pastikan Ahok Diberhentikan Sementara dan Tunjuk Djarot Plt Gubernur DKI Menteri Dalam Negeri, Tjahjo Kumolo menyebut bahwa pemberhentian sementara tersebut agar kepala daerah dapat fokus untuk menjalani persidangan. Selasa, 20 Desember 2016 05:38 KOMPAS.com / Wijaya Kusuma Menteri Dalam Negeri Tjahjo Kumolo usai menghadiri acara Peringatan Hari Otda 2016 di Alun-alun Wates Kulonprogo,Senin (25/04/2016) menyampaikan, Kulonprogo juara pertama karena punya keunggulan program bedah rumah tanpa APBD. 
WARTA KOTA, PALMERAH-- Gubernur DKI Jakarta nonaktif, Basuki Tjahaja Purnama saat ini menjalani proses sidang atas kasus dugaan penistaan agama sebagai terdakwa. 
Menteri Dalam Negeri, Tjahjo Kumolo menyebut bahwa pemberhentian sementara tersebut agar kepala daerah dapat fokus untuk menjalani persidangan. 
Sementara wakil kepala daerah akan menjalani fungsi sebagai pelaksana tugas hingga ada putusan yang berkekuatan hukum tetap. 
&quot;Pemberhentian sementara Ahok, agar dia bisa fokus sidang. Jadi nanti Pak Djarot yang menggantikan sebagai Plt,&quot; jelasnya saat ditemui di Kampus UNJ, Jakarta, Senin (19/12/2016) 
Namun begitu, Tjahjo menjelaskan belum dapat melakukan pemberhentian sementara Ahok karena yang bersangkutan masih menjalani cuti kampanye selama tahapan Pilkada DKI Jakarta. 
Terlebih, saat ini Kementerian Dalam Negeri belum mendapatkan surat Nomor Registrasi Perkara dari Pengadilan Negeri Jakarta Utara yang sedang menyidangkan kasus dugaan penistaan agama. 
&quot;Belum bisa sekarang, dia kan masih cuti kampanye, nanti menunggu selesai masa kampanye,&quot; kata Tjahjo Ikuti kami di
</topic_text>
<spam_score>0.00</spam_score>
<post_num>1</post_num>
<post_id>post-1</post_id>
<post_url>http://wartakota.tribunnews.com/2016/12/20/mendagri-pastikan-ahok-diberhentikan-sementara-dan-tunjuk-djarot-plt-gubernur-dki</post_url>
<post_date>20161219</post_date>
<post_time>2238</post_time>
<username></username>
<post>
Sidang Ahok Mendagri Pastikan Ahok Diberhentikan Sementara dan Tunjuk Djarot Plt Gubernur DKI Menteri Dalam Negeri, Tjahjo Kumolo menyebut bahwa pemberhentian sementara tersebut agar kepala daerah dapat fokus untuk menjalani persidangan. Selasa, 20 Desember 2016 05:38 KOMPAS.com / Wijaya Kusuma Menteri Dalam Negeri Tjahjo Kumolo usai menghadiri acara Peringatan Hari Otda 2016 di Alun-alun Wates Kulonprogo,Senin (25/04/2016) menyampaikan, Kulonprogo juara pertama karena punya keunggulan program bedah rumah tanpa APBD. 
WARTA KOTA, PALMERAH-- Gubernur DKI Jakarta nonaktif, Basuki Tjahaja Purnama saat ini menjalani proses sidang atas kasus dugaan penistaan agama sebagai terdakwa. 
Menteri Dalam Negeri, Tjahjo Kumolo menyebut bahwa pemberhentian sementara tersebut agar kepala daerah dapat fokus untuk menjalani persidangan. 
Sementara wakil kepala daerah akan menjalani fungsi sebagai pelaksana tugas hingga ada putusan yang berkekuatan hukum tetap. 
&quot;Pemberhentian sementara Ahok, agar dia bisa fokus sidang. Jadi nanti Pak Djarot yang menggantikan sebagai Plt,&quot; jelasnya saat ditemui di Kampus UNJ, Jakarta, Senin (19/12/2016) 
Namun begitu, Tjahjo menjelaskan belum dapat melakukan pemberhentian sementara Ahok karena yang bersangkutan masih menjalani cuti kampanye selama tahapan Pilkada DKI Jakarta. 
Terlebih, saat ini Kementerian Dalam Negeri belum mendapatkan surat Nomor Registrasi Perkara dari Pengadilan Negeri Jakarta Utara yang sedang menyidangkan kasus dugaan penistaan agama. 
&quot;Belum bisa sekarang, dia kan masih cuti kampanye, nanti menunggu selesai masa kampanye,&quot; kata Tjahjo Ikuti kami di
</post>
<signature>

</signature>
<external_links>

</external_links>
<country>US</country>
<main_image>http://cdn2.tstatic.net/wartakota/foto/bank/images/20160428-menteri-dalam-negeri-tjahjo-kumolo_20160428_125759.jpg</main_image>
</document>
