<?xml version="1.0" encoding="UTF-8"?>
<document>
<type>mainstream</type>
<forum>http://www.boqnews.com/rss</forum>
<forum_title>Boqnews</forum_title>
<discussion_title>Cartinhas do ‘Papai Noel dos Correios’ podem ser adotadas até quarta</discussion_title>
<language>portuguese</language>
<gmt_offset></gmt_offset>
<topic_url>http://www.boqnews.com/cidades/cartinhas-campanha-papai-noel-correios-podem-ser-adotadas-ate-quarta/</topic_url>
<topic_text>
Campanha Cartinhas do ‘Papai Noel dos Correios’ podem ser adotadas até quarta 
As cartinhas devem ser retiradas na unidade do Correio da rua Cidade de Toledo, 41, Centro de Santos   16:38 Da Redação 
Compartilhe 
A campanha nacional Papai Noel dos Correios foi adiada até quarta-feira (21). Interessados em contribuir para a felicidade de alguma criança carente devem retirar a cartinha na unidade do Correio da rua Cidade de Toledo, 41, Centro de Santos. 
As entregas dos presentes pelos padrinhos podem ser realizadas até esta sexta-feira (23), sem custo para o adotante. Sobre a campanha 
Na iniciativa, voluntários doam presentes atendendo a pedidos que chegam em cartas escritas por crianças em situação de vulnerabilidade social. 
Nos últimos três anos, 2,8 milhões de cartas foram recebidas em todo o país, sendo que 1,5 milhão foram atendidas. No ano passado, mais de 830 mil cartas foram recebidas pela empresa, cerca de 570 mil selecionadas e 460 mil adotadas. A campanha existe há 27 anos. LEIA TAMBÉM:
</topic_text>
<spam_score>0.00</spam_score>
<post_num>1</post_num>
<post_id>post-1</post_id>
<post_url>http://www.boqnews.com/cidades/cartinhas-campanha-papai-noel-correios-podem-ser-adotadas-ate-quarta/</post_url>
<post_date>20161219</post_date>
<post_time>1838</post_time>
<username>Da Redação</username>
<post>
Campanha Cartinhas do ‘Papai Noel dos Correios’ podem ser adotadas até quarta 
As cartinhas devem ser retiradas na unidade do Correio da rua Cidade de Toledo, 41, Centro de Santos   16:38 Da Redação 
Compartilhe 
A campanha nacional Papai Noel dos Correios foi adiada até quarta-feira (21). Interessados em contribuir para a felicidade de alguma criança carente devem retirar a cartinha na unidade do Correio da rua Cidade de Toledo, 41, Centro de Santos. 
As entregas dos presentes pelos padrinhos podem ser realizadas até esta sexta-feira (23), sem custo para o adotante. Sobre a campanha 
Na iniciativa, voluntários doam presentes atendendo a pedidos que chegam em cartas escritas por crianças em situação de vulnerabilidade social. 
Nos últimos três anos, 2,8 milhões de cartas foram recebidas em todo o país, sendo que 1,5 milhão foram atendidas. No ano passado, mais de 830 mil cartas foram recebidas pela empresa, cerca de 570 mil selecionadas e 460 mil adotadas. A campanha existe há 27 anos. LEIA TAMBÉM:
</post>
<signature>

</signature>
<external_links>

</external_links>
<country>US</country>
<main_image>http://www.boqnews.com/wp-content/uploads/2016/11/correios.jpg</main_image>
</document>
