<?xml version="1.0" encoding="UTF-8"?>
<document>
<type>mainstream</type>
<forum></forum>
<forum_title></forum_title>
<discussion_title>Hollywood in mourning after losing Zsa Zsa</discussion_title>
<language>english</language>
<gmt_offset></gmt_offset>
<topic_url>https://au.tv.yahoo.com/the-morning-show/video/watch/33615444/hollywood-in-mourning-after-losing-zsa-zsa/</topic_url>
<topic_text>
Hollywood in mourning after losing Zsa Zsa UP NEXT Hollywood in mourning after losing Zsa Zsa The Morning Show 
</topic_text>
<spam_score>0.20</spam_score>
<post_num>1</post_num>
<post_id>post-1</post_id>
<post_url>https://au.tv.yahoo.com/the-morning-show/video/watch/33615444/hollywood-in-mourning-after-losing-zsa-zsa/</post_url>
<post_date>20161220</post_date>
<post_time></post_time>
<username>The Morning Show Published Hr</username>
<post>
Hollywood in mourning after losing Zsa Zsa UP NEXT Hollywood in mourning after losing Zsa Zsa The Morning Show 
</post>
<signature>

</signature>
<external_links>

</external_links>
<country>AU</country>
<main_image>https://s.yimg.com/iu/api/res/1.2/cpEmkni98gi6OVhtTnFPBQ--/YXBwaWQ9eXZpZGVvO3c9MjYzO2g9MjAwO2R4PTg1O2R5PTE7Y3c9NDcyO2NoPTM1OTtxPTcwO3VsY3JvcDtyb3RhdGU9YXV0bw--/https://s.yimg.com/ea/img/-/161220/5858607962a14_2016_12_19t22_20_34.9z_640x360.jpg</main_image>
</document>
