<?xml version="1.0" encoding="UTF-8"?>
<document>
<type>mainstream</type>
<forum>http://businessrecord.com/RSS/248</forum>
<forum_title>RSS Feed businessrecord.com : All Latest News</forum_title>
<discussion_title>Drake, Grinnell among Kiplinger best value universities</discussion_title>
<language>english</language>
<gmt_offset></gmt_offset>
<topic_url>http://www.businessrecord.com:80/Content/Default/-All-Latest-News/Article/-Drake-Grinnell-among-Kiplinger-best-value-universities/-3/248/75863</topic_url>
<topic_text>
Drake, Grinnell among Kiplinger best value universities Monday, December 19, 2016 11:39 AM Kiplinger&apos;s Personal Finance has placed Drake University at No. 39 on its list of the 100 best values in private universities for 2017. The listing ranks four-year schools that combine outstanding education with economic value. For the fourth consecutive year, Drake is ranked in the top 40 nationwide and is the only Iowa university on the private universities list . On Kiplinger&apos;s list of best values in liberal arts colleges, Grinnell College was ranked No. 14. Grinnell was also ranked No. 25 among all best-value colleges. Among public universities, the University of Iowa and Iowa State University were ranked 79 and 83, respectively. The rankings consider faculty accessibility, first-year retention rates and four-year graduation rates. Cost criteria include sticker price, financial aid and average debt at graduation.
</topic_text>
<spam_score>0.00</spam_score>
<post_num>1</post_num>
<post_id>post-1</post_id>
<post_url>http://www.businessrecord.com:80/Content/Default/-All-Latest-News/Article/-Drake-Grinnell-among-Kiplinger-best-value-universities/-3/248/75863</post_url>
<post_date>20161219</post_date>
<post_time>1739</post_time>
<username></username>
<post>
Drake, Grinnell among Kiplinger best value universities Monday, December 19, 2016 11:39 AM Kiplinger&apos;s Personal Finance has placed Drake University at No. 39 on its list of the 100 best values in private universities for 2017. The listing ranks four-year schools that combine outstanding education with economic value. For the fourth consecutive year, Drake is ranked in the top 40 nationwide and is the only Iowa university on the private universities list . On Kiplinger&apos;s list of best values in liberal arts colleges, Grinnell College was ranked No. 14. Grinnell was also ranked No. 25 among all best-value colleges. Among public universities, the University of Iowa and Iowa State University were ranked 79 and 83, respectively. The rankings consider faculty accessibility, first-year retention rates and four-year graduation rates. Cost criteria include sticker price, financial aid and average debt at graduation.
</post>
<signature>

</signature>
<external_links>

</external_links>
<country>US</country>
<main_image></main_image>
</document>
