<?xml version="1.0" encoding="UTF-8"?>
<document>
<type>mainstream</type>
<forum>http://www.nieuws.be/rss/nieuws/Regio.rss</forum>
<forum_title>Nieuws.be - Rubriek &apos;Regio&apos;</forum_title>
<discussion_title>Verdienstelijke Pintenaars gehuldigd</discussion_title>
<language>dutch</language>
<gmt_offset></gmt_offset>
<topic_url>http://www.nieuws.be/nieuws/Verdienstelijke_Pintenaars_gehuldigd_a112ba44.aspx</topic_url>
<topic_text>
Tijdens het jaarlijkse Gala van de Vrijwilliger zette het gemeentebestuur de Vriendenkring Korps Civiele Bescherming in de kijker. Hiermee wou men tevens symbolisch hulde brengen aan alle vrijwilligers die zich dagdagelijks inzetten voor een &quot;warm&quot; De Pinte. Lees meer » maandag 19 dec 22u15
</topic_text>
<spam_score>0.00</spam_score>
<post_num>1</post_num>
<post_id>post-1</post_id>
<post_url>http://www.nieuws.be/nieuws/Verdienstelijke_Pintenaars_gehuldigd_a112ba44.aspx</post_url>
<post_date>20161219</post_date>
<post_time>2115</post_time>
<username>Nieuws.be</username>
<post>
Tijdens het jaarlijkse Gala van de Vrijwilliger zette het gemeentebestuur de Vriendenkring Korps Civiele Bescherming in de kijker. Hiermee wou men tevens symbolisch hulde brengen aan alle vrijwilligers die zich dagdagelijks inzetten voor een &quot;warm&quot; De Pinte. Lees meer » maandag 19 dec 22u15
</post>
<signature>

</signature>
<external_links>

</external_links>
<country>BE</country>
<main_image></main_image>
</document>
