<?xml version="1.0" encoding="UTF-8"?>
<document>
<type>mainstream</type>
<forum></forum>
<forum_title></forum_title>
<discussion_title>Record number of tourists flocked to New York City this year | News | WIBQ</discussion_title>
<language>english</language>
<gmt_offset></gmt_offset>
<topic_url>http://wibqam.com/news/articles/2016/dec/19/record-number-of-tourists-flocked-to-new-york-city-this-year/</topic_url>
<topic_text>
Record number of tourists flocked to New York City this year Monday, December 19, 2016 4:57 p.m. EST Costumed characters take photographs with tourists in Times Square while staying within new zones designated for street performers to solici 
NEW YORK (Reuters) - More than 60 million tourists visited New York in 2016, the most ever, attracted by the Statue of Liberty, the 9/11 Memorial, Broadway shows and four-star restaurants. 
The number of tourists from across the United States and around the world exceeded forecasts, city tourism officials said on Monday, and topped last year&apos;s record by 1.8 million. 
&quot;The iconic attractions are always a big draw,&quot; said Fred Dixon, president and chief executive of NYC &amp; Company, the city&apos;s official destination marketing organization. &quot;These are the hallmarks of a New York City visit, especially for the first-time visitor.&quot; 
The city&apos;s signature landmarks, including the Empire State Building and Central Park, remain high on the list of must-sees, but lower Manhattan has become a big draw for tourists as well. 
Tourists are eager to pay their respects at the 9/11 Memorial and Museum in the Financial District, peruse the exhibits at the new Whitney Museum of American Art and take a stroll on the High Line on the west side of Manhattan. 
Many visitors are also venturing out of Manhattan to the so-called outer boroughs, Brooklyn, Queens, Staten Island and the Bronx, in search off-beat attractions and restaurants - trips that would have been inconceivable 40 years ago, when the city fell to a financial and crime-ridden nadir. 
&quot;We&apos;ve seen a real growth in that offering in New York, whether it is small walking tours, sightseeing or double-deckers. Tours are continuing to grow in new neighborhoods,&quot; Dixon added. 
The allure of out-of-Manhattan experiences in reflected in hotel stays in the five boroughs, which grew by 1.2 million to 34.9 million room nights, another record. 
&quot;Much of the hotel development is not limited to Manhattan. It is throughout the entire city,&quot; said Christopher Heywood, a spokesman for NYC &amp; Company. &quot;This idea of neighborhood travel has become very, very popular.&quot; 
About 80 percent of tourists in New York are from other parts of the United States, according to the city, which tracks visitors who have traveled more than 50 miles (80 kms). 
Unsurprisingly, international tourists, estimated at more than 12 million this year, account for the biggest economic footprint. They contribute about half of hotel and direct spending. 
Britain leads in the pack in foreign tourists visiting New York, but China is a close second, having overtaken Canada, which dropped to No. 3, followed by Brazil. 
(Editing by Steve Orlofsky) 
</topic_text>
<spam_score>0.46</spam_score>
<post_num>1</post_num>
<post_id>post-1</post_id>
<post_url>http://wibqam.com/news/articles/2016/dec/19/record-number-of-tourists-flocked-to-new-york-city-this-year/</post_url>
<post_date>20161219</post_date>
<post_time></post_time>
<username>Midwest Communications Inc.</username>
<post>
Record number of tourists flocked to New York City this year Monday, December 19, 2016 4:57 p.m. EST Costumed characters take photographs with tourists in Times Square while staying within new zones designated for street performers to solici 
NEW YORK (Reuters) - More than 60 million tourists visited New York in 2016, the most ever, attracted by the Statue of Liberty, the 9/11 Memorial, Broadway shows and four-star restaurants. 
The number of tourists from across the United States and around the world exceeded forecasts, city tourism officials said on Monday, and topped last year&apos;s record by 1.8 million. 
&quot;The iconic attractions are always a big draw,&quot; said Fred Dixon, president and chief executive of NYC &amp; Company, the city&apos;s official destination marketing organization. &quot;These are the hallmarks of a New York City visit, especially for the first-time visitor.&quot; 
The city&apos;s signature landmarks, including the Empire State Building and Central Park, remain high on the list of must-sees, but lower Manhattan has become a big draw for tourists as well. 
Tourists are eager to pay their respects at the 9/11 Memorial and Museum in the Financial District, peruse the exhibits at the new Whitney Museum of American Art and take a stroll on the High Line on the west side of Manhattan. 
Many visitors are also venturing out of Manhattan to the so-called outer boroughs, Brooklyn, Queens, Staten Island and the Bronx, in search off-beat attractions and restaurants - trips that would have been inconceivable 40 years ago, when the city fell to a financial and crime-ridden nadir. 
&quot;We&apos;ve seen a real growth in that offering in New York, whether it is small walking tours, sightseeing or double-deckers. Tours are continuing to grow in new neighborhoods,&quot; Dixon added. 
The allure of out-of-Manhattan experiences in reflected in hotel stays in the five boroughs, which grew by 1.2 million to 34.9 million room nights, another record. 
&quot;Much of the hotel development is not limited to Manhattan. It is throughout the entire city,&quot; said Christopher Heywood, a spokesman for NYC &amp; Company. &quot;This idea of neighborhood travel has become very, very popular.&quot; 
About 80 percent of tourists in New York are from other parts of the United States, according to the city, which tracks visitors who have traveled more than 50 miles (80 kms). 
Unsurprisingly, international tourists, estimated at more than 12 million this year, account for the biggest economic footprint. They contribute about half of hotel and direct spending. 
Britain leads in the pack in foreign tourists visiting New York, but China is a close second, having overtaken Canada, which dropped to No. 3, followed by Brazil. 
(Editing by Steve Orlofsky) 
</post>
<signature>

</signature>
<external_links>

</external_links>
<country>US</country>
<main_image>http://media.mwcradio.com/cache/e9/a2/e9a2b590c3320fb9e9470e2f14c7f586.jpg</main_image>
</document>
