<?xml version="1.0" encoding="UTF-8"?>
<document>
<type>mainstream</type>
<forum>http://wartakota.tribunnews.com/rss</forum>
<forum_title>Wartakota</forum_title>
<discussion_title>Ahok Kembali Menangis saat Didatangi Ibu Kandungnya Dari Kampung</discussion_title>
<language>indonesian</language>
<gmt_offset></gmt_offset>
<topic_url>http://wartakota.tribunnews.com/2016/12/20/ahok-kembali-menangis-saat-didatangi-ibu-kandungnya-dari-kampung</topic_url>
<topic_text>
Pilkada DKI Jakarta Ahok Kembali Menangis saat Didatangi Ibu Kandungnya Dari Kampung Buniarti Ningsih, ibu dari Basuki Tjahaja Purnama alias Ahok, hadir disebuah acara di Jakarta Selatan. Ahok kembali nangis. Selasa, 20 Desember 2016 05:20 Faizal Rapsanjani Gubernur non-aktif DKI Jakarta, Basuki Tjahaja Purnama (Ahok) dan istri mencium kaki Buniarti Ningsih guna memohon doa restu agar dilancarkan segala hambatan selama Ahok bertarung menuju DKI Satu. 
WARTA KOTA, PALMERAH-- Buniarti Ningsih, ibu dari Basuki Tjahaja Purnama alias Ahok hadir di tengah acara deklarasi perempuan pendukung Basuki-Djarot di Gedung Smesco, Jalan Gatot Subroto, Jakarta Selatan. Baca: Lulung Tertawakan Ahok Nangis, Katanya Aktingnya Bagus 
Buniarti muncul saat penyanyi Dira Sugandi melantunkan lagu ciptaan Melly Goeslaw &apos;Bunda&apos;. 
Di tengah-tengah momen itu -- di layar lebar sebelah kiri panggung -- terlihat Ahok membuka kacamata dan mengelap air matanya. 
Setelah Dira bernyanyi, pembawa acara langsung meminta Ahok dan istrinya, Veronica Tan sungkem kepada Buniarti. 
&quot;Sukses ya, Hok,&quot; kata Buniarti. Tangan kanan Buniarti ketika itu berada di pundak Ahok. 
Selanjutnya giliran Djarot Saiful Hidayat dan istri, Happy Farida, sungkem kepada Buniarti. 
Acara sungkeman yang dilakukan pasangan nomor urut dua tersebut merupakan bagian dari peringatan Hari Ibu yang jatuh tanggal 22 Desember. 
Ketua panitia acara, Eva Kusuma Sundari, mengatakan acara ini dihadiri sekitar dua ribu perempuan. 
Mereka umumnya relawan, antara lain berasal dari Badja Dharma, Teman Ahok, Relawan Badja, Partai Nasdem, PPP, PDI Perjuangan, Golkar, Hanura, PSI, Perempuan Peduli Kota, Ibu-ibu Rumah Susun Tambora, dan Wanita Maluku Indonesia. (Dennis Destryawan) Ikuti kami di
</topic_text>
<spam_score>0.00</spam_score>
<post_num>1</post_num>
<post_id>post-1</post_id>
<post_url>http://wartakota.tribunnews.com/2016/12/20/ahok-kembali-menangis-saat-didatangi-ibu-kandungnya-dari-kampung</post_url>
<post_date>20161219</post_date>
<post_time>2220</post_time>
<username></username>
<post>
Pilkada DKI Jakarta Ahok Kembali Menangis saat Didatangi Ibu Kandungnya Dari Kampung Buniarti Ningsih, ibu dari Basuki Tjahaja Purnama alias Ahok, hadir disebuah acara di Jakarta Selatan. Ahok kembali nangis. Selasa, 20 Desember 2016 05:20 Faizal Rapsanjani Gubernur non-aktif DKI Jakarta, Basuki Tjahaja Purnama (Ahok) dan istri mencium kaki Buniarti Ningsih guna memohon doa restu agar dilancarkan segala hambatan selama Ahok bertarung menuju DKI Satu. 
WARTA KOTA, PALMERAH-- Buniarti Ningsih, ibu dari Basuki Tjahaja Purnama alias Ahok hadir di tengah acara deklarasi perempuan pendukung Basuki-Djarot di Gedung Smesco, Jalan Gatot Subroto, Jakarta Selatan. Baca: Lulung Tertawakan Ahok Nangis, Katanya Aktingnya Bagus 
Buniarti muncul saat penyanyi Dira Sugandi melantunkan lagu ciptaan Melly Goeslaw &apos;Bunda&apos;. 
Di tengah-tengah momen itu -- di layar lebar sebelah kiri panggung -- terlihat Ahok membuka kacamata dan mengelap air matanya. 
Setelah Dira bernyanyi, pembawa acara langsung meminta Ahok dan istrinya, Veronica Tan sungkem kepada Buniarti. 
&quot;Sukses ya, Hok,&quot; kata Buniarti. Tangan kanan Buniarti ketika itu berada di pundak Ahok. 
Selanjutnya giliran Djarot Saiful Hidayat dan istri, Happy Farida, sungkem kepada Buniarti. 
Acara sungkeman yang dilakukan pasangan nomor urut dua tersebut merupakan bagian dari peringatan Hari Ibu yang jatuh tanggal 22 Desember. 
Ketua panitia acara, Eva Kusuma Sundari, mengatakan acara ini dihadiri sekitar dua ribu perempuan. 
Mereka umumnya relawan, antara lain berasal dari Badja Dharma, Teman Ahok, Relawan Badja, Partai Nasdem, PPP, PDI Perjuangan, Golkar, Hanura, PSI, Perempuan Peduli Kota, Ibu-ibu Rumah Susun Tambora, dan Wanita Maluku Indonesia. (Dennis Destryawan) Ikuti kami di
</post>
<signature>

</signature>
<external_links>

</external_links>
<country>US</country>
<main_image>http://cdn2.tstatic.net/wartakota/foto/bank/images/20161219ahok-cium-kaki-ibu-minta-doa-restu_20161219_174155.jpg</main_image>
</document>
