<?xml version="1.0" encoding="UTF-8"?>
<document>
<type>mainstream</type>
<forum>http://www.hannibal.net/news/community?template=rss&amp;mime=xml</forum>
<forum_title>Community - Hannibal Courier - Post - Hannibal, MO</forum_title>
<discussion_title>Jack Frost has arrived: Freezing precipitation gone, but Missouri still icy cold</discussion_title>
<language>english</language>
<gmt_offset></gmt_offset>
<topic_url>http://www.hannibal.net/news/20161219/jack-frost-has-arrived-freezing-precipitation-gone-but-missouri-still-icy-cold</topic_url>
<topic_text>
Jack Frost has arrived: Freezing precipitation gone, but Missouri still icy cold Monday Dec 19, 2016 at 5:30 PM The dangerous wintry mix that settled over Missouri during the weekend is gone, but bitter cold on Monday forced dozens of schools to call off classes and made venturing outdoors miserable. 
The dangerous wintry mix that settled over Missouri during the weekend is gone, but bitter cold on Monday forced dozens of schools to call off classes and made venturing outdoors miserable. 
Frigid weather that arrived Saturday continued into the work week. Parts of the state awoke to temperatures below zero, and single-digit readings were common. 
At least the forecast offered a glimmer of hope. Highs are generally expected to reach the 40s starting Tuesday through the rest of the week. 
Many schools called off classes Monday. The Francis Howell School District in St. Charles County said the buses wouldn&apos;t start in the cold. 
The cold weather was blamed for around 40 water main breaks across the St. Louis region since the weekend. In some cases, water poured onto streets, creating thick sheets of ice. 
A St. Louis firefighter and two homeless people were recovering after a fire at an abandoned warehouse building near the Mississippi River. The fire began Sunday after the homeless people started it in bitterly cold temperatures, officials said. 
Fire Chief Dennis Jenkerson said the injured firefighter was apparently going into the building to rescue the trapped men. He burned his face but is expected to make a full recovery. No details were released about the injuries to the homeless people. 
The remains of the structure were covered in ice from the water used to battle the blaze. About Us
</topic_text>
<spam_score>0.00</spam_score>
<post_num>1</post_num>
<post_id>post-1</post_id>
<post_url>http://www.hannibal.net/news/20161219/jack-frost-has-arrived-freezing-precipitation-gone-but-missouri-still-icy-cold</post_url>
<post_date>20161219</post_date>
<post_time>2230</post_time>
<username></username>
<post>
Jack Frost has arrived: Freezing precipitation gone, but Missouri still icy cold Monday Dec 19, 2016 at 5:30 PM The dangerous wintry mix that settled over Missouri during the weekend is gone, but bitter cold on Monday forced dozens of schools to call off classes and made venturing outdoors miserable. 
The dangerous wintry mix that settled over Missouri during the weekend is gone, but bitter cold on Monday forced dozens of schools to call off classes and made venturing outdoors miserable. 
Frigid weather that arrived Saturday continued into the work week. Parts of the state awoke to temperatures below zero, and single-digit readings were common. 
At least the forecast offered a glimmer of hope. Highs are generally expected to reach the 40s starting Tuesday through the rest of the week. 
Many schools called off classes Monday. The Francis Howell School District in St. Charles County said the buses wouldn&apos;t start in the cold. 
The cold weather was blamed for around 40 water main breaks across the St. Louis region since the weekend. In some cases, water poured onto streets, creating thick sheets of ice. 
A St. Louis firefighter and two homeless people were recovering after a fire at an abandoned warehouse building near the Mississippi River. The fire began Sunday after the homeless people started it in bitterly cold temperatures, officials said. 
Fire Chief Dennis Jenkerson said the injured firefighter was apparently going into the building to rescue the trapped men. He burned his face but is expected to make a full recovery. No details were released about the injuries to the homeless people. 
The remains of the structure were covered in ice from the water used to battle the blaze. About Us
</post>
<signature>

</signature>
<external_links>

</external_links>
<country>US</country>
<main_image>http://www.hannibal.net/storyimage/MO/20161219/NEWS/161219060/AR/0/AR-161219060.jpg</main_image>
</document>
