<?xml version="1.0" encoding="UTF-8"?>
<document>
<type>mainstream</type>
<forum></forum>
<forum_title></forum_title>
<discussion_title>Cricket: Gutsy Test against Australia sets up Pakistan: Misbah - Yahoo7</discussion_title>
<language>english</language>
<gmt_offset></gmt_offset>
<topic_url>https://au.sports.yahoo.com/cricket/a/33613264/cricket-gutsy-test-against-australia-sets-up-pakistan-misbah/</topic_url>
<topic_text>
Share Cricket: Gutsy Test against Australia sets up Pakistan: Misbah - Yahoo7 It was hard to tell who was the winning captain after Australia&apos;s day-night first Test clash with Pakistan in Brisbane. Close Smith&apos;s tactics questioned after uncomfortable Gabba win UP NEXT 
Jubilant Pakistan skipper Misbah-ul-Haq claimed on Monday that their stirring Gabba effort had set them up for the three-match series. 
And they lost. 
History shows Australia clung to a 39-run victory early on the final day. 
Yet Misbah said his side would take plenty of confidence into the series after just falling short of a world record victory chase. Misbah wants Pakistan to build on the loss. Pic: AAP 
Man of the match, defiant No.6 Asad Shafiq, hit a masterful 137 to push Pakistan within sight of their daunting 490 target. 
They would have smashed the previous Test run chase record of 7-418 by the West Indies against Australia in 2003. 
Pakistan&apos;s inspirational batting effort was made all the more remarkable after they lost 7-24 to the pink ball under lights to be bowled out for 142 in their first dig. 
&quot;As the skipper I am happy to see the team play like that,&quot; Misbah said of their remarkable run chase. 
&quot;Chasing 490 in the last innings after 142 in the first, the character of all the batsmen showed. Close Team must be more ruthless - Smith UP NEXT 
&quot;I think it set the tone for the series. 
&quot;We are looking forward and are confident ahead of the next two Test matches.&quot; 
Misbah said the difference between their contrasting innings came down to attitude. 
&quot;It is a totally different scenario when you start your innings, with a new ball under lights - they got through us,&quot; he said. 
&quot;But in the second innings they showed courage to survive the initial burst with the new ball. Close 
</topic_text>
<spam_score>0.04</spam_score>
<post_num>1</post_num>
<post_id>post-1</post_id>
<post_url>https://au.sports.yahoo.com/cricket/a/33613264/cricket-gutsy-test-against-australia-sets-up-pakistan-misbah/</post_url>
<post_date>20161220</post_date>
<post_time></post_time>
<username>Laine Clark</username>
<post>
Share Cricket: Gutsy Test against Australia sets up Pakistan: Misbah - Yahoo7 It was hard to tell who was the winning captain after Australia&apos;s day-night first Test clash with Pakistan in Brisbane. Close Smith&apos;s tactics questioned after uncomfortable Gabba win UP NEXT 
Jubilant Pakistan skipper Misbah-ul-Haq claimed on Monday that their stirring Gabba effort had set them up for the three-match series. 
And they lost. 
History shows Australia clung to a 39-run victory early on the final day. 
Yet Misbah said his side would take plenty of confidence into the series after just falling short of a world record victory chase. Misbah wants Pakistan to build on the loss. Pic: AAP 
Man of the match, defiant No.6 Asad Shafiq, hit a masterful 137 to push Pakistan within sight of their daunting 490 target. 
They would have smashed the previous Test run chase record of 7-418 by the West Indies against Australia in 2003. 
Pakistan&apos;s inspirational batting effort was made all the more remarkable after they lost 7-24 to the pink ball under lights to be bowled out for 142 in their first dig. 
&quot;As the skipper I am happy to see the team play like that,&quot; Misbah said of their remarkable run chase. 
&quot;Chasing 490 in the last innings after 142 in the first, the character of all the batsmen showed. Close Team must be more ruthless - Smith UP NEXT 
&quot;I think it set the tone for the series. 
&quot;We are looking forward and are confident ahead of the next two Test matches.&quot; 
Misbah said the difference between their contrasting innings came down to attitude. 
&quot;It is a totally different scenario when you start your innings, with a new ball under lights - they got through us,&quot; he said. 
&quot;But in the second innings they showed courage to survive the initial burst with the new ball. Close 
</post>
<signature>

</signature>
<external_links>

</external_links>
<country>AU</country>
<main_image>https://s.yimg.com/iu/api/res/1.2/QDyr2W8hEF7r39Zhi1kFPA--/YXBwaWQ9eXZpZGVvO3E9NzA7bj0xO2ZpbGw7cm90YXRlPWF1dG8-/https://s.yimg.com/ea/img/-/161220/58585c23a9292_3689825_20161220_mesbah_1280x720.jpg</main_image>
</document>
