<?xml version="1.0" encoding="UTF-8"?>
<document>
<type>mainstream</type>
<forum>http://www.trading-house.net/rss/meldungen/</forum>
<forum_title>trading-house.net Nachrichtenfeed</forum_title>
<discussion_title>Nach Toten auf Berliner Weihnachtsmarkt: Politik bestürzt - Ausland bekundet Solidarität</discussion_title>
<language>german</language>
<gmt_offset></gmt_offset>
<topic_url>http://www.trading-house.net/news/nach-toten-auf-berliner-weihnachtsmarkt-politik-bestuerzt-ausland-bekundet-solidaritaet-52508907</topic_url>
<topic_text>
20.12.2016 - 00:34 Uhr Nach Toten auf Berliner Weihnachtsmarkt: Politik bestürzt - Ausland bekundet Solidarität Nach dem möglichen Anschlag auf einen Berliner Weihnachtsmarkt haben sich Bundeskanzlerin Merkel und andere Politiker bestürzt gezeigt. Aus dem Ausland kommt eine Welle der Anteilnahme.
</topic_text>
<spam_score>0.00</spam_score>
<post_num>1</post_num>
<post_id>post-1</post_id>
<post_url>http://www.trading-house.net/news/nach-toten-auf-berliner-weihnachtsmarkt-politik-bestuerzt-ausland-bekundet-solidaritaet-52508907</post_url>
<post_date>20161219</post_date>
<post_time>2334</post_time>
<username></username>
<post>
20.12.2016 - 00:34 Uhr Nach Toten auf Berliner Weihnachtsmarkt: Politik bestürzt - Ausland bekundet Solidarität Nach dem möglichen Anschlag auf einen Berliner Weihnachtsmarkt haben sich Bundeskanzlerin Merkel und andere Politiker bestürzt gezeigt. Aus dem Ausland kommt eine Welle der Anteilnahme.
</post>
<signature>

</signature>
<external_links>

</external_links>
<country>DE</country>
<main_image></main_image>
</document>
