<?xml version="1.0" encoding="UTF-8"?>
<document>
<type>mainstream</type>
<forum>http://www.boqnews.com/rss</forum>
<forum_title>Boqnews</forum_title>
<discussion_title>Meia noite em Paris</discussion_title>
<language>portuguese</language>
<gmt_offset></gmt_offset>
<topic_url>http://www.boqnews.com/agende-se/meia-noite-em-paris/</topic_url>
<topic_text>
No Cine Arte – Posto 4, às 16h, 18h30 e 21h.   13:39 Da Redação 
Compartilhe 
Gil Pender (Owen Wilson) sonhava em ser como os grandes escritores americanos, que tanto idolatrava, porém, a vida o levou a um caminho alternativo. Roteirista de Hollywood, dos mais remunerados, ele se afastou do sonho ganhando boas doses de frustrações. Numa oportunidade de viajar com a família de sua noiva, Inez (Rachel McAdams), para Paris, ele vai questionar suas decisões e os rumos tomados que o afastaram de seu maior sonho. 
Programação em celebração aos 25 anos. Tradicional espaço cultural na orla do Gonzaga, o Cine Arte Posto 4 – Sala Rubens Ewald Filho comemora 25 anos neste mês de dezembro. Para festejar, exibe os 25 principais filmes que apresentou ao longo de sua trajetória, que compreendem as maiores bilheterias e produções raras. As sessões, com um filme apresentado por dia, ocorrem entre os dias 4 e 30, exceto nos dias 24 e 25. Agende-se: 25 anos de Cine Arte Posto 4 
Quando : Terça-feira (27), às 16h, 18h30 e 21h. Classificação: 10 anos
</topic_text>
<spam_score>0.00</spam_score>
<post_num>1</post_num>
<post_id>post-1</post_id>
<post_url>http://www.boqnews.com/agende-se/meia-noite-em-paris/</post_url>
<post_date>20161219</post_date>
<post_time>1539</post_time>
<username>Da Redação</username>
<post>
No Cine Arte – Posto 4, às 16h, 18h30 e 21h.   13:39 Da Redação 
Compartilhe 
Gil Pender (Owen Wilson) sonhava em ser como os grandes escritores americanos, que tanto idolatrava, porém, a vida o levou a um caminho alternativo. Roteirista de Hollywood, dos mais remunerados, ele se afastou do sonho ganhando boas doses de frustrações. Numa oportunidade de viajar com a família de sua noiva, Inez (Rachel McAdams), para Paris, ele vai questionar suas decisões e os rumos tomados que o afastaram de seu maior sonho. 
Programação em celebração aos 25 anos. Tradicional espaço cultural na orla do Gonzaga, o Cine Arte Posto 4 – Sala Rubens Ewald Filho comemora 25 anos neste mês de dezembro. Para festejar, exibe os 25 principais filmes que apresentou ao longo de sua trajetória, que compreendem as maiores bilheterias e produções raras. As sessões, com um filme apresentado por dia, ocorrem entre os dias 4 e 30, exceto nos dias 24 e 25. Agende-se: 25 anos de Cine Arte Posto 4 
Quando : Terça-feira (27), às 16h, 18h30 e 21h. Classificação: 10 anos
</post>
<signature>

</signature>
<external_links>

</external_links>
<country>US</country>
<main_image>http://www.boqnews.com/wp-content/uploads/2016/12/meia-noite-em-paris-31.jpg</main_image>
</document>
