<?xml version="1.0" encoding="UTF-8"?>
<document>
<type>mainstream</type>
<forum>http://www.leparisien.fr/oise-60/rss.xml</forum>
<forum_title>Le Parisien  - Oise</forum_title>
<discussion_title>La Compiègne christmas corrida, une course qui a du cœur</discussion_title>
<language>french</language>
<gmt_offset></gmt_offset>
<topic_url>http://www.leparisien.fr/compiegne-60200/la-compiegne-christmas-corrida-une-course-qui-a-du-coeur-18-12-2016-6471018.php</topic_url>
<topic_text>
I ls ont bravé le froid et l’humidité pour la bonne cause. Samedi soir, à 20 heures, 400 coureurs se sont élancés de l’hôtel de ville de Compiègne pour parcourir un circuit de 7 km dans le centre-ville, mêlant bitume, pavés et chemins au parc Songeons. Beaucoup de spectateurs se sont massés pour encourager ces sportifs déterminés à représenter leur ville ou leur quartier. Grâce à cette course organisée conjointement avec la municipalité et l’association les Picantines, 800 € ont été collectés : 400 € seront reversés à l’œuvre des pupilles orphelins de sapeurs-pompiers, et 400 € à l’AFM-Téléthon. Rendez-vous est d’ores et déjà fixé l’année prochaine.
</topic_text>
<spam_score>0.00</spam_score>
<post_num>1</post_num>
<post_id>post-1</post_id>
<post_url>http://www.leparisien.fr/compiegne-60200/la-compiegne-christmas-corrida-une-course-qui-a-du-coeur-18-12-2016-6471018.php</post_url>
<post_date>20161218</post_date>
<post_time>1740</post_time>
<username>leparisien.fr</username>
<post>
I ls ont bravé le froid et l’humidité pour la bonne cause. Samedi soir, à 20 heures, 400 coureurs se sont élancés de l’hôtel de ville de Compiègne pour parcourir un circuit de 7 km dans le centre-ville, mêlant bitume, pavés et chemins au parc Songeons. Beaucoup de spectateurs se sont massés pour encourager ces sportifs déterminés à représenter leur ville ou leur quartier. Grâce à cette course organisée conjointement avec la municipalité et l’association les Picantines, 800 € ont été collectés : 400 € seront reversés à l’œuvre des pupilles orphelins de sapeurs-pompiers, et 400 € à l’AFM-Téléthon. Rendez-vous est d’ores et déjà fixé l’année prochaine.
</post>
<signature>

</signature>
<external_links>

</external_links>
<country>FR</country>
<main_image>http://s1.lprs1.fr/images/2016/12/18/6471018_3254cd2c-c531-11e6-a544-6975210c0c74-1.jpg</main_image>
</document>
