<?xml version="1.0" encoding="UTF-8"?>
<document>
<type>mainstream</type>
<forum>http://www.boqnews.com/rss</forum>
<forum_title>Boqnews</forum_title>
<discussion_title>Banda santista ‘The Scuba Divers’ lança primeiro single</discussion_title>
<language>portuguese</language>
<gmt_offset></gmt_offset>
<topic_url>http://www.boqnews.com/etc/banda-santista-the-scuba-divers-lanca-primeiro-single/</topic_url>
<topic_text>
Banda santista ‘The Scuba Divers’ lança primeiro single 
“I Wanna Die In London” tem como referência bandas britânicas dos anos 80   10:12 Da Redação 
Compartilhe 
Uma visceral carta de amor à cena musical britânica do anos 80. Assim pode-se descrever o primeiro single da banda de rock alternativo The Scuba Divers , I Wanna Die In London, divulgado na última semana. A faixa é uma amostra do que está por vir no disco homônimo da banda santista. 
A inspiração para a música veio de uma conversa entre os irmãos Daniel Teles (Guitarrista e Vocalista) e Maurício Teles (Baixista e Vocalista) sobre a cena pós-punk britânica, de acordo com Daniel, compositor da letra da música. “Bandas como The Smiths, The Cure ou Depeche Mode, transformam temas pessimistas em composições tão cativantes que faz com que esse estado de espírito melancólico se torna uma espécie de fetiche”, conta. É quase como se a tristeza e a morte fossem mais belas em Londres”. 
I Wanna Die In London foi escrita como uma homenagem e ao mesmo tempo como uma crítica às bandas inglesas que exercem grande influência na sonoridade da The Scuba Divers. Sobre a banda Formada no ano de 2014, em Santos, litoral de São Paulo, pelos irmãos Daniel Teles (Guitarrista e Voz) e Maurício Teles (Voz e Baixo), a The Scuba Divers busca inspiração na estética e atitude da cena Post Punk dos anos 80 e 90. Após diversas trocas de integrantes, a banda desenvolveu sua sonoridade com a chegada de Iury Cascaes (Guitarra e Voz) e Vitor Emanuel Guimarães (Baterista), que completam a formação atual. Fugindo da mesmice da cena local, o quarteto busca sonoridades inovadoras e rotas alternativas para se promover. O festival independente Alternapalooza , organizado por Daniel Teles mas que conta com a ajuda dos integrantes da banda, que já está na quinta edição, é uma dessas rotas. Além disso, a banda produz camisetas no estilo do it yourself ‘ e distribui zines nos shows para divulgar suas letras e redes sociais. LEIA TAMBÉM:
</topic_text>
<spam_score>0.00</spam_score>
<post_num>1</post_num>
<post_id>post-1</post_id>
<post_url>http://www.boqnews.com/etc/banda-santista-the-scuba-divers-lanca-primeiro-single/</post_url>
<post_date>20161219</post_date>
<post_time>1212</post_time>
<username>Da Redação</username>
<post>
Banda santista ‘The Scuba Divers’ lança primeiro single 
“I Wanna Die In London” tem como referência bandas britânicas dos anos 80   10:12 Da Redação 
Compartilhe 
Uma visceral carta de amor à cena musical britânica do anos 80. Assim pode-se descrever o primeiro single da banda de rock alternativo The Scuba Divers , I Wanna Die In London, divulgado na última semana. A faixa é uma amostra do que está por vir no disco homônimo da banda santista. 
A inspiração para a música veio de uma conversa entre os irmãos Daniel Teles (Guitarrista e Vocalista) e Maurício Teles (Baixista e Vocalista) sobre a cena pós-punk britânica, de acordo com Daniel, compositor da letra da música. “Bandas como The Smiths, The Cure ou Depeche Mode, transformam temas pessimistas em composições tão cativantes que faz com que esse estado de espírito melancólico se torna uma espécie de fetiche”, conta. É quase como se a tristeza e a morte fossem mais belas em Londres”. 
I Wanna Die In London foi escrita como uma homenagem e ao mesmo tempo como uma crítica às bandas inglesas que exercem grande influência na sonoridade da The Scuba Divers. Sobre a banda Formada no ano de 2014, em Santos, litoral de São Paulo, pelos irmãos Daniel Teles (Guitarrista e Voz) e Maurício Teles (Voz e Baixo), a The Scuba Divers busca inspiração na estética e atitude da cena Post Punk dos anos 80 e 90. Após diversas trocas de integrantes, a banda desenvolveu sua sonoridade com a chegada de Iury Cascaes (Guitarra e Voz) e Vitor Emanuel Guimarães (Baterista), que completam a formação atual. Fugindo da mesmice da cena local, o quarteto busca sonoridades inovadoras e rotas alternativas para se promover. O festival independente Alternapalooza , organizado por Daniel Teles mas que conta com a ajuda dos integrantes da banda, que já está na quinta edição, é uma dessas rotas. Além disso, a banda produz camisetas no estilo do it yourself ‘ e distribui zines nos shows para divulgar suas letras e redes sociais. LEIA TAMBÉM:
</post>
<signature>

</signature>
<external_links>

</external_links>
<country>US</country>
<main_image>http://www.boqnews.com/wp-content/uploads/2016/12/IWDIL-1.jpg</main_image>
</document>
