<?xml version="1.0" encoding="UTF-8"?>
<document>
<type>mainstream</type>
<forum>http://www.aragirona.cat/sindica_esfera.php</forum>
<forum_title>AraGirona, la gironaesfera</forum_title>
<discussion_title>Santi Vila: L’enhorabona a tots els guardonats a la #NitdelEdició de @gremieditors. Seguirem afavorint la diversitat i la rique… https://t.co/NqRWU8jXDV</discussion_title>
<language>catalan</language>
<gmt_offset></gmt_offset>
<topic_url>http://www.santivila.cat/lenhorabona-a/</topic_url>
<topic_text>
  L’enhorabona a tots els guardonats a la #NitdelEdició de @gremieditors. Seguirem afavorint la diversitat i la rique… https://t.co/NqRWU8jXDV
</topic_text>
<spam_score>0.00</spam_score>
<post_num>1</post_num>
<post_id>post-1</post_id>
<post_url>http://www.santivila.cat/lenhorabona-a/</post_url>
<post_date>20161219</post_date>
<post_time>0000</post_time>
<username></username>
<post>
  L’enhorabona a tots els guardonats a la #NitdelEdició de @gremieditors. Seguirem afavorint la diversitat i la rique… https://t.co/NqRWU8jXDV
</post>
<signature>

</signature>
<external_links>

</external_links>
<country>ES</country>
<main_image>https://s0.wp.com/i/blank.jpg</main_image>
</document>
