<?xml version="1.0" encoding="UTF-8"?>
<document>
<type>mainstream</type>
<forum>http://aisne.cci.fr/rss/feed/evenements</forum>
<forum_title>Événements</forum_title>
<discussion_title>Optimisez les flux dans votre entreprise</discussion_title>
<language>french</language>
<gmt_offset></gmt_offset>
<topic_url>http://www.aisne.cci.fr/Developpement-de-votre-entreprise/Agenda/Optimisez-les-flux-dans-votre-entreprise</topic_url>
<topic_text>
Optimisez les flux dans votre entreprise Le mardi 24 janvier 2017 - Laon Gagnez de la marge et de la rentabilité ! 
Atelier Pratique Vous êtes ici : Accueil &gt; Développement de votre entreprise &gt; Agenda &gt; Optimisez les flux dans votre entreprise Mots-clés : Descriptif Votre entreprise ou commerce comporte un entrepôt ? 
Dans l&apos;Aisne, le Club A2LOG a vocation depuis 10 ans à réunir les transporteurs et les chargeurs (entreprises et commerce ayant des entrepôts significatifs). 
Le 24 janvier 2017 à Laon, avec la CCI, le Club A2LOG a le plaisir de vous inviter à un double atelier. 
1ère partie - Présentation des actions du Club A2LOG pour 2017 et 2018 dans différents domaines : forum de l&apos;emploi lié à l&apos;entrepôt action d&apos;optimisation des flux et des stocks gestion des déchets, logiciels dédiés à la logistique, etc... 
2ème partie - Intervention de 2 experts sur l&apos;optimisation des méthodes d&apos;entreposage et de gestion des flux : Guillaume BIARRÉ Thierry DUCASTELLE 
Cette intervention sera suivie d&apos;une proposition d&apos;action concrète possible pour chaque entreprise, parrainée par le Club A2LOG. Commencez l&apos;année avec un projet : Inscrivez -vous ! Horaires
</topic_text>
<spam_score>0.00</spam_score>
<post_num>1</post_num>
<post_id>post-1</post_id>
<post_url>http://www.aisne.cci.fr/Developpement-de-votre-entreprise/Agenda/Optimisez-les-flux-dans-votre-entreprise</post_url>
<post_date>20161219</post_date>
<post_time>1653</post_time>
<username>ccia@aisne.cci.fr (CCI Aisne)</username>
<post>
Optimisez les flux dans votre entreprise Le mardi 24 janvier 2017 - Laon Gagnez de la marge et de la rentabilité ! 
Atelier Pratique Vous êtes ici : Accueil &gt; Développement de votre entreprise &gt; Agenda &gt; Optimisez les flux dans votre entreprise Mots-clés : Descriptif Votre entreprise ou commerce comporte un entrepôt ? 
Dans l&apos;Aisne, le Club A2LOG a vocation depuis 10 ans à réunir les transporteurs et les chargeurs (entreprises et commerce ayant des entrepôts significatifs). 
Le 24 janvier 2017 à Laon, avec la CCI, le Club A2LOG a le plaisir de vous inviter à un double atelier. 
1ère partie - Présentation des actions du Club A2LOG pour 2017 et 2018 dans différents domaines : forum de l&apos;emploi lié à l&apos;entrepôt action d&apos;optimisation des flux et des stocks gestion des déchets, logiciels dédiés à la logistique, etc... 
2ème partie - Intervention de 2 experts sur l&apos;optimisation des méthodes d&apos;entreposage et de gestion des flux : Guillaume BIARRÉ Thierry DUCASTELLE 
Cette intervention sera suivie d&apos;une proposition d&apos;action concrète possible pour chaque entreprise, parrainée par le Club A2LOG. Commencez l&apos;année avec un projet : Inscrivez -vous ! Horaires
</post>
<signature>

</signature>
<external_links>

</external_links>
<country>FR</country>
<main_image>http://www.aisne.cci.fr/extension/ccimaster/design/standard/images/cciaisne_opengraph.png</main_image>
</document>
