<?xml version="1.0" encoding="UTF-8"?>
<document>
<type>mainstream</type>
<forum>http://rzeszowiak.pl//rss/Przemysl-Maszyny-i-urzadzenia.xml</forum>
<forum_title>Przemysł www.rzeszowiak.pl</forum_title>
<discussion_title>STRUGARKA - HEBEL -SZLIFIARKA HEMAG - FINAMAT ...</discussion_title>
<language>polish</language>
<gmt_offset></gmt_offset>
<topic_url>http://www.rzeszowiak.pl/strugarka-hebel-szlifiarka-hemag-finamatcena-3900zlcena-8698975</topic_url>
<topic_text>
Dokładnie to na co czekałeś:- niezrównana jakość wykończenia- żadnych śladów szlifowania- żadnego rysowania- idealna baza dla kończenia powierzchni- żadnych problemów z papierem ściernym- skuteczny cykl obsługiwania- łatwy w obsłudze- maszyna w pełni sprawna. Zamiast szlifować powierzchnię FINAMAT HEMAG używa strugających noży podobnych do wygładzającego heblowania. Skończone powierzchnie są całkowicie gładkie i wolne od śladów papieru, nie są szkicowane przez zabrudzenia i dlatego oferują idealną bazę dla ukończenia warstw drewna, Szczególnie dla naturalnych drewnianych okien. DO MASZYNY JEST ZAPIĘTY WYCIĄG Z ŁAMACZEM WIÓR. SAM ROZDRABNIACZ JEST BARDZO DROGI. MOŻNA GO WYKORZYSTAĆ NAWET DO PRODUKCJI BRYKIETU CZY PELLETU.Więcej informacji:tel.: 660-728-740 [użyj poniższego formularza kontaktowego] woj. podkarpackiePoza tym w sprzedaży są:
</topic_text>
<spam_score>0.00</spam_score>
<post_num>1</post_num>
<post_id>post-1</post_id>
<post_url>http://www.rzeszowiak.pl/strugarka-hebel-szlifiarka-hemag-finamatcena-3900zlcena-8698975</post_url>
<post_date>20161219</post_date>
<post_time>0758</post_time>
<username>STRUGARKA - HEBEL -SZLIFIARKA HEMAG - FINAMAT</username>
<post>
Dokładnie to na co czekałeś:- niezrównana jakość wykończenia- żadnych śladów szlifowania- żadnego rysowania- idealna baza dla kończenia powierzchni- żadnych problemów z papierem ściernym- skuteczny cykl obsługiwania- łatwy w obsłudze- maszyna w pełni sprawna. Zamiast szlifować powierzchnię FINAMAT HEMAG używa strugających noży podobnych do wygładzającego heblowania. Skończone powierzchnie są całkowicie gładkie i wolne od śladów papieru, nie są szkicowane przez zabrudzenia i dlatego oferują idealną bazę dla ukończenia warstw drewna, Szczególnie dla naturalnych drewnianych okien. DO MASZYNY JEST ZAPIĘTY WYCIĄG Z ŁAMACZEM WIÓR. SAM ROZDRABNIACZ JEST BARDZO DROGI. MOŻNA GO WYKORZYSTAĆ NAWET DO PRODUKCJI BRYKIETU CZY PELLETU.Więcej informacji:tel.: 660-728-740 [użyj poniższego formularza kontaktowego] woj. podkarpackiePoza tym w sprzedaży są:
</post>
<signature>

</signature>
<external_links>

</external_links>
<country>PL</country>
<main_image></main_image>
</document>
