<?xml version="1.0" encoding="UTF-8"?>
<document>
<type>mainstream</type>
<forum>http://www.xtgamer.de/feed/</forum>
<forum_title>XTgamer.de</forum_title>
<discussion_title>XTgamer.de-Adventskalender – Türchen #20</discussion_title>
<language>german</language>
<gmt_offset></gmt_offset>
<topic_url>http://www.xtgamer.de/2016/12/20/xtgamer-de-adventskalender-tuerchen-20/</topic_url>
<topic_text>
20. Dezember 2016 Patrick 
In unserem Adventskalender erwartet Euch auf XTgamer.de jeden Tag eine neue Gaming-Überraschung. 
Werft einen Blick auf das nachfolgende Gewinnspiel-Widget, um die Preise einzusehen und an der Verlosung teilzunehmen. Wie immer gilt die Faustregel, 1 Teilnahme pro Person und wir können nicht garantieren, dass ihr einen oder euren Wunsch-Gewinn absahnt. Viel Erfolg &amp; eine schöne Adventszeit !
</topic_text>
<spam_score>0.00</spam_score>
<post_num>1</post_num>
<post_id>post-1</post_id>
<post_url>http://www.xtgamer.de/2016/12/20/xtgamer-de-adventskalender-tuerchen-20/</post_url>
<post_date>20161219</post_date>
<post_time>2300</post_time>
<username>Patrick</username>
<post>
20. Dezember 2016 Patrick 
In unserem Adventskalender erwartet Euch auf XTgamer.de jeden Tag eine neue Gaming-Überraschung. 
Werft einen Blick auf das nachfolgende Gewinnspiel-Widget, um die Preise einzusehen und an der Verlosung teilzunehmen. Wie immer gilt die Faustregel, 1 Teilnahme pro Person und wir können nicht garantieren, dass ihr einen oder euren Wunsch-Gewinn absahnt. Viel Erfolg &amp; eine schöne Adventszeit !
</post>
<signature>

</signature>
<external_links>

</external_links>
<country>DE</country>
<main_image></main_image>
</document>
