<?xml version="1.0" encoding="UTF-8"?>
<document>
<type>mainstream</type>
<forum>http://businessrecord.com/RSS/248</forum>
<forum_title>RSS Feed businessrecord.com : All Latest News</forum_title>
<discussion_title>Labor Dept.: &apos;Tis the season to cheat retail workers</discussion_title>
<language>english</language>
<gmt_offset></gmt_offset>
<topic_url>http://www.businessrecord.com:80/Content/Default/-All-Latest-News/Article/Labor-Dept-Tis-the-season-to-cheat-retail-workers/-3/248/75861</topic_url>
<topic_text>
BY BUSINESS RECORD STAFF Monday, December 19, 2016 10:42 AM The U.S. Department of Labor warns that some retailers are naughty, not nice, to workers -- particularly during the holiday season. How so? Most commonly by: Failing to pay them for prepping or closing out a cash register. Requiring staff to work through breaks without pay. Stiffing workers on overtime. The Labor Department notes that most businesses comply with labor laws. &quot;But economic forces, cost-cutting pressure from shareholders and competition mean that retail workers -- whether they&apos;re seasonal hires or old hands -- are vulnerable to wage violations. Some employers inadvertently commit such violations, while others deliberately cheat their workers,&quot; the department says on its website. In the 2016 fiscal year, the department found more than $14.7 million in back wages for more than 14,600 workers in the industry. That&apos;s over $1,000 per worker. For cashiers, that&apos;s nearly three times weekly earnings.
</topic_text>
<spam_score>0.00</spam_score>
<post_num>1</post_num>
<post_id>post-1</post_id>
<post_url>http://www.businessrecord.com:80/Content/Default/-All-Latest-News/Article/Labor-Dept-Tis-the-season-to-cheat-retail-workers/-3/248/75861</post_url>
<post_date>20161219</post_date>
<post_time>1642</post_time>
<username></username>
<post>
BY BUSINESS RECORD STAFF Monday, December 19, 2016 10:42 AM The U.S. Department of Labor warns that some retailers are naughty, not nice, to workers -- particularly during the holiday season. How so? Most commonly by: Failing to pay them for prepping or closing out a cash register. Requiring staff to work through breaks without pay. Stiffing workers on overtime. The Labor Department notes that most businesses comply with labor laws. &quot;But economic forces, cost-cutting pressure from shareholders and competition mean that retail workers -- whether they&apos;re seasonal hires or old hands -- are vulnerable to wage violations. Some employers inadvertently commit such violations, while others deliberately cheat their workers,&quot; the department says on its website. In the 2016 fiscal year, the department found more than $14.7 million in back wages for more than 14,600 workers in the industry. That&apos;s over $1,000 per worker. For cashiers, that&apos;s nearly three times weekly earnings.
</post>
<signature>

</signature>
<external_links>

</external_links>
<country>US</country>
<main_image></main_image>
</document>
