<?xml version="1.0" encoding="UTF-8"?>
<document>
<type>mainstream</type>
<forum>http://www.loudountimes.com/index.php/site/rss_2.0/</forum>
<forum_title>Loudoun County News</forum_title>
<discussion_title>Meyer to Loudoun Planning Commission: Don’t send Board of Supervisors ‘half-baked’ applications</discussion_title>
<language>english</language>
<gmt_offset></gmt_offset>
<topic_url>http://www.loudountimes.com/news/article/meyer_to_planning_commission_dont_send_the_board_half_baked_applications657</topic_url>
<topic_text>
Meyer to Loudoun Planning Commission: Don’t send Board of Supervisors ‘half-baked’ applications   Sydney Kashiwagi, .(JavaScript must be enabled to view this email address) | 0   Broad Run Supervisor Ron Meyer (R). File photo Before land use applications are presented to the Loudoun Board of Supervisors, they are first vetted by a nine-member, board-appointed Planning Commission that consider the proposals and either denies or forwards them to supervisors for final approval. At a recent Board of Supervisors public hearing, one supervisor questioned the amount of time the commission is putting in to vetting applications they forward to supervisors. “Part of my gripe with [the Planning Commission] overall is that they just forward applications without doing the work, and then they sometimes are upset when we change them,” Supervisor Ron Meyer (R-Broad Run) said from the dais at the Dec. 14 public hearing. “That’s because not enough work has been done.” Meyer continued, “Our Planning Commission needs to take these applications more seriously, do more work on them and make sure they improve them before they come to us.” The first-term Broad Run supervisor said it has been a persistent problem with the Planning Commission. He thinks the two bodies can improve the approval process if supervisors agree to not start negotiations with any applicants if that applicant has not already met with the district&apos;s planning commissioner. “I hope other board members would consider doing that too. The fundamental question becomes, ‘Why do we have a Planning Commission if they aren’t going to do anything?’” Meyer said, adding that with a recent Broadlands mixed-use application, the commission made no particular improvements to it. Meyer’s criticism of the Planning Commission comes after the commission sent a letter to supervisors in September warning them about making “unsolicited changes” to applications after the the commission passes them on to the board. The letter was prompted by complaints supervisors raised about a rezoning application that was forwarded by the Planning Commission related to expansion plans at One Loudoun. The Planning Commission’s letter also asked supervisors to consider returning specifically the One Loudoun application to them when “unsolicited and substantial changes, whether in number or importance, are made by applicants subsequent to Commission action.” Broad Run Planning Commissioner Cliff Keirce, who voted against sending the Broadlands application to the board for approval because he didn&apos;t feel it was ready, told the Times-Mirror he thinks supervisors need to be more “specific” with their complaints. Keirce said Meyer’s recent gripe was not the first time a board member voiced similar concerns about the Planning Commission, through Keirce would not say who the other supervisor was. “You guys appoint us here so if you think there are problems, and if you think it’s only with certain commissioners, maybe somebody needs to talk to them. I just don’t like them tarring the whole Planning Commission because they felt maybe something wasn’t followed through that should have been,” Keirce said. Planning Commission Chairman Jeff Salmon told the Times-Mirror that he and a majority of the commission felt the Broadlands application had been “properly reviewed” and that their concerns had been addressed. Salmon said the Planning Commission and supervisors often concentrate on different aspects of an application and that it&apos;s “perfectly reasonable” for the board to come to a conclusion different from supervisors. “That does not mean that the applicant wasn&apos;t well vetted, just that we may be coming to a different conclusion,” Salmon said. The Planning Commission chair said he would be willing to talk to any supervisor who needs more information from the commission before making any decision.
</topic_text>
<spam_score>0.00</spam_score>
<post_num>1</post_num>
<post_id>post-1</post_id>
<post_url>http://www.loudountimes.com/news/article/meyer_to_planning_commission_dont_send_the_board_half_baked_applications657</post_url>
<post_date>20161219</post_date>
<post_time>2259</post_time>
<username></username>
<post>
Meyer to Loudoun Planning Commission: Don’t send Board of Supervisors ‘half-baked’ applications   Sydney Kashiwagi, .(JavaScript must be enabled to view this email address) | 0   Broad Run Supervisor Ron Meyer (R). File photo Before land use applications are presented to the Loudoun Board of Supervisors, they are first vetted by a nine-member, board-appointed Planning Commission that consider the proposals and either denies or forwards them to supervisors for final approval. At a recent Board of Supervisors public hearing, one supervisor questioned the amount of time the commission is putting in to vetting applications they forward to supervisors. “Part of my gripe with [the Planning Commission] overall is that they just forward applications without doing the work, and then they sometimes are upset when we change them,” Supervisor Ron Meyer (R-Broad Run) said from the dais at the Dec. 14 public hearing. “That’s because not enough work has been done.” Meyer continued, “Our Planning Commission needs to take these applications more seriously, do more work on them and make sure they improve them before they come to us.” The first-term Broad Run supervisor said it has been a persistent problem with the Planning Commission. He thinks the two bodies can improve the approval process if supervisors agree to not start negotiations with any applicants if that applicant has not already met with the district&apos;s planning commissioner. “I hope other board members would consider doing that too. The fundamental question becomes, ‘Why do we have a Planning Commission if they aren’t going to do anything?’” Meyer said, adding that with a recent Broadlands mixed-use application, the commission made no particular improvements to it. Meyer’s criticism of the Planning Commission comes after the commission sent a letter to supervisors in September warning them about making “unsolicited changes” to applications after the the commission passes them on to the board. The letter was prompted by complaints supervisors raised about a rezoning application that was forwarded by the Planning Commission related to expansion plans at One Loudoun. The Planning Commission’s letter also asked supervisors to consider returning specifically the One Loudoun application to them when “unsolicited and substantial changes, whether in number or importance, are made by applicants subsequent to Commission action.” Broad Run Planning Commissioner Cliff Keirce, who voted against sending the Broadlands application to the board for approval because he didn&apos;t feel it was ready, told the Times-Mirror he thinks supervisors need to be more “specific” with their complaints. Keirce said Meyer’s recent gripe was not the first time a board member voiced similar concerns about the Planning Commission, through Keirce would not say who the other supervisor was. “You guys appoint us here so if you think there are problems, and if you think it’s only with certain commissioners, maybe somebody needs to talk to them. I just don’t like them tarring the whole Planning Commission because they felt maybe something wasn’t followed through that should have been,” Keirce said. Planning Commission Chairman Jeff Salmon told the Times-Mirror that he and a majority of the commission felt the Broadlands application had been “properly reviewed” and that their concerns had been addressed. Salmon said the Planning Commission and supervisors often concentrate on different aspects of an application and that it&apos;s “perfectly reasonable” for the board to come to a conclusion different from supervisors. “That does not mean that the applicant wasn&apos;t well vetted, just that we may be coming to a different conclusion,” Salmon said. The Planning Commission chair said he would be willing to talk to any supervisor who needs more information from the commission before making any decision.
</post>
<signature>

</signature>
<external_links>

</external_links>
<country>US</country>
<main_image></main_image>
</document>
