<?xml version="1.0" encoding="UTF-8"?>
<document>
<type>mainstream</type>
<forum>http://jinjibu.jp/GuestRssBeta.rss</forum>
<forum_title>『日本の人事部』新着ニュース</forum_title>
<discussion_title>コールセンター業界のハイレイヤーに特化した、ヘッドハンティングサービスを本格活動開始～『Call Center Career（コールセンターキャリア）』：セントメディア</discussion_title>
<language>japanese</language>
<gmt_offset></gmt_offset>
<topic_url>https://jinjibu.jp/news/detl/12158/</topic_url>
<topic_text>
コールセンター業界のハイレイヤーに特化した、ヘッドハンティングサービスを本格活動開始～『Call Center Career（コールセンターキャリア）』：セントメディア 
人材サービスを主力とする、 株式会社セントメディア （本社：東京都新宿区、代表取締役社長 大原 茂）は、コールセンター業界のハイレイヤーに特化した、 ヘッドハンティングサービス『 Call Center Career（コールセンターキャリア） 』 を2016年12月19日より本格活動を開始いたします。 

Call Center Career サービス概要 
『Call Center Career』は、コールセンター業界のハイレイヤー（責任者・管理者など）に特化した、ヘッドハンティングサービスです。専任のキャリアコンサルタントは、コールセンターの「SV・マネジメント経験者」のため、外部からは見えにくいセンター内の状況を、リアルにお伝えすることで、フィット感にこだわった、高精度なマッチングをご提供することが可能です。また、コールセンター業界の課題でもある、「マネジメント層の人材確保」といった、課題解決のご支援をすることができると考えています。 
●特徴1 圧倒的な情報量。国内600拠点以上のセンターを支援 当社は、CC事業の20年という歴史のなかで、現在600拠点を超えるセンターへの採用・マネジメント強化支援を行なっており、年間7,000名の採用実績があります。単なる転職エージェントではなく、CC運営の全てを支援しているため、CCの経営・社風現場、そして求人について圧倒的な量の情報を持っています。 
●特徴2 キャリアコンサルタントは、コールセンターSV経験者
</topic_text>
<spam_score>0.00</spam_score>
<post_num>1</post_num>
<post_id>post-1</post_id>
<post_url>https://jinjibu.jp/news/detl/12158/</post_url>
<post_date>20161219</post_date>
<post_time>0805</post_time>
<username></username>
<post>
コールセンター業界のハイレイヤーに特化した、ヘッドハンティングサービスを本格活動開始～『Call Center Career（コールセンターキャリア）』：セントメディア 
人材サービスを主力とする、 株式会社セントメディア （本社：東京都新宿区、代表取締役社長 大原 茂）は、コールセンター業界のハイレイヤーに特化した、 ヘッドハンティングサービス『 Call Center Career（コールセンターキャリア） 』 を2016年12月19日より本格活動を開始いたします。 

Call Center Career サービス概要 
『Call Center Career』は、コールセンター業界のハイレイヤー（責任者・管理者など）に特化した、ヘッドハンティングサービスです。専任のキャリアコンサルタントは、コールセンターの「SV・マネジメント経験者」のため、外部からは見えにくいセンター内の状況を、リアルにお伝えすることで、フィット感にこだわった、高精度なマッチングをご提供することが可能です。また、コールセンター業界の課題でもある、「マネジメント層の人材確保」といった、課題解決のご支援をすることができると考えています。 
●特徴1 圧倒的な情報量。国内600拠点以上のセンターを支援 当社は、CC事業の20年という歴史のなかで、現在600拠点を超えるセンターへの採用・マネジメント強化支援を行なっており、年間7,000名の採用実績があります。単なる転職エージェントではなく、CC運営の全てを支援しているため、CCの経営・社風現場、そして求人について圧倒的な量の情報を持っています。 
●特徴2 キャリアコンサルタントは、コールセンターSV経験者
</post>
<signature>

</signature>
<external_links>

</external_links>
<country>JP</country>
<main_image>https://jinjibu.jp/images/misc/nj_thumbnail_770_440.png</main_image>
</document>
