<?xml version="1.0" encoding="UTF-8"?>
<document>
<type>mainstream</type>
<forum>http://www.leparisien.fr/oise-60/rss.xml</forum>
<forum_title>Le Parisien  - Oise</forum_title>
<discussion_title>La foule au rendez-vous de la parade de Noël de Beauvais</discussion_title>
<language>french</language>
<gmt_offset></gmt_offset>
<topic_url>http://www.leparisien.fr/beauvais-60000/la-foule-au-rendez-vous-de-la-parade-de-noel-de-beauvais-18-12-2016-6470985.php</topic_url>
<topic_text>
B eau succès pour la grande parade de Noël de Beauvais, ce dimanche. Il y avait foule sur les trottoirs pour applaudir le défilé. Les groupes se sont lancés du pont de Paris et ont fait le tour de la place Jeanne-Hachette en distribuant confettis, bonbons et grands sourires. Des fanfares — certaines locales comme les Dragons Band d’Aux Marais, Samb’bagage ou la Bande de Beauvais — des clowns, des lutins, Madame Ballons mais aussi les Transformer’s… Tous ont su donner au défilé un côté magique. Et, bien entendu, le Père Noël était présent pour le plus grand bonheur des enfants. Dès que possible, il les faisait d’ailleurs monter dans sa calèche de bois le temps d’une photo. 

LP/P.C. 


LP/P.C. 


LP/P.C.
</topic_text>
<spam_score>0.00</spam_score>
<post_num>1</post_num>
<post_id>post-1</post_id>
<post_url>http://www.leparisien.fr/beauvais-60000/la-foule-au-rendez-vous-de-la-parade-de-noel-de-beauvais-18-12-2016-6470985.php</post_url>
<post_date>20161218</post_date>
<post_time>1730</post_time>
<username>leparisien.fr</username>
<post>
B eau succès pour la grande parade de Noël de Beauvais, ce dimanche. Il y avait foule sur les trottoirs pour applaudir le défilé. Les groupes se sont lancés du pont de Paris et ont fait le tour de la place Jeanne-Hachette en distribuant confettis, bonbons et grands sourires. Des fanfares — certaines locales comme les Dragons Band d’Aux Marais, Samb’bagage ou la Bande de Beauvais — des clowns, des lutins, Madame Ballons mais aussi les Transformer’s… Tous ont su donner au défilé un côté magique. Et, bien entendu, le Père Noël était présent pour le plus grand bonheur des enfants. Dès que possible, il les faisait d’ailleurs monter dans sa calèche de bois le temps d’une photo. 

LP/P.C. 


LP/P.C. 


LP/P.C.
</post>
<signature>

</signature>
<external_links>

</external_links>
<country>FR</country>
<main_image>http://s1.lprs1.fr/images/2016/12/18/6470985_af100cdc-c53b-11e6-a544-6975210c0c74-1.jpg</main_image>
</document>
