<?xml version="1.0" encoding="UTF-8"?>
<document>
<type>mainstream</type>
<forum>http://rzeszowiak.pl//rss/Przemysl-Maszyny-i-urzadzenia.xml</forum>
<forum_title>Przemysł www.rzeszowiak.pl</forum_title>
<discussion_title>Zaginarki blach ZGR 3500 / 0.65 ...</discussion_title>
<language>polish</language>
<gmt_offset></gmt_offset>
<topic_url>http://www.rzeszowiak.pl/zaginarka-warsztatowa-zgr-3500-065-to-genialne-urzadzenie-8698686</topic_url>
<topic_text>
Przemysł &gt; Zaginarka warsztatowa ZGR 3500 / 0.65 to genialne urządzenie do poprawienia efektywności pracy blacharzy i dekarzy. Produkujemy maszyny wyłącznie przemyślane, o solidnej konstrukcji aby zapewnić doskonałe parametry wykonywanych zgięć blachy i bezawaryjne użytkowanie zaginarki przez wiele lat.Zaginarka ZGR 3500 / 0.65 służy do zaginania blachy o maksymalnej grubości:- aluminium 1mmMaszyna jest sztywna i pracuje bardzo stabilnie. Waga ok 550kg. Produkcja przy użyciu technologii CNC. Gięcie blachy na całej długości roboczej wynoszącej 3,64m. Możliwość użycia zaginarki do cięcia blachy poprzez wyposażenie jej w nożyce krążkowe (w cenie 600zł netto) do cięcia blachy stalowej grubości 0.8mm.Zaginarki usprawniliśmy poprzez zastosowanie sprężyn gazowych w belkach górnej i zaginającej.Górną belkę można podnieść maksymalnie do 8cm. Grubość belki zaginającej 2,4cm.Dzięki tym maszynom każdy blacharz / dekarz zyskuje na jakości obróbek i oszczędza sporo czasu pracy. Wszystkie zaginarki są wprost od producenta a więc masz gwarancję atrakcyjnej ceny przy zachowaniu wysokiej jakości maszyn!Zapewniamy terminowość i szybkość dostaw, w CAŁYM KRAJU GRATIS!Dla pełnego bezpieczeństwa klient uiszcza PŁATNOŚĆ DOPIERO PRZY ODBIORZE!W razie zainteresowania innymi parametrami zaginarek zapraszamy do kontaktu pod podany numer. Oferta obejmuje zaginarki od 1,4m do 4,14m, gilotyny, noże rolkowe, żłobiarki, dogniatarki, zawijarki, prasy hydrauliczne. Produkty dostarczamy również za granicę.tel. 881437564
</topic_text>
<spam_score>0.00</spam_score>
<post_num>1</post_num>
<post_id>post-1</post_id>
<post_url>http://www.rzeszowiak.pl/zaginarka-warsztatowa-zgr-3500-065-to-genialne-urzadzenie-8698686</post_url>
<post_date>20161219</post_date>
<post_time>0715</post_time>
<username>Zaginarki blach ZGR 3500 / 0.65</username>
<post>
Przemysł &gt; Zaginarka warsztatowa ZGR 3500 / 0.65 to genialne urządzenie do poprawienia efektywności pracy blacharzy i dekarzy. Produkujemy maszyny wyłącznie przemyślane, o solidnej konstrukcji aby zapewnić doskonałe parametry wykonywanych zgięć blachy i bezawaryjne użytkowanie zaginarki przez wiele lat.Zaginarka ZGR 3500 / 0.65 służy do zaginania blachy o maksymalnej grubości:- aluminium 1mmMaszyna jest sztywna i pracuje bardzo stabilnie. Waga ok 550kg. Produkcja przy użyciu technologii CNC. Gięcie blachy na całej długości roboczej wynoszącej 3,64m. Możliwość użycia zaginarki do cięcia blachy poprzez wyposażenie jej w nożyce krążkowe (w cenie 600zł netto) do cięcia blachy stalowej grubości 0.8mm.Zaginarki usprawniliśmy poprzez zastosowanie sprężyn gazowych w belkach górnej i zaginającej.Górną belkę można podnieść maksymalnie do 8cm. Grubość belki zaginającej 2,4cm.Dzięki tym maszynom każdy blacharz / dekarz zyskuje na jakości obróbek i oszczędza sporo czasu pracy. Wszystkie zaginarki są wprost od producenta a więc masz gwarancję atrakcyjnej ceny przy zachowaniu wysokiej jakości maszyn!Zapewniamy terminowość i szybkość dostaw, w CAŁYM KRAJU GRATIS!Dla pełnego bezpieczeństwa klient uiszcza PŁATNOŚĆ DOPIERO PRZY ODBIORZE!W razie zainteresowania innymi parametrami zaginarek zapraszamy do kontaktu pod podany numer. Oferta obejmuje zaginarki od 1,4m do 4,14m, gilotyny, noże rolkowe, żłobiarki, dogniatarki, zawijarki, prasy hydrauliczne. Produkty dostarczamy również za granicę.tel. 881437564
</post>
<signature>

</signature>
<external_links>

</external_links>
<country>PL</country>
<main_image></main_image>
</document>
