<?xml version="1.0" encoding="UTF-8"?>
<document>
<type>mainstream</type>
<forum>http://espresso.repubblica.it/rss?sezione=espresso</forum>
<forum_title>Rss l&apos;Espresso</forum_title>
<discussion_title>Notai, quante strane sviste nel concorso</discussion_title>
<language>italian</language>
<gmt_offset></gmt_offset>
<topic_url>http://espresso.repubblica.it/inchieste/2016/12/14/news/notai-quelle-sviste-nel-concorso-1.291013</topic_url>
<topic_text>
Notai, quante strane sviste nel... Corporazioni Notai, quante strane sviste nel concorso Svarioni e cantonate, alcune anche molto gravi: ma i candidati sono promossi lo stesso. Sull&apos;esame per entrare nell&apos;Ordine si allungano ombre di Francesca Sironi 19 dicembre 2016 Aspiranti notai in fila per partecipare al concorso della loro categoria nel febbraio 2011 È lo sbarramento all’ingresso dell’ultima ambizione di casta. Il passaggio obbligato per l’accesso a una categoria che - seppur lamenti crisi - rimane in testa alle classifiche di reddito, con 200 mila euro all’anno dichiarati in media dai suoi professionisti. È il traguardo di lunghi studi e dura gavetta, ma soprattutto la prova che tributa il ruolo di pubblico ufficiale a chi firmerà atti, registri e documenti sancendone l’autenticità con il sigillo della Repubblica. Sul concorso notarile si addensano quindi molte speranze. Ma ora anche nuove domande. Almeno a leggere quanto rileva una denuncia che ipotizza reati sul bando per 300 nuovi notai indetto nel settembre del 2014 - di cui gli esami scritti si sono svolti l’anno scorso, e gli orali sono andati avanti fino allo scorso 6 dicembre. Dopo aver chiesto l’accesso alle correzioni d’esame, a cui aveva partecipato lei stessa, l’autrice dell’esposto si è trovata tra le mani decine di compiti in parte irregolari, testi redatti con imprecisioni tali, segnala nell’esposto, da renderli nulli secondo la legge in almeno dieci casi, ma a cui sono stati assegnati ugualmente voti sufficienti a traghettare i candidati verso il traguardo della nomina a notai, ormai prossima. Nell’elenco ci sono inciampi evidenti anche per chi non ha dimestichezza con gli strumenti del mestiere - come un atto in cui un sordomuto, «legge ad alta voce» le proprie disposizioni per l’eredità - e altri più tecnici, ma significativi per chi proprio in quella tecnica fa risiedere parte della specificità di un ruolo ancora saldamente nelle mani di meno di cinquemila persone nell’intero paese. Fra gli altri, un candidato sarebbe stato ammesso all’orale pur avendo all’interno del proprio elaborato una pagina scritta a mano con una calligrafia diversa da tutto il resto del suo testo. Stesso compito, due grafie completamente diverse L’indagine giudiziaria avviata in seguito alla denuncia è stata chiusa nell’arco di pochi mesi, e i pm della procura di Perugia titolari dell’inchiesta e competenti perché coinvolti otto magistrati romani che fanno parte della commissione, hanno chiesto al gip l’archiviazione. Decisione alla quale si è opposta la denunciante che ha segnalato al giudice, che ancora deve decidere, altri errori presenti negli elaborati. E pure nuovi quesiti sulla validità di giudizi formulati dalla commissione del concorso. GLI ERRORI Il concorso notarile è « una delle selezioni più serie e meritocratiche d’Italia », afferma Gianluca Abbate, consigliere nazionale dell’ordine: «Lo monitoriamo perché il numero di professionisti resti limitato». E spiega: «Ci stiamo adeguando alle norme sulla concorrenza che prevedono l’ingresso di altri 800 notai in ruolo attraverso gli ultimi due esami». E aggiunge che vengono selezionati in modo «del tutto imparziale, come ora accade». L’esame per entrare nella ridotta schiera è un test in cui bisogna « dimostrare una perfetta conoscenza delle tecniche redazionali dell’atto pubblico, oltre che della teoria legale », spiegava il notaio Lodovico Genghini ai suoi studenti. « Io stesso la prima volta sono stato bocciato perché avevo dimenticato un formalismo », racconta Ludovico Capuano, ex presidente dei giovani notai: «Certo, non era una questione di contenuto, solo un dettaglio. Ma rendeva il documento invalido nella sua ufficialità. Per cui hanno fatto bene a rimandarmi». Se lo dice lui, che ha rappresentato la categoria al Senato nella discussione per l’ultimo decreto legge sulla concorrenza, è così che andrebbero allora lette le irregolarità evidenziate nella relazione sul bando del 2014. Nella denuncia alla procura di Perugia viene fatto riferimento a oltre dieci elaborati che andrebbero considerati nulli perché inciampano in errori evidenti, si spiega nell’esposto, se confrontati con la legge notarile. E invece hanno ricevuto voti di 35, 37, 38 punti ciascuno, abbastanza da portare i candidati all’orale. Altri 70 presenterebbero insufficienze meno gravi, ma comunque rilevabili. Il cliente sordomuto &quot;ha dato lettura ad alta voce&quot; Alcune si concentrano sulla traccia con la quale i commissari chiedevano ai duemila partecipanti al concorso di sviluppare le volontà sul testamento di un ricco possidente, un uomo che non aveva la possibilità di udire e parlare. Ed ecco: c’è chi dimentica di citare subito l’interprete, scrivendo che «il comparente dichiara di essere sordomuto e di saper leggere e scrivere»; chi scorda di far sottoscrivere l’atto anche al testimone-traduttore; chi pur spiegando che «d’ora in poi ogni dichiarazione resa e ricevuta dal signor T. s’intende effettuata a mezzo dell’interprete», ci tiene a precisare quella lettura &quot;ad alta voce&quot; nelle battute finali. Altre inesattezze riguardano invece la liquidazione di un patrimonio immobiliare: in diversi compiti mancano, o sono errati, i riferimenti a planimetrie e catasto. Per una «parziale omissione» simile a quella in cui cadono alcuni dei candidati promossi, per dire, un notaio di Roma ha dovuto subire a giugno una sanzione disciplinare da 214 mila euro, per 415 atti zoppi. Formalismi? Aspiranti notai in fila per partecipare al concorso della loro categoria 23 febbraio 2011 LE RISPOSTE Sulla denuncia (rivelatasi così accurata da far riconoscere ai commissari, ad esempio, la trascrizione sbagliata di un voto, che è stato poi corretto al ribasso nel verbale) viene avviata un’indagine. Gli investigatori prendono copia dei compiti. E interrogano il vicepresidente della commissione, un consigliere della corte d’appello, che alle domande sugli errori evidenziati nell’esposto risponde: « Non posso escludere che possano esservi state sviste, o interpretazioni non perfettamente collimanti », ma sulla valutazione delle stesse, dice, andrebbe sentito un notaio, e lui non lo è. L’indagine viene chiusa presto, senza che nessun notaio venga sentito, e viene richiesta l’archiviazione; ora è stata depositata un’opposizione alla decisione della procura, dove si evidenziano anche almeno altre otto &quot;nullità&quot;. Intanto, i praticanti promossi stanno per diventare effettivi notai. Fra loro non mancano i “figli di” - «questa della casta ereditaria è una leggenda», ribatte, sul tema, il Consiglio dell’Ordine: «L’82 per cento dei notai non è figlio di notaio» - fra i promossi con le presunte irregolarità l’erede di un celebre notaio non manca. Come d’altronde fra gli esaminatori. «È stata una bella esperienza, far parte della commissione, ma mi sono stancata molto», racconta un notaio che faceva parte della squadra dei valutatori. « Siamo stati tutti molto attenti a che non ci fossero pressioni », dice, su eventuali favoritismi. «Sono andata proprio per verificare questo», aggiunge. «Certo, può capitare che qualcuno ce l’abbia fatta e qualcun altro no, pur con lo stesso errore, magari», precisa. «Ma se è successo è stato per stanchezza e per stress: ci hanno messo molta pressione sul far presto. Io sono stata accurata al massimo, ma non sempre alla fine della giornata riesci ad avere la stessa lucidità ». Insomma, sarebbe stato solo affaticamento da controllo - in 12 mesi - di mille e trecento elaborati, dice il commissario. Tale da non far riconoscere imprecisioni sulle quali «non c’è spazio interpretativo», secondo la candidata che ha denunciato: « Perché la legge notarile a riguardo è incontrovertibile ». Sui forum dei praticanti notai rimbalzano nel frattempo i dubbi di sempre. Tra la frenesia per gli scritti che si sono appena conclusi in vista dell’ingresso di altri 500 notai, l’entusiasmo, gli auguri. E le memorie dei test precedenti. Un compito con omissione del&apos;ora di sottoscrizione RICORDI «Io c’ero, certo, e chi se lo dimentica», ricorda il giovane notaio Capuano. Il riferimento è al concorso del 2010, quando l’intera platea dei candidati si sollevò perché una delle tracce assegnate ai presenti era simile, troppo simile, a un tema già sottoposto ai propri studenti da una scuola notarile di Roma. Gli scritti vennero sospesi. Le prove ri-assegnate. Polemiche, dibattiti, ricorsi. Poi, più nulla. Di nuovo, nel 2013, un notaio che era stato nominato commissario d’esame venne sostituito dopo un commento su Facebook in cui aveva scritto: «Ne ho già le scatole piene»; aggiungendo: «Però non è che passa così, succede un casino che il tifone delle Filippine è una tenera brezza», e a un ragazzo che gli chiedeva notizie su quei messaggi di rabbia rispondeva: « Bisogna dare le tracce per le teste di c…, io sono di impiccio », e ancora: «Dico solo che deve essere utilizzata una pista da spazzaneve, io non faccio al caso, rompo troppo i c...». Ora nessuno si è esposto in questi termini. Ma quelle sviste, tali da rendere, nella pratica legale, l’atto “nullo”, sviste rilevate ad alcuni, mentre ad altri no, restano indicate nell’esposto. «Occorre distinguere la fortuna dalle scorciatoie», scriveva in Rete un avvocato. A chiedere invece agli interessati cosa dovrebbe cambiare, di questo titanico esame, tutti sollevano in primo piano la questione del limite di tre consegne a persona: ogni aspirante notaio infatti può tentare il concorso, consegnando gli scritti, soltanto tre volte, oltre che prima dei 50 anni. È un modo, spiegano, per selezionare meglio i partecipanti ed evitare correzioni-monstre di elaborati imprecisi: solo l’organizzazione delle abilitazioni forensi e del concorso per notaio nel 2014 è costata al ministero della Giustizia un milione e 500mila euro. Il limite dei tre tentativi andrebbe tolto, però, dice ad esempio il consigliere Abbate, per dare maggiore serenità agli studenti. «Meglio sostituirlo con cinque partecipazioni», commentano i giovani. Mentre il notaio Genghini arriva a proporre la correzione dei compiti in teleconferenza, per non obbligare i singoli commissari a muoversi ogni volta. Ma soprattutto una correzione dei compiti in forma pubblica, accessibile a tutti. Farebbe bene ai notai, dice. E alla trasparenza. Tag
</topic_text>
<spam_score>0.00</spam_score>
<post_num>1</post_num>
<post_id>post-1</post_id>
<post_url>http://espresso.repubblica.it/inchieste/2016/12/14/news/notai-quelle-sviste-nel-concorso-1.291013</post_url>
<post_date>20161219</post_date>
<post_time>0109</post_time>
<username></username>
<post>
Notai, quante strane sviste nel... Corporazioni Notai, quante strane sviste nel concorso Svarioni e cantonate, alcune anche molto gravi: ma i candidati sono promossi lo stesso. Sull&apos;esame per entrare nell&apos;Ordine si allungano ombre di Francesca Sironi 19 dicembre 2016 Aspiranti notai in fila per partecipare al concorso della loro categoria nel febbraio 2011 È lo sbarramento all’ingresso dell’ultima ambizione di casta. Il passaggio obbligato per l’accesso a una categoria che - seppur lamenti crisi - rimane in testa alle classifiche di reddito, con 200 mila euro all’anno dichiarati in media dai suoi professionisti. È il traguardo di lunghi studi e dura gavetta, ma soprattutto la prova che tributa il ruolo di pubblico ufficiale a chi firmerà atti, registri e documenti sancendone l’autenticità con il sigillo della Repubblica. Sul concorso notarile si addensano quindi molte speranze. Ma ora anche nuove domande. Almeno a leggere quanto rileva una denuncia che ipotizza reati sul bando per 300 nuovi notai indetto nel settembre del 2014 - di cui gli esami scritti si sono svolti l’anno scorso, e gli orali sono andati avanti fino allo scorso 6 dicembre. Dopo aver chiesto l’accesso alle correzioni d’esame, a cui aveva partecipato lei stessa, l’autrice dell’esposto si è trovata tra le mani decine di compiti in parte irregolari, testi redatti con imprecisioni tali, segnala nell’esposto, da renderli nulli secondo la legge in almeno dieci casi, ma a cui sono stati assegnati ugualmente voti sufficienti a traghettare i candidati verso il traguardo della nomina a notai, ormai prossima. Nell’elenco ci sono inciampi evidenti anche per chi non ha dimestichezza con gli strumenti del mestiere - come un atto in cui un sordomuto, «legge ad alta voce» le proprie disposizioni per l’eredità - e altri più tecnici, ma significativi per chi proprio in quella tecnica fa risiedere parte della specificità di un ruolo ancora saldamente nelle mani di meno di cinquemila persone nell’intero paese. Fra gli altri, un candidato sarebbe stato ammesso all’orale pur avendo all’interno del proprio elaborato una pagina scritta a mano con una calligrafia diversa da tutto il resto del suo testo. Stesso compito, due grafie completamente diverse L’indagine giudiziaria avviata in seguito alla denuncia è stata chiusa nell’arco di pochi mesi, e i pm della procura di Perugia titolari dell’inchiesta e competenti perché coinvolti otto magistrati romani che fanno parte della commissione, hanno chiesto al gip l’archiviazione. Decisione alla quale si è opposta la denunciante che ha segnalato al giudice, che ancora deve decidere, altri errori presenti negli elaborati. E pure nuovi quesiti sulla validità di giudizi formulati dalla commissione del concorso. GLI ERRORI Il concorso notarile è « una delle selezioni più serie e meritocratiche d’Italia », afferma Gianluca Abbate, consigliere nazionale dell’ordine: «Lo monitoriamo perché il numero di professionisti resti limitato». E spiega: «Ci stiamo adeguando alle norme sulla concorrenza che prevedono l’ingresso di altri 800 notai in ruolo attraverso gli ultimi due esami». E aggiunge che vengono selezionati in modo «del tutto imparziale, come ora accade». L’esame per entrare nella ridotta schiera è un test in cui bisogna « dimostrare una perfetta conoscenza delle tecniche redazionali dell’atto pubblico, oltre che della teoria legale », spiegava il notaio Lodovico Genghini ai suoi studenti. « Io stesso la prima volta sono stato bocciato perché avevo dimenticato un formalismo », racconta Ludovico Capuano, ex presidente dei giovani notai: «Certo, non era una questione di contenuto, solo un dettaglio. Ma rendeva il documento invalido nella sua ufficialità. Per cui hanno fatto bene a rimandarmi». Se lo dice lui, che ha rappresentato la categoria al Senato nella discussione per l’ultimo decreto legge sulla concorrenza, è così che andrebbero allora lette le irregolarità evidenziate nella relazione sul bando del 2014. Nella denuncia alla procura di Perugia viene fatto riferimento a oltre dieci elaborati che andrebbero considerati nulli perché inciampano in errori evidenti, si spiega nell’esposto, se confrontati con la legge notarile. E invece hanno ricevuto voti di 35, 37, 38 punti ciascuno, abbastanza da portare i candidati all’orale. Altri 70 presenterebbero insufficienze meno gravi, ma comunque rilevabili. Il cliente sordomuto &quot;ha dato lettura ad alta voce&quot; Alcune si concentrano sulla traccia con la quale i commissari chiedevano ai duemila partecipanti al concorso di sviluppare le volontà sul testamento di un ricco possidente, un uomo che non aveva la possibilità di udire e parlare. Ed ecco: c’è chi dimentica di citare subito l’interprete, scrivendo che «il comparente dichiara di essere sordomuto e di saper leggere e scrivere»; chi scorda di far sottoscrivere l’atto anche al testimone-traduttore; chi pur spiegando che «d’ora in poi ogni dichiarazione resa e ricevuta dal signor T. s’intende effettuata a mezzo dell’interprete», ci tiene a precisare quella lettura &quot;ad alta voce&quot; nelle battute finali. Altre inesattezze riguardano invece la liquidazione di un patrimonio immobiliare: in diversi compiti mancano, o sono errati, i riferimenti a planimetrie e catasto. Per una «parziale omissione» simile a quella in cui cadono alcuni dei candidati promossi, per dire, un notaio di Roma ha dovuto subire a giugno una sanzione disciplinare da 214 mila euro, per 415 atti zoppi. Formalismi? Aspiranti notai in fila per partecipare al concorso della loro categoria 23 febbraio 2011 LE RISPOSTE Sulla denuncia (rivelatasi così accurata da far riconoscere ai commissari, ad esempio, la trascrizione sbagliata di un voto, che è stato poi corretto al ribasso nel verbale) viene avviata un’indagine. Gli investigatori prendono copia dei compiti. E interrogano il vicepresidente della commissione, un consigliere della corte d’appello, che alle domande sugli errori evidenziati nell’esposto risponde: « Non posso escludere che possano esservi state sviste, o interpretazioni non perfettamente collimanti », ma sulla valutazione delle stesse, dice, andrebbe sentito un notaio, e lui non lo è. L’indagine viene chiusa presto, senza che nessun notaio venga sentito, e viene richiesta l’archiviazione; ora è stata depositata un’opposizione alla decisione della procura, dove si evidenziano anche almeno altre otto &quot;nullità&quot;. Intanto, i praticanti promossi stanno per diventare effettivi notai. Fra loro non mancano i “figli di” - «questa della casta ereditaria è una leggenda», ribatte, sul tema, il Consiglio dell’Ordine: «L’82 per cento dei notai non è figlio di notaio» - fra i promossi con le presunte irregolarità l’erede di un celebre notaio non manca. Come d’altronde fra gli esaminatori. «È stata una bella esperienza, far parte della commissione, ma mi sono stancata molto», racconta un notaio che faceva parte della squadra dei valutatori. « Siamo stati tutti molto attenti a che non ci fossero pressioni », dice, su eventuali favoritismi. «Sono andata proprio per verificare questo», aggiunge. «Certo, può capitare che qualcuno ce l’abbia fatta e qualcun altro no, pur con lo stesso errore, magari», precisa. «Ma se è successo è stato per stanchezza e per stress: ci hanno messo molta pressione sul far presto. Io sono stata accurata al massimo, ma non sempre alla fine della giornata riesci ad avere la stessa lucidità ». Insomma, sarebbe stato solo affaticamento da controllo - in 12 mesi - di mille e trecento elaborati, dice il commissario. Tale da non far riconoscere imprecisioni sulle quali «non c’è spazio interpretativo», secondo la candidata che ha denunciato: « Perché la legge notarile a riguardo è incontrovertibile ». Sui forum dei praticanti notai rimbalzano nel frattempo i dubbi di sempre. Tra la frenesia per gli scritti che si sono appena conclusi in vista dell’ingresso di altri 500 notai, l’entusiasmo, gli auguri. E le memorie dei test precedenti. Un compito con omissione del&apos;ora di sottoscrizione RICORDI «Io c’ero, certo, e chi se lo dimentica», ricorda il giovane notaio Capuano. Il riferimento è al concorso del 2010, quando l’intera platea dei candidati si sollevò perché una delle tracce assegnate ai presenti era simile, troppo simile, a un tema già sottoposto ai propri studenti da una scuola notarile di Roma. Gli scritti vennero sospesi. Le prove ri-assegnate. Polemiche, dibattiti, ricorsi. Poi, più nulla. Di nuovo, nel 2013, un notaio che era stato nominato commissario d’esame venne sostituito dopo un commento su Facebook in cui aveva scritto: «Ne ho già le scatole piene»; aggiungendo: «Però non è che passa così, succede un casino che il tifone delle Filippine è una tenera brezza», e a un ragazzo che gli chiedeva notizie su quei messaggi di rabbia rispondeva: « Bisogna dare le tracce per le teste di c…, io sono di impiccio », e ancora: «Dico solo che deve essere utilizzata una pista da spazzaneve, io non faccio al caso, rompo troppo i c...». Ora nessuno si è esposto in questi termini. Ma quelle sviste, tali da rendere, nella pratica legale, l’atto “nullo”, sviste rilevate ad alcuni, mentre ad altri no, restano indicate nell’esposto. «Occorre distinguere la fortuna dalle scorciatoie», scriveva in Rete un avvocato. A chiedere invece agli interessati cosa dovrebbe cambiare, di questo titanico esame, tutti sollevano in primo piano la questione del limite di tre consegne a persona: ogni aspirante notaio infatti può tentare il concorso, consegnando gli scritti, soltanto tre volte, oltre che prima dei 50 anni. È un modo, spiegano, per selezionare meglio i partecipanti ed evitare correzioni-monstre di elaborati imprecisi: solo l’organizzazione delle abilitazioni forensi e del concorso per notaio nel 2014 è costata al ministero della Giustizia un milione e 500mila euro. Il limite dei tre tentativi andrebbe tolto, però, dice ad esempio il consigliere Abbate, per dare maggiore serenità agli studenti. «Meglio sostituirlo con cinque partecipazioni», commentano i giovani. Mentre il notaio Genghini arriva a proporre la correzione dei compiti in teleconferenza, per non obbligare i singoli commissari a muoversi ogni volta. Ma soprattutto una correzione dei compiti in forma pubblica, accessibile a tutti. Farebbe bene ai notai, dice. E alla trasparenza. Tag
</post>
<signature>

</signature>
<external_links>

</external_links>
<country>IT</country>
<main_image>http://espresso.repubblica.it/polopoly_fs/1.291039.1481741578!/httpImage/image.jpg_gen/derivatives/articolo_222/image.jpg</main_image>
</document>
