<?xml version="1.0" encoding="UTF-8"?>
<document>
<type>mainstream</type>
<forum>http://wartakota.tribunnews.com/rss</forum>
<forum_title>Wartakota</forum_title>
<discussion_title>Ahok Menangis saat Sidang: Orangtua Kandung dan Angkat Saya Bersumpah</discussion_title>
<language>indonesian</language>
<gmt_offset></gmt_offset>
<topic_url>http://wartakota.tribunnews.com/2016/12/20/ahok-menangis-orangtua-kandung-dan-angkat-saya-bersumpah</topic_url>
<topic_text>
Baca: Lulung Tertawakan Ahok Nangis, Katanya Aktingnya Bagus 
Berikut ini Wartakotalive.com kembali menulis apa yang menjadi penyebab Ahok sampai sesenggukan di ruang sidang. 
Tangis Ahok itu kemudian mendapat respon berbagai macam, baik pro maupun kontra. Meme Ahok dengan berbagai ekspresi pun bermunculan di media sosial. 
Ahok Ingat Orangtua 
Ahok mulai menangis saat menceritakan kedekatan orangtua dan keluarganya yang nonmuslim dengan keluarga orangtua angkatnya yang berasal dari Bone, Sulawesi Selatan, 
&quot;Orangtua saya dan orangtua angkat saya bersumpah untuk tetap bersaudara sampai akhir hayat,&quot; ujar Ahok. 
Ahok mengatakan, karena penghormatan kepada kedua orangtua kandung dan orangtua angkatnya, tidak mungkin dirinya melakukan penistaan terhadap ulama dan islam. 
&quot;Saya sangat sedih dituduh menista agama Islam. Karena tuduhan itu sama saja saya telah menista saudara-suadara angkat saya sendiri yang beragama Islam,&quot; ujar Ahok sambil terisak dan menyeka air matanya. 
Dia melanjutkan, &quot;Bahkan saat kuliah S2 di Prasetya Mulia, kakak angkat saya yang bayar kuliah.&quot; 
Ahok melanjutkan, saat berziarah ke makam almarhum orangtuanya di TPU Karet Bivak, jakarta Pusat, dirinya melepas alas kaki. 
&quot;Saya tidak pakai sepatu dan sandal saat ziarah ke makam orangtua angkat saya, karena saya hormati keyakinan saudara angkat saya itu,&quot; ujarnya. 
Seperti diberitakan sebelumnya, Ketua Majelis Hakim sidang penodaan agama dengan terdakwa Ir Basuki Tjahaja Purnama MM alias Ahok, H Dwiyarso Budi Santiarto SH M Hum, membuka sidang dan menyatakan terbuka untuk umum, Selasa (13/12/2016). 
Tetapi, sebelum melanjutkan sidang, Dwiyarso menyatakan, saat persidangan sudah memasuki pembuktian, sidang tetap dinyatakan terbuka tetapi tidak disiarkan secara langsung oleh televisi. Ikuti kami di
</topic_text>
<spam_score>0.00</spam_score>
<post_num>1</post_num>
<post_id>post-1</post_id>
<post_url>http://wartakota.tribunnews.com/2016/12/20/ahok-menangis-orangtua-kandung-dan-angkat-saya-bersumpah</post_url>
<post_date>20161219</post_date>
<post_time>2149</post_time>
<username></username>
<post>
Baca: Lulung Tertawakan Ahok Nangis, Katanya Aktingnya Bagus 
Berikut ini Wartakotalive.com kembali menulis apa yang menjadi penyebab Ahok sampai sesenggukan di ruang sidang. 
Tangis Ahok itu kemudian mendapat respon berbagai macam, baik pro maupun kontra. Meme Ahok dengan berbagai ekspresi pun bermunculan di media sosial. 
Ahok Ingat Orangtua 
Ahok mulai menangis saat menceritakan kedekatan orangtua dan keluarganya yang nonmuslim dengan keluarga orangtua angkatnya yang berasal dari Bone, Sulawesi Selatan, 
&quot;Orangtua saya dan orangtua angkat saya bersumpah untuk tetap bersaudara sampai akhir hayat,&quot; ujar Ahok. 
Ahok mengatakan, karena penghormatan kepada kedua orangtua kandung dan orangtua angkatnya, tidak mungkin dirinya melakukan penistaan terhadap ulama dan islam. 
&quot;Saya sangat sedih dituduh menista agama Islam. Karena tuduhan itu sama saja saya telah menista saudara-suadara angkat saya sendiri yang beragama Islam,&quot; ujar Ahok sambil terisak dan menyeka air matanya. 
Dia melanjutkan, &quot;Bahkan saat kuliah S2 di Prasetya Mulia, kakak angkat saya yang bayar kuliah.&quot; 
Ahok melanjutkan, saat berziarah ke makam almarhum orangtuanya di TPU Karet Bivak, jakarta Pusat, dirinya melepas alas kaki. 
&quot;Saya tidak pakai sepatu dan sandal saat ziarah ke makam orangtua angkat saya, karena saya hormati keyakinan saudara angkat saya itu,&quot; ujarnya. 
Seperti diberitakan sebelumnya, Ketua Majelis Hakim sidang penodaan agama dengan terdakwa Ir Basuki Tjahaja Purnama MM alias Ahok, H Dwiyarso Budi Santiarto SH M Hum, membuka sidang dan menyatakan terbuka untuk umum, Selasa (13/12/2016). 
Tetapi, sebelum melanjutkan sidang, Dwiyarso menyatakan, saat persidangan sudah memasuki pembuktian, sidang tetap dinyatakan terbuka tetapi tidak disiarkan secara langsung oleh televisi. Ikuti kami di
</post>
<signature>

</signature>
<external_links>

</external_links>
<country>US</country>
<main_image>http://cdn2.tstatic.net/wartakota/foto/bank/images/ahok-sidang_20161213_200242.jpg</main_image>
</document>
