<?xml version="1.0" encoding="UTF-8"?>
<document>
<type>mainstream</type>
<forum>http://www.nieuws.be/rss/nieuws/Regio.rss</forum>
<forum_title>Nieuws.be - Rubriek &apos;Regio&apos;</forum_title>
<discussion_title>Hoboken wint bloemensymbolen op de Groene Lente 2016</discussion_title>
<language>dutch</language>
<gmt_offset></gmt_offset>
<topic_url>http://www.nieuws.be/nieuws/Hoboken_wint_bloemensymbolen_op_de_Groene_Lente_2016_bbb2879a.aspx</topic_url>
<topic_text>
Hoboken wint bloemensymbolen op de Groene Lente 2016 De Vereniging voor Openbaar groen (VVOG) heeft de winnaars bekendgemaakt van de finale van de Groene Lente 2016. Met de Groene Lente wil VVOG openbaar groen promoten door interessante, creatieve en vernieuwende groenprojecten in de kijker te plaatsen. Ook het district Hoboken viel in de prijzen. Lees meer » dinsdag 20 dec 00u00
</topic_text>
<spam_score>0.00</spam_score>
<post_num>1</post_num>
<post_id>post-1</post_id>
<post_url>http://www.nieuws.be/nieuws/Hoboken_wint_bloemensymbolen_op_de_Groene_Lente_2016_bbb2879a.aspx</post_url>
<post_date>20161219</post_date>
<post_time>2300</post_time>
<username>Nieuws.be</username>
<post>
Hoboken wint bloemensymbolen op de Groene Lente 2016 De Vereniging voor Openbaar groen (VVOG) heeft de winnaars bekendgemaakt van de finale van de Groene Lente 2016. Met de Groene Lente wil VVOG openbaar groen promoten door interessante, creatieve en vernieuwende groenprojecten in de kijker te plaatsen. Ook het district Hoboken viel in de prijzen. Lees meer » dinsdag 20 dec 00u00
</post>
<signature>

</signature>
<external_links>

</external_links>
<country>BE</country>
<main_image></main_image>
</document>
