<?xml version="1.0" encoding="UTF-8"?>
<document>
<type>mainstream</type>
<forum>http://bonde.com.br//rss</forum>
<forum_title>Bonde. O seu portal</forum_title>
<discussion_title>Política</discussion_title>
<language>portuguese</language>
<gmt_offset></gmt_offset>
<topic_url>http://www.bonde.com.br/bondenews/politica/gilmar-mendes-acao-da-chapa-dilma-temer-pode-ser-julgada-no-1-semestre-430178.html</topic_url>
<topic_text>
O presidente do Tribunal Superior Eleitoral (TSE), Gilmar Mendes, disse hoje (19) que o processo em que o PSDB pede a cassação da chapa Dilma-Temer, eleita em 2014, poderá ser julgado pela Corte no primeiro semestre de 2017. Segundo o ministro, que fez um balanço dos trabalhos do tribunal em 2016, o início do julgamento depende da liberação do voto do ministro Herman Benjamin, relator das ações. &quot;Eu estou fazendo uma estimativa de que, mantida a atual situação de temperatura e pressão, nós podemos julgar no primeiro semestre. Se houver o alongamento dessa instrução probatória, se o relator entender que nós temos que aprofundar, inclusive, nas delações da Odebrecht, que só serão homologadas, pelo que eu suponho, no ano que vem, então, certamente, nós vamos ter desdobramentos nesta fase e não vamos ter decisões no primeiro semestre&quot;, disse o Gilmar Mendes. Abaixo, usuários do
</topic_text>
<spam_score>0.00</spam_score>
<post_num>1</post_num>
<post_id>post-1</post_id>
<post_url>http://www.bonde.com.br/bondenews/politica/gilmar-mendes-acao-da-chapa-dilma-temer-pode-ser-julgada-no-1-semestre-430178.html</post_url>
<post_date>20161219</post_date>
<post_time>2020</post_time>
<username></username>
<post>
O presidente do Tribunal Superior Eleitoral (TSE), Gilmar Mendes, disse hoje (19) que o processo em que o PSDB pede a cassação da chapa Dilma-Temer, eleita em 2014, poderá ser julgado pela Corte no primeiro semestre de 2017. Segundo o ministro, que fez um balanço dos trabalhos do tribunal em 2016, o início do julgamento depende da liberação do voto do ministro Herman Benjamin, relator das ações. &quot;Eu estou fazendo uma estimativa de que, mantida a atual situação de temperatura e pressão, nós podemos julgar no primeiro semestre. Se houver o alongamento dessa instrução probatória, se o relator entender que nós temos que aprofundar, inclusive, nas delações da Odebrecht, que só serão homologadas, pelo que eu suponho, no ano que vem, então, certamente, nós vamos ter desdobramentos nesta fase e não vamos ter decisões no primeiro semestre&quot;, disse o Gilmar Mendes. Abaixo, usuários do
</post>
<signature>

</signature>
<external_links>

</external_links>
<country>BR</country>
<main_image>http://www.bonde.com.br/image_src/logo.jpg</main_image>
</document>
