<?xml version="1.0" encoding="UTF-8"?>
<document>
<type>mainstream</type>
<forum>http://www.doolnews.com/feed/</forum>
<forum_title>doolnews.com | Kerala&apos;s No1 News Portal</forum_title>
<discussion_title>മുസ്‌ലീങ്ങള്‍ക്ക് വെള്ളിയാഴ്ച പ്രാര്‍ത്ഥനയ്ക്കായി സമയം അനുവദിക്കുന്നതിനെതിരെ ബി.ജെ.പി വക്താവ്</discussion_title>
<language>malayalam</language>
<gmt_offset></gmt_offset>
<topic_url>http://www.doolnews.com/bjp-on-rawat-govts-friday-namaz-permission-343.html</topic_url>
<topic_text>
മുസ്‌ലീങ്ങള്‍ക്ക് വെള്ളിയാഴ്ച പ്രാര്‍ത്ഥനയ്ക്കായി സമയം അനുവദിക്കുന്നതിനെതിരെ ബി.ജെ.പി വക്താവ് 19th December 2016 ‘തിങ്കളാഴ്ച ശിവ പൂജയ്ക്കുവേണ്ടിയോ ചൊവ്വാഴ്ച ഹനുമാന്‍ പൂജയ്ക്കുവേണ്ടിയോ ഞായറാഴ്ച സൂര്യഭഗവാനെ പൂജിക്കാനോ ഹിന്ദുക്കള്‍ സമയം ചോദിച്ചാലലെന്താ’ എന്നാണ് ഈ നീക്കത്തോട് പ്രതികരിച്ചുകൊണ്ട് അദ്ദേഹം വാര്‍ത്താ ഏജന്‍സിയായ എ.എന്‍.ഐയോടു പറഞ്ഞത്. 
ഡറാഡൂണ്‍: വെള്ളിയാഴ്ച പ്രാര്‍ത്ഥനയ്ക്കായി ഇസ്‌ലാം മതവിശ്വാസികള്‍ക്ക് രണ്ടുമണിക്കൂര്‍ ഇടവേള അനുവദിക്കാനുള്ള ഉത്തരാഖണ്ഡ് സര്‍ക്കാര്‍ നീക്കത്തെ ചോദ്യം ചെയ്ത് ബി.ജെ.പി വക്താവ് നളിന്‍ കൊഹ്‌ലി. 
‘തിങ്കളാഴ്ച ശിവ പൂജയ്ക്കുവേണ്ടിയോ ചൊവ്വാഴ്ച ഹനുമാന്‍ പൂജയ്ക്കുവേണ്ടിയോ ഞായറാഴ്ച സൂര്യഭഗവാനെ പൂജിക്കാനോ ഹിന്ദുക്കള്‍ സമയം ചോദിച്ചാലലെന്താ’ എന്നാണ് ഈ നീക്കത്തോട് പ്രതികരിച്ചുകൊണ്ട് അദ്ദേഹം വാര്‍ത്താ ഏജന്‍സിയായ എ.എന്‍.ഐയോടു പറഞ്ഞത്. Don’t Miss:കേരള പോലീസ് യുവമോര്‍ച്ചയുടെ നിയന്ത്രണത്തിലാണോ: കമല്‍ സി ചവറയെ കസ്റ്റഡിയിലെടുത്ത പോലീസ് നടപടിക്കെതിരെ രൂക്ഷവിമര്‍ശനവുമായി കവി സച്ചിദാനന്ദന്‍ 
വോട്ടിനുവേണ്ടി ഹരീഷ് റാവത്തിന്റെ നേതൃത്വത്തിലുള്ള കോണ്‍ഗ്രസ് സര്‍ക്കാര്‍ എന്തു ചെയ്യാനും തയ്യാറാണെന്നാണ് ഈ നീക്കം വ്യക്തമാക്കുന്നതെന്നും കൊഹ്‌ലി പറഞ്ഞു. 
മുസ്‌ലിം സമുദായത്തില്‍പ്പെട്ട തൊഴിലാളികള്‍ക്ക് വെള്ളിയാഴ്ച ദിവസങ്ങളില്‍ നമസ്‌കാരത്തിനായി സമയം അനുവദിക്കാന്‍ ശനിയാഴ്ച ചേര്‍ന്ന മന്ത്രിസഭാ യോഗമാണ് തീരുമാനിച്ചത്. 12.30 മുതല്‍ രണ്ടുമണിവരെ സമയം അനുവദിക്കാനാണ് തീരുമാനം.
</topic_text>
<spam_score>0.00</spam_score>
<post_num>1</post_num>
<post_id>post-1</post_id>
<post_url>http://www.doolnews.com/bjp-on-rawat-govts-friday-namaz-permission-343.html</post_url>
<post_date>20161219</post_date>
<post_time>0919</post_time>
<username>editor</username>
<post>
മുസ്‌ലീങ്ങള്‍ക്ക് വെള്ളിയാഴ്ച പ്രാര്‍ത്ഥനയ്ക്കായി സമയം അനുവദിക്കുന്നതിനെതിരെ ബി.ജെ.പി വക്താവ് 19th December 2016 ‘തിങ്കളാഴ്ച ശിവ പൂജയ്ക്കുവേണ്ടിയോ ചൊവ്വാഴ്ച ഹനുമാന്‍ പൂജയ്ക്കുവേണ്ടിയോ ഞായറാഴ്ച സൂര്യഭഗവാനെ പൂജിക്കാനോ ഹിന്ദുക്കള്‍ സമയം ചോദിച്ചാലലെന്താ’ എന്നാണ് ഈ നീക്കത്തോട് പ്രതികരിച്ചുകൊണ്ട് അദ്ദേഹം വാര്‍ത്താ ഏജന്‍സിയായ എ.എന്‍.ഐയോടു പറഞ്ഞത്. 
ഡറാഡൂണ്‍: വെള്ളിയാഴ്ച പ്രാര്‍ത്ഥനയ്ക്കായി ഇസ്‌ലാം മതവിശ്വാസികള്‍ക്ക് രണ്ടുമണിക്കൂര്‍ ഇടവേള അനുവദിക്കാനുള്ള ഉത്തരാഖണ്ഡ് സര്‍ക്കാര്‍ നീക്കത്തെ ചോദ്യം ചെയ്ത് ബി.ജെ.പി വക്താവ് നളിന്‍ കൊഹ്‌ലി. 
‘തിങ്കളാഴ്ച ശിവ പൂജയ്ക്കുവേണ്ടിയോ ചൊവ്വാഴ്ച ഹനുമാന്‍ പൂജയ്ക്കുവേണ്ടിയോ ഞായറാഴ്ച സൂര്യഭഗവാനെ പൂജിക്കാനോ ഹിന്ദുക്കള്‍ സമയം ചോദിച്ചാലലെന്താ’ എന്നാണ് ഈ നീക്കത്തോട് പ്രതികരിച്ചുകൊണ്ട് അദ്ദേഹം വാര്‍ത്താ ഏജന്‍സിയായ എ.എന്‍.ഐയോടു പറഞ്ഞത്. Don’t Miss:കേരള പോലീസ് യുവമോര്‍ച്ചയുടെ നിയന്ത്രണത്തിലാണോ: കമല്‍ സി ചവറയെ കസ്റ്റഡിയിലെടുത്ത പോലീസ് നടപടിക്കെതിരെ രൂക്ഷവിമര്‍ശനവുമായി കവി സച്ചിദാനന്ദന്‍ 
വോട്ടിനുവേണ്ടി ഹരീഷ് റാവത്തിന്റെ നേതൃത്വത്തിലുള്ള കോണ്‍ഗ്രസ് സര്‍ക്കാര്‍ എന്തു ചെയ്യാനും തയ്യാറാണെന്നാണ് ഈ നീക്കം വ്യക്തമാക്കുന്നതെന്നും കൊഹ്‌ലി പറഞ്ഞു. 
മുസ്‌ലിം സമുദായത്തില്‍പ്പെട്ട തൊഴിലാളികള്‍ക്ക് വെള്ളിയാഴ്ച ദിവസങ്ങളില്‍ നമസ്‌കാരത്തിനായി സമയം അനുവദിക്കാന്‍ ശനിയാഴ്ച ചേര്‍ന്ന മന്ത്രിസഭാ യോഗമാണ് തീരുമാനിച്ചത്. 12.30 മുതല്‍ രണ്ടുമണിവരെ സമയം അനുവദിക്കാനാണ് തീരുമാനം.
</post>
<signature>

</signature>
<external_links>

</external_links>
<country>US</country>
<main_image>http://www.doolnews.com/wp-content/uploads/2016/12/kohli.jpg</main_image>
</document>
