<?xml version="1.0" encoding="UTF-8"?>
<document>
<type>mainstream</type>
<forum>http://kazan.bezformata.ru/rss.xml</forum>
<forum_title>Новости города БезФормата.Ru Республика Татарстан Казань</forum_title>
<discussion_title>Коллегия выборщиков избрала Президентом США Дональда Трампа</discussion_title>
<language>russian</language>
<gmt_offset></gmt_offset>
<topic_url>http://kazan.bezformata.ru/listnews/viborshikov-izbrala-prezidentom-ssha/53375399/</topic_url>
<topic_text>
Коллегия выборщиков избрала Президентом США Дональда Трампа Кандидат от республиканцев получил необходимые для победы 270 голосов. 
(Казань,   »). В Соединенных Штатах коллегия выборщиков подтвердила победу кандидата от Республиканской партии Дональда Трампа на выборах Президента страны. Об этом сообщает Republic со ссылкой на Associated Press. 
Информационное агентство отмечает, что Трамп получил необходимые для победы 270 голосов выборщиков. 
Инаугурация нового Президента США должна состояться 20 января 2017 года. Подписывайтесь на нас в Telegram
</topic_text>
<spam_score>0.00</spam_score>
<post_num>1</post_num>
<post_id>post-1</post_id>
<post_url>http://kazan.bezformata.ru/listnews/viborshikov-izbrala-prezidentom-ssha/53375399/</post_url>
<post_date>20161219</post_date>
<post_time>2336</post_time>
<username></username>
<post>
Коллегия выборщиков избрала Президентом США Дональда Трампа Кандидат от республиканцев получил необходимые для победы 270 голосов. 
(Казань,   »). В Соединенных Штатах коллегия выборщиков подтвердила победу кандидата от Республиканской партии Дональда Трампа на выборах Президента страны. Об этом сообщает Republic со ссылкой на Associated Press. 
Информационное агентство отмечает, что Трамп получил необходимые для победы 270 голосов выборщиков. 
Инаугурация нового Президента США должна состояться 20 января 2017 года. Подписывайтесь на нас в Telegram
</post>
<signature>

</signature>
<external_links>

</external_links>
<country>RU</country>
<main_image></main_image>
</document>
