<?xml version="1.0" encoding="UTF-8"?>
<document>
<type>mainstream</type>
<forum>http://nowemiasto.wm.pl/index.rss</forum>
<forum_title>NoweMiasto</forum_title>
<discussion_title>Przedświąteczne atrakcje na rynku w Nowym Mieście (nowe zdjęcia)</discussion_title>
<language>polish</language>
<gmt_offset></gmt_offset>
<topic_url>http://nowemiasto.wm.pl/406242,Przedswiateczne-atrakcje-na-rynku-w-Nowym-Miescie-nowe-zdjecia.html</topic_url>
<topic_text>
Przedświąteczne atrakcje na rynku w Nowym Mieście (nowe zdjęcia) 2016-12-19 16:32:46 (ost. akt: 2016-12-19 23:53:35) Wieczorem kultowa ciężarówka z pełną iluminacją wyglądała jeszcze atrakcyjniej Autor zdjęcia: Stanisław R. Ulatowski 
Podziel się: Na Świątecznej Trasie Ciężarówek Coca - Cola znalazło się Nowe Miasto Lubawskie. Firmowa ciężarówka stanęła dziś na nowomiejskim rynku. Atrakcje zaplanowano do godziny 21. Dziś do wieczora warto zajrzeć na rynek w Nowym Mieście Lubawskim. Stoją tu czerwone namioty i ciężarówka Coca - Cola. A przed nimi kolejki dzieci i dorosłych. Chętni spotykają się ze świętym Mikołajem i robią sobie z nim pamiątkowe zdjęcia. Jest też wirtualna przejażdżka jego saniami, można się wcielić w kierowcę ciężarówki. Każdy może &quot;wyprodukować&quot; puszkę Coca - Cola ze swoim imieniem. Są również gry i konkursy z nagrodami. W jednym z namiotów znajduje się fabryka świątecznych upominków. Dzięki akcji w grodzie nad Drwęcą czuć już nadchodzące święta Bożego Narodzenia. Grażyna Jonowska
</topic_text>
<spam_score>0.00</spam_score>
<post_num>1</post_num>
<post_id>post-1</post_id>
<post_url>http://nowemiasto.wm.pl/406242,Przedswiateczne-atrakcje-na-rynku-w-Nowym-Miescie-nowe-zdjecia.html</post_url>
<post_date>20161219</post_date>
<post_time>1532</post_time>
<username></username>
<post>
Przedświąteczne atrakcje na rynku w Nowym Mieście (nowe zdjęcia) 2016-12-19 16:32:46 (ost. akt: 2016-12-19 23:53:35) Wieczorem kultowa ciężarówka z pełną iluminacją wyglądała jeszcze atrakcyjniej Autor zdjęcia: Stanisław R. Ulatowski 
Podziel się: Na Świątecznej Trasie Ciężarówek Coca - Cola znalazło się Nowe Miasto Lubawskie. Firmowa ciężarówka stanęła dziś na nowomiejskim rynku. Atrakcje zaplanowano do godziny 21. Dziś do wieczora warto zajrzeć na rynek w Nowym Mieście Lubawskim. Stoją tu czerwone namioty i ciężarówka Coca - Cola. A przed nimi kolejki dzieci i dorosłych. Chętni spotykają się ze świętym Mikołajem i robią sobie z nim pamiątkowe zdjęcia. Jest też wirtualna przejażdżka jego saniami, można się wcielić w kierowcę ciężarówki. Każdy może &quot;wyprodukować&quot; puszkę Coca - Cola ze swoim imieniem. Są również gry i konkursy z nagrodami. W jednym z namiotów znajduje się fabryka świątecznych upominków. Dzięki akcji w grodzie nad Drwęcą czuć już nadchodzące święta Bożego Narodzenia. Grażyna Jonowska
</post>
<signature>

</signature>
<external_links>

</external_links>
<country>PL</country>
<main_image>http://m.wm.pl/2016/12/z0/dscn8781-354308.jpg</main_image>
</document>
