<?xml version="1.0" encoding="UTF-8"?>
<document>
<type>mainstream</type>
<forum>http://qctimes.com/search/?f=rss&amp;t=article&amp;c=lifestyles/home-and-garden&amp;l=25&amp;s=start_time&amp;sd=desc</forum>
<forum_title>qctimes.com - RSS Results in lifestyles/home-and-garden of type article</forum_title>
<discussion_title>Over-the-top NYC Christmas displays draw some bah-humbugs</discussion_title>
<language>english</language>
<gmt_offset></gmt_offset>
<topic_url>http://qctimes.com/lifestyles/home-and-garden/over-the-top-nyc-christmas-displays-draw-some-bah-humbugs/article_38f32ce5-8479-55ea-ba03-860817b19739.html</topic_url>
<topic_text>
1 of 12 Kathy Willens 
In this Dec. 14, 2016, photo, a man and his child pass Christmas decorations in the Dyker Heights neighborhood of the Brooklyn borough of New York. For years, residents in Brooklyn&apos;s Dyker Heights section have been turning their homes into a wonderland of lights, snowmen, toy soldiers, Santas and piped-in caroling. (AP Photo/Kathy Willens) Kathy Willens 
In this Dec. 14, 2016, photo, Jian Qing Chen, a recent arrival to New York from China&apos;s Fujian province, snaps a cell phone photo of Christmas decorations in the Dyker Heights neighborhood of the Brooklyn borough of New York. The area&apos;s elaborate, over-the-top Christmas displays on private homes draw thousands of visitors from all over the world. (AP Photo/Kathy Willens) Kathy Willens 
In this Dec. 14, 2016, photo, Dyker Heights resident Lucy Spata, whose elaborate Christmas decorations, along with those of her neighbors, draw thousands of onlookers to the neighborhood each holiday season, stands on her street with a police officer who helped her husband maneuver his car through crowds in the Brooklyn Borough of New York. &quot;You should see this place on weekends!&quot; Spata said. In spite of the inconveniences, Spata still loves that people flock in droves to see the brilliant, over-the-top spectacle each year. (AP Photo/Kathy Willens) Kathy Willens 
In this Dec. 14, 2016, photo, a sign in front of a decorated house warns visitors to keep off the premises in the Dyker Heights neighborhood of New York. While many residents welcome the crowds that flock to the area to see over-the-top Christmas decorations on private homes, not all residents are happy with the hordes of tourists. (AP Photo/Kathy Willens) Kathy Willens 
In this Dec. 14, 2016, photo, Tanya, Adriana and Vasyl Palinchak take a selfie in front of an elaborately-decorated home in the Dyker Heights neighborhood of the Brooklyn borough of New York. (AP Photo/Kathy Willens) Kathy Willens 
In this Dec. 15, 2016, photo, a giant animatronic Santa Claus towers over tourists taking photos at the elaborately-decorated Polizotto mansion in Dyker Heights neighborhood in the Brooklyn Borough of New York. The neighborhood has been drawing more tourists each year to see spectacular displays of Christmas lights and decorations like this one. (AP Photo/Kathy Willens) Kathy Willens 
In this Dec. 14, 2016, photo, Dyker Heights resident Lucy Spata, whose elaborate Christmas decorations along with those of her neighbors, draw thousands of onlookers to the Brooklyn Borough neighborhood each holiday season, stands in front of her home in New York. In spite of the inconveniences, Spata says she still loves how people flock in droves to see the brilliant, over-the-top spectacle each holiday season. (AP Photo/Kathy Willens) Kathy Willens 
In this Dec. 14, 2016, photo, visitors to the Dyker Heights neighborhood of the Brooklyn Borough of New York gather in front of Lucy Spata&apos;s house, as they tour the area known for it&apos;s elaborate and over-the-top Christmas displays. (AP Photo/Kathy Willens) Kathy Willens 
In this Dec. 14, 2016, photo, Jeffrey Diaz and his daughter Isabella look at a display of Christmas lights in the Dyker Heights neighborhood of the Brooklyn borough of New York. (AP Photo/Kathy Willens) Kathy Willens 
In this Dec. 14, 2016, photo, bundled-up tourists from a &quot;Tour America&quot; group glance around the Dyker Heights neighborhood in Brooklyn Borough of New York after arriving by giant tour bus from midtown Manhattan. In recent years the number of people flooding into the neighborhood has grown exponentially as more and more tourists learn about the area&apos;s elaborate Christmas decorations. (AP Photo/Kathy Willens) Kathy Willens 
In this Dec. 14, 2016, photo, a private home in the Dyker Heights neighborhood of the Brooklyn borough of New York is elaborately decorated for Christmas. The neighborhood, world famous for it&apos;s over-the-top Christmas decorations, is drawing so many tourists that some residents are unhappy with all the attention. (AP Photo/Kathy Willens) Kathy Willens 
In this Dec. 14, 2016, photo, a sign warning spectators not to come onto the property is hung in front of a lighted creche display in the Dyker Heights neighborhood of the Brooklyn Borough of New York. (AP Photo/Kathy Willens) AP Over-the-top NYC Christmas displays draw some bah-humbugs WILLIAM MATHIS Associated Press 5 hrs ago Kathy Willens 
In this Dec. 14, 2016, photo, a man and his child pass Christmas decorations in the Dyker Heights neighborhood of the Brooklyn borough of New York. For years, residents in Brooklyn&apos;s Dyker Heights section have been turning their homes into a wonderland of lights, snowmen, toy soldiers, Santas and piped-in caroling. (AP Photo/Kathy Willens) Kathy Willens 
In this Dec. 14, 2016, photo, Jian Qing Chen, a recent arrival to New York from China&apos;s Fujian province, snaps a cell phone photo of Christmas decorations in the Dyker Heights neighborhood of the Brooklyn borough of New York. The area&apos;s elaborate, over-the-top Christmas displays on private homes draw thousands of visitors from all over the world. (AP Photo/Kathy Willens) Kathy Willens 
In this Dec. 14, 2016, photo, Dyker Heights resident Lucy Spata, whose elaborate Christmas decorations, along with those of her neighbors, draw thousands of onlookers to the neighborhood each holiday season, stands on her street with a police officer who helped her husband maneuver his car through crowds in the Brooklyn Borough of New York. &quot;You should see this place on weekends!&quot; Spata said. In spite of the inconveniences, Spata still loves that people flock in droves to see the brilliant, over-the-top spectacle each year. (AP Photo/Kathy Willens) Kathy Willens 
In this Dec. 14, 2016, photo, a sign in front of a decorated house warns visitors to keep off the premises in the Dyker Heights neighborhood of New York. While many residents welcome the crowds that flock to the area to see over-the-top Christmas decorations on private homes, not all residents are happy with the hordes of tourists. (AP Photo/Kathy Willens) Kathy Willens 
In this Dec. 14, 2016, photo, Tanya, Adriana and Vasyl Palinchak take a selfie in front of an elaborately-decorated home in the Dyker Heights neighborhood of the Brooklyn borough of New York. (AP Photo/Kathy Willens) Kathy Willens 
In this Dec. 15, 2016, photo, a giant animatronic Santa Claus towers over tourists taking photos at the elaborately-decorated Polizotto mansion in Dyker Heights neighborhood in the Brooklyn Borough of New York. The neighborhood has been drawing more tourists each year to see spectacular displays of Christmas lights and decorations like this one. (AP Photo/Kathy Willens) Kathy Willens 
In this Dec. 14, 2016, photo, Dyker Heights resident Lucy Spata, whose elaborate Christmas decorations along with those of her neighbors, draw thousands of onlookers to the Brooklyn Borough neighborhood each holiday season, stands in front of her home in New York. In spite of the inconveniences, Spata says she still loves how people flock in droves to see the brilliant, over-the-top spectacle each holiday season. (AP Photo/Kathy Willens) Kathy Willens 
In this Dec. 14, 2016, photo, visitors to the Dyker Heights neighborhood of the Brooklyn Borough of New York gather in front of Lucy Spata&apos;s house, as they tour the area known for it&apos;s elaborate and over-the-top Christmas displays. (AP Photo/Kathy Willens) Kathy Willens 
In this Dec. 14, 2016, photo, Jeffrey Diaz and his daughter Isabella look at a display of Christmas lights in the Dyker Heights neighborhood of the Brooklyn borough of New York. (AP Photo/Kathy Willens) Kathy Willens 
In this Dec. 14, 2016, photo, bundled-up tourists from a &quot;Tour America&quot; group glance around the Dyker Heights neighborhood in Brooklyn Borough of New York after arriving by giant tour bus from midtown Manhattan. In recent years the number of people flooding into the neighborhood has grown exponentially as more and more tourists learn about the area&apos;s elaborate Christmas decorations. (AP Photo/Kathy Willens) Kathy Willens 
In this Dec. 14, 2016, photo, a private home in the Dyker Heights neighborhood of the Brooklyn borough of New York is elaborately decorated for Christmas. The neighborhood, world famous for it&apos;s over-the-top Christmas decorations, is drawing so many tourists that some residents are unhappy with all the attention. (AP Photo/Kathy Willens) Kathy Willens 
In this Dec. 14, 2016, photo, a sign warning spectators not to come onto the property is hung in front of a lighted creche display in the Dyker Heights neighborhood of the Brooklyn Borough of New York. (AP Photo/Kathy Willens) 
NEW YORK — It&apos;s a neighborhood Christmas display with New York City attitude: big, brash, loud and over-the-top. 
Blazing lights, giant toy soldiers, angels, snowmen, wise men, Santas and piped-in Sinatra caroling form an all-out barrage on the senses from nearly every house in the heart of Brooklyn&apos;s Dyker Heights neighborhood, an annual extravaganza that draws thousands of tourists every evening by the car and busload. 
But it has some residents just wishing for a silent night. 
&quot;As pretty as it can be, it&apos;s difficult,&quot; says Linda Rebmann, 72, who has lived in Dyker Heights all her life and has only an unlit cranberry wreath on her home. &quot;It&apos;s a little out of hand. It&apos;s gotten to be a bit much.&quot; 
Nobody is talking about pulling the plug on the displays, which are still a source of neighborhood pride. But there has been extra grumbling this season, especially after some parking spots usually used by residents were blocked off for rows of tour buses. 
&quot;This close to Christmas you can&apos;t walk. It&apos;s like Manhattan,&quot; says Joyce Arpino, 55, a resident for three decades. She says she stopped decorating inside her windows because gawkers would peer inside and rap on the glass. Tourists used to park in front of her house or even in her driveway until she set out some orange traffic cones. 
&quot;I don&apos;t want to sound like a Scrooge,&quot; she says, &quot;but it&apos;s horrible.&quot; 
To that, residents like 30-year-old Vinny Privitelli respond: lighten up. 
This year, he spent all of November and thousands of dollars to install strings of red and white lights on his roof and around every window and adorn his lawn with reindeer, a trio of dancing elves and a nativity scene. Privitelli admits part of the fun is trying to outdo his neighbors, some of whom hire professionals to do their displays. And he has no problem with the throngs of visitors who come to check it out. 
&quot;It&apos;s nice to see them enjoying it, that&apos;s what we get out of it,&quot; he says. &quot;Everything in the news is negative, so at least we get one positive thing.&quot; 
Around the corner, a crowd of 35 people stopped at another house, where every inch of the stoop and patio was packed with glowing nutcrackers, snowmen, reindeer and plastic angels. 
On another lawn, a 13-foot-tall, animatronic Santa Claus sat between a pair of giant toy soldiers and two carousels ablaze with lights. It was all so bright that the selfie-snapping crowds didn&apos;t need to use a flash.   
&quot;Let&apos;s go folks. You can&apos;t hold up traffic,&quot; an officer inside a police van shouted at drivers stopped in the street. 
&quot;I like it when they take pictures,&quot; says Angela Peralta, whose display includes a candy cane arch over the driveway, a &quot;Merry Christmas&quot; banner and a waving, inflatable snowman. &quot;People are very respectful. They say it&apos;s beautiful.&quot; 
By most accounts, the light displays became a neighborhood activity in the 1980s, and buses began bringing in tourists from Manhattan about a decade ago. Some bus tours play up the area&apos;s Italian-American heritage, including stops at a nearby bakery for cannoli and hot chocolate. 
Among the bus visitors this year was Jeanne Andrews, 66, who traveled from Vincennes, Indiana, to experience Christmas in the Big Apple. She went to see the tree in Rockefeller Center and the windows at Macy&apos;s, but this was different. 
&quot;I like this because it&apos;s so personal. Every family has something different,&quot; she says. &quot;I love it. I just think it&apos;s spectacular.&quot; Tags
</topic_text>
<spam_score>0.00</spam_score>
<post_num>1</post_num>
<post_id>post-1</post_id>
<post_url>http://qctimes.com/lifestyles/home-and-garden/over-the-top-nyc-christmas-displays-draw-some-bah-humbugs/article_38f32ce5-8479-55ea-ba03-860817b19739.html</post_url>
<post_date>20161219</post_date>
<post_time>1400</post_time>
<username>WILLIAM MATHIS Associated Press</username>
<post>
1 of 12 Kathy Willens 
In this Dec. 14, 2016, photo, a man and his child pass Christmas decorations in the Dyker Heights neighborhood of the Brooklyn borough of New York. For years, residents in Brooklyn&apos;s Dyker Heights section have been turning their homes into a wonderland of lights, snowmen, toy soldiers, Santas and piped-in caroling. (AP Photo/Kathy Willens) Kathy Willens 
In this Dec. 14, 2016, photo, Jian Qing Chen, a recent arrival to New York from China&apos;s Fujian province, snaps a cell phone photo of Christmas decorations in the Dyker Heights neighborhood of the Brooklyn borough of New York. The area&apos;s elaborate, over-the-top Christmas displays on private homes draw thousands of visitors from all over the world. (AP Photo/Kathy Willens) Kathy Willens 
In this Dec. 14, 2016, photo, Dyker Heights resident Lucy Spata, whose elaborate Christmas decorations, along with those of her neighbors, draw thousands of onlookers to the neighborhood each holiday season, stands on her street with a police officer who helped her husband maneuver his car through crowds in the Brooklyn Borough of New York. &quot;You should see this place on weekends!&quot; Spata said. In spite of the inconveniences, Spata still loves that people flock in droves to see the brilliant, over-the-top spectacle each year. (AP Photo/Kathy Willens) Kathy Willens 
In this Dec. 14, 2016, photo, a sign in front of a decorated house warns visitors to keep off the premises in the Dyker Heights neighborhood of New York. While many residents welcome the crowds that flock to the area to see over-the-top Christmas decorations on private homes, not all residents are happy with the hordes of tourists. (AP Photo/Kathy Willens) Kathy Willens 
In this Dec. 14, 2016, photo, Tanya, Adriana and Vasyl Palinchak take a selfie in front of an elaborately-decorated home in the Dyker Heights neighborhood of the Brooklyn borough of New York. (AP Photo/Kathy Willens) Kathy Willens 
In this Dec. 15, 2016, photo, a giant animatronic Santa Claus towers over tourists taking photos at the elaborately-decorated Polizotto mansion in Dyker Heights neighborhood in the Brooklyn Borough of New York. The neighborhood has been drawing more tourists each year to see spectacular displays of Christmas lights and decorations like this one. (AP Photo/Kathy Willens) Kathy Willens 
In this Dec. 14, 2016, photo, Dyker Heights resident Lucy Spata, whose elaborate Christmas decorations along with those of her neighbors, draw thousands of onlookers to the Brooklyn Borough neighborhood each holiday season, stands in front of her home in New York. In spite of the inconveniences, Spata says she still loves how people flock in droves to see the brilliant, over-the-top spectacle each holiday season. (AP Photo/Kathy Willens) Kathy Willens 
In this Dec. 14, 2016, photo, visitors to the Dyker Heights neighborhood of the Brooklyn Borough of New York gather in front of Lucy Spata&apos;s house, as they tour the area known for it&apos;s elaborate and over-the-top Christmas displays. (AP Photo/Kathy Willens) Kathy Willens 
In this Dec. 14, 2016, photo, Jeffrey Diaz and his daughter Isabella look at a display of Christmas lights in the Dyker Heights neighborhood of the Brooklyn borough of New York. (AP Photo/Kathy Willens) Kathy Willens 
In this Dec. 14, 2016, photo, bundled-up tourists from a &quot;Tour America&quot; group glance around the Dyker Heights neighborhood in Brooklyn Borough of New York after arriving by giant tour bus from midtown Manhattan. In recent years the number of people flooding into the neighborhood has grown exponentially as more and more tourists learn about the area&apos;s elaborate Christmas decorations. (AP Photo/Kathy Willens) Kathy Willens 
In this Dec. 14, 2016, photo, a private home in the Dyker Heights neighborhood of the Brooklyn borough of New York is elaborately decorated for Christmas. The neighborhood, world famous for it&apos;s over-the-top Christmas decorations, is drawing so many tourists that some residents are unhappy with all the attention. (AP Photo/Kathy Willens) Kathy Willens 
In this Dec. 14, 2016, photo, a sign warning spectators not to come onto the property is hung in front of a lighted creche display in the Dyker Heights neighborhood of the Brooklyn Borough of New York. (AP Photo/Kathy Willens) AP Over-the-top NYC Christmas displays draw some bah-humbugs WILLIAM MATHIS Associated Press 5 hrs ago Kathy Willens 
In this Dec. 14, 2016, photo, a man and his child pass Christmas decorations in the Dyker Heights neighborhood of the Brooklyn borough of New York. For years, residents in Brooklyn&apos;s Dyker Heights section have been turning their homes into a wonderland of lights, snowmen, toy soldiers, Santas and piped-in caroling. (AP Photo/Kathy Willens) Kathy Willens 
In this Dec. 14, 2016, photo, Jian Qing Chen, a recent arrival to New York from China&apos;s Fujian province, snaps a cell phone photo of Christmas decorations in the Dyker Heights neighborhood of the Brooklyn borough of New York. The area&apos;s elaborate, over-the-top Christmas displays on private homes draw thousands of visitors from all over the world. (AP Photo/Kathy Willens) Kathy Willens 
In this Dec. 14, 2016, photo, Dyker Heights resident Lucy Spata, whose elaborate Christmas decorations, along with those of her neighbors, draw thousands of onlookers to the neighborhood each holiday season, stands on her street with a police officer who helped her husband maneuver his car through crowds in the Brooklyn Borough of New York. &quot;You should see this place on weekends!&quot; Spata said. In spite of the inconveniences, Spata still loves that people flock in droves to see the brilliant, over-the-top spectacle each year. (AP Photo/Kathy Willens) Kathy Willens 
In this Dec. 14, 2016, photo, a sign in front of a decorated house warns visitors to keep off the premises in the Dyker Heights neighborhood of New York. While many residents welcome the crowds that flock to the area to see over-the-top Christmas decorations on private homes, not all residents are happy with the hordes of tourists. (AP Photo/Kathy Willens) Kathy Willens 
In this Dec. 14, 2016, photo, Tanya, Adriana and Vasyl Palinchak take a selfie in front of an elaborately-decorated home in the Dyker Heights neighborhood of the Brooklyn borough of New York. (AP Photo/Kathy Willens) Kathy Willens 
In this Dec. 15, 2016, photo, a giant animatronic Santa Claus towers over tourists taking photos at the elaborately-decorated Polizotto mansion in Dyker Heights neighborhood in the Brooklyn Borough of New York. The neighborhood has been drawing more tourists each year to see spectacular displays of Christmas lights and decorations like this one. (AP Photo/Kathy Willens) Kathy Willens 
In this Dec. 14, 2016, photo, Dyker Heights resident Lucy Spata, whose elaborate Christmas decorations along with those of her neighbors, draw thousands of onlookers to the Brooklyn Borough neighborhood each holiday season, stands in front of her home in New York. In spite of the inconveniences, Spata says she still loves how people flock in droves to see the brilliant, over-the-top spectacle each holiday season. (AP Photo/Kathy Willens) Kathy Willens 
In this Dec. 14, 2016, photo, visitors to the Dyker Heights neighborhood of the Brooklyn Borough of New York gather in front of Lucy Spata&apos;s house, as they tour the area known for it&apos;s elaborate and over-the-top Christmas displays. (AP Photo/Kathy Willens) Kathy Willens 
In this Dec. 14, 2016, photo, Jeffrey Diaz and his daughter Isabella look at a display of Christmas lights in the Dyker Heights neighborhood of the Brooklyn borough of New York. (AP Photo/Kathy Willens) Kathy Willens 
In this Dec. 14, 2016, photo, bundled-up tourists from a &quot;Tour America&quot; group glance around the Dyker Heights neighborhood in Brooklyn Borough of New York after arriving by giant tour bus from midtown Manhattan. In recent years the number of people flooding into the neighborhood has grown exponentially as more and more tourists learn about the area&apos;s elaborate Christmas decorations. (AP Photo/Kathy Willens) Kathy Willens 
In this Dec. 14, 2016, photo, a private home in the Dyker Heights neighborhood of the Brooklyn borough of New York is elaborately decorated for Christmas. The neighborhood, world famous for it&apos;s over-the-top Christmas decorations, is drawing so many tourists that some residents are unhappy with all the attention. (AP Photo/Kathy Willens) Kathy Willens 
In this Dec. 14, 2016, photo, a sign warning spectators not to come onto the property is hung in front of a lighted creche display in the Dyker Heights neighborhood of the Brooklyn Borough of New York. (AP Photo/Kathy Willens) 
NEW YORK — It&apos;s a neighborhood Christmas display with New York City attitude: big, brash, loud and over-the-top. 
Blazing lights, giant toy soldiers, angels, snowmen, wise men, Santas and piped-in Sinatra caroling form an all-out barrage on the senses from nearly every house in the heart of Brooklyn&apos;s Dyker Heights neighborhood, an annual extravaganza that draws thousands of tourists every evening by the car and busload. 
But it has some residents just wishing for a silent night. 
&quot;As pretty as it can be, it&apos;s difficult,&quot; says Linda Rebmann, 72, who has lived in Dyker Heights all her life and has only an unlit cranberry wreath on her home. &quot;It&apos;s a little out of hand. It&apos;s gotten to be a bit much.&quot; 
Nobody is talking about pulling the plug on the displays, which are still a source of neighborhood pride. But there has been extra grumbling this season, especially after some parking spots usually used by residents were blocked off for rows of tour buses. 
&quot;This close to Christmas you can&apos;t walk. It&apos;s like Manhattan,&quot; says Joyce Arpino, 55, a resident for three decades. She says she stopped decorating inside her windows because gawkers would peer inside and rap on the glass. Tourists used to park in front of her house or even in her driveway until she set out some orange traffic cones. 
&quot;I don&apos;t want to sound like a Scrooge,&quot; she says, &quot;but it&apos;s horrible.&quot; 
To that, residents like 30-year-old Vinny Privitelli respond: lighten up. 
This year, he spent all of November and thousands of dollars to install strings of red and white lights on his roof and around every window and adorn his lawn with reindeer, a trio of dancing elves and a nativity scene. Privitelli admits part of the fun is trying to outdo his neighbors, some of whom hire professionals to do their displays. And he has no problem with the throngs of visitors who come to check it out. 
&quot;It&apos;s nice to see them enjoying it, that&apos;s what we get out of it,&quot; he says. &quot;Everything in the news is negative, so at least we get one positive thing.&quot; 
Around the corner, a crowd of 35 people stopped at another house, where every inch of the stoop and patio was packed with glowing nutcrackers, snowmen, reindeer and plastic angels. 
On another lawn, a 13-foot-tall, animatronic Santa Claus sat between a pair of giant toy soldiers and two carousels ablaze with lights. It was all so bright that the selfie-snapping crowds didn&apos;t need to use a flash.   
&quot;Let&apos;s go folks. You can&apos;t hold up traffic,&quot; an officer inside a police van shouted at drivers stopped in the street. 
&quot;I like it when they take pictures,&quot; says Angela Peralta, whose display includes a candy cane arch over the driveway, a &quot;Merry Christmas&quot; banner and a waving, inflatable snowman. &quot;People are very respectful. They say it&apos;s beautiful.&quot; 
By most accounts, the light displays became a neighborhood activity in the 1980s, and buses began bringing in tourists from Manhattan about a decade ago. Some bus tours play up the area&apos;s Italian-American heritage, including stops at a nearby bakery for cannoli and hot chocolate. 
Among the bus visitors this year was Jeanne Andrews, 66, who traveled from Vincennes, Indiana, to experience Christmas in the Big Apple. She went to see the tree in Rockefeller Center and the windows at Macy&apos;s, but this was different. 
&quot;I like this because it&apos;s so personal. Every family has something different,&quot; she says. &quot;I love it. I just think it&apos;s spectacular.&quot; Tags
</post>
<signature>

</signature>
<external_links>

</external_links>
<country>US</country>
<main_image>http://bloximages.chicago2.vip.townnews.com/qctimes.com/content/tncms/assets/v3/editorial/1/97/19736980-def0-5863-b51f-7783196874ad/585774400d8c8.image.jpg?crop=512%2C288%2C0%2C28&amp;amp;resize=512%2C288&amp;amp;order=crop%2Cresize</main_image>
</document>
