<?xml version="1.0" encoding="UTF-8"?>
<document>
<type>mainstream</type>
<forum>http://elbilad.net//feed/article</forum>
<forum_title>Article Feed</forum_title>
<discussion_title>بعد غلق المقر الجديد.. سلطات غليزان تغلق المقر القديم للراقي بلحمر</discussion_title>
<language>arabic</language>
<gmt_offset></gmt_offset>
<topic_url>http://www.elbilad.net/article/detail?titre=%D8%A8%D8%B9%D8%AF-%D8%BA%D9%84%D9%82-%D8%A7%D9%84%D9%85%D9%82%D8%B1-%D8%A7%D9%84%D8%AC%D8%AF%D9%8A%D8%AF-%D8%B3%D9%84%D8%B7%D8%A7%D8%AA-%D8%BA%D9%84%D9%8A%D8%B2%D8%A7%D9%86-%D8%AA%D8%BA%D9%84%D9%82-%D8%A7%D9%84%D9%85%D9%82%D8%B1-%D8%A7%D9%84%D9%82%D8%AF%D9%8A%D9%85-%D9%84%D9%84%D8%B1%D8%A7%D9%82%D9%8A-%D8%A8%D9%84%D8%AD%D9%85%D8%B1&amp;id=64273</topic_url>
<topic_text>
الكاتب : لطفي زيان 
بلحمر مسلم 
أغلقت السلطات الولائية ليلة اليوم الاثنين، المقر القديم لجمعية بشائر الشفاء، الخاصة بالراقي أبو مسلم بلحمر، الواقع ببلدية بلعسل، وهذا بعد أن كانت قد أغلقت المقر الجديد للجمعية، الذي أفتتح مؤخرا، والواقع ببلدية سيدي خطاب. 
وقامت عناصر من الدرك الليلة، بتشميع المقر ، بحضور الراقي بلحمر ورئيس جمعية بشائر الشفاء بن حوا بللوش، وهذا بعد قرار ولائي، يقضي بغلق المقر بسبب الإضرار بالصحة العمومية والإخلال بالنظام العام. 
وفي أول رد فعل، قال بلحمر في تصريحات خاصة لـ&quot;البلاد&quot; إن عناصر الدرك أتوا وقاموا بتشميع مقره الجديد في &quot;سيدي حطاب&quot; ولاحقا قاموا أيضا بغلق مقره القديم في بلدية بلعسل، مضيفا &quot;أنا أحترم قرار الولاية وسألجأ إلى القضاء للفصل في هذا الأمر&quot;. وقال أيضا &quot;هناك أشخاص يريدون زرع الفتنة&quot;، وفق تعبيره.
</topic_text>
<spam_score>0.00</spam_score>
<post_num>1</post_num>
<post_id>post-1</post_id>
<post_url>http://www.elbilad.net/article/detail?titre=%D8%A8%D8%B9%D8%AF-%D8%BA%D9%84%D9%82-%D8%A7%D9%84%D9%85%D9%82%D8%B1-%D8%A7%D9%84%D8%AC%D8%AF%D9%8A%D8%AF-%D8%B3%D9%84%D8%B7%D8%A7%D8%AA-%D8%BA%D9%84%D9%8A%D8%B2%D8%A7%D9%86-%D8%AA%D8%BA%D9%84%D9%82-%D8%A7%D9%84%D9%85%D9%82%D8%B1-%D8%A7%D9%84%D9%82%D8%AF%D9%8A%D9%85-%D9%84%D9%84%D8%B1%D8%A7%D9%82%D9%8A-%D8%A8%D9%84%D8%AD%D9%85%D8%B1&amp;id=64273</post_url>
<post_date>20161219</post_date>
<post_time>2329</post_time>
<username></username>
<post>
الكاتب : لطفي زيان 
بلحمر مسلم 
أغلقت السلطات الولائية ليلة اليوم الاثنين، المقر القديم لجمعية بشائر الشفاء، الخاصة بالراقي أبو مسلم بلحمر، الواقع ببلدية بلعسل، وهذا بعد أن كانت قد أغلقت المقر الجديد للجمعية، الذي أفتتح مؤخرا، والواقع ببلدية سيدي خطاب. 
وقامت عناصر من الدرك الليلة، بتشميع المقر ، بحضور الراقي بلحمر ورئيس جمعية بشائر الشفاء بن حوا بللوش، وهذا بعد قرار ولائي، يقضي بغلق المقر بسبب الإضرار بالصحة العمومية والإخلال بالنظام العام. 
وفي أول رد فعل، قال بلحمر في تصريحات خاصة لـ&quot;البلاد&quot; إن عناصر الدرك أتوا وقاموا بتشميع مقره الجديد في &quot;سيدي حطاب&quot; ولاحقا قاموا أيضا بغلق مقره القديم في بلدية بلعسل، مضيفا &quot;أنا أحترم قرار الولاية وسألجأ إلى القضاء للفصل في هذا الأمر&quot;. وقال أيضا &quot;هناك أشخاص يريدون زرع الفتنة&quot;، وفق تعبيره.
</post>
<signature>

</signature>
<external_links>

</external_links>
<country>US</country>
<main_image></main_image>
</document>
