<?xml version="1.0" encoding="UTF-8"?>
<document>
<type>mainstream</type>
<forum>http://www.romandie.com/rss/flux.xml</forum>
<forum_title>Romandie</forum_title>
<discussion_title>ALERTE - Berlin : Beaucoup de raisons de penser qu&apos;il s&apos;agit d&apos;un attentat</discussion_title>
<language>french</language>
<gmt_offset></gmt_offset>
<topic_url>http://www.romandie.com/news/ALERTE--Berlin--Beaucoup-de-raisons-de-penser-quil-sagit-dun-attentat/763120.rom</topic_url>
<topic_text>
ALERTE - Berlin : Beaucoup de raisons de penser qu&apos;il s&apos;agit d&apos;un attentat   00h06)
</topic_text>
<spam_score>0.00</spam_score>
<post_num>1</post_num>
<post_id>post-1</post_id>
<post_url>http://www.romandie.com/news/ALERTE--Berlin--Beaucoup-de-raisons-de-penser-quil-sagit-dun-attentat/763120.rom</post_url>
<post_date>20161219</post_date>
<post_time>2308</post_time>
<username></username>
<post>
ALERTE - Berlin : Beaucoup de raisons de penser qu&apos;il s&apos;agit d&apos;un attentat   00h06)
</post>
<signature>

</signature>
<external_links>

</external_links>
<country>CH</country>
<main_image></main_image>
</document>
