<?xml version="1.0" encoding="UTF-8"?>
<document>
<type>mainstream</type>
<forum>http://www.elpais.com/rss/feed.html?feedId=17046</forum>
<forum_title>Últimas noticias | EL PAÍS</forum_title>
<discussion_title>El detenido por el crimen de Vigo atosigó a la víctima la noche del crimen, según varios testigos | España</discussion_title>
<language>spanish</language>
<gmt_offset></gmt_offset>
<topic_url>http://politica.elpais.com/politica/2016/12/19/actualidad/1482174391_443060.html</topic_url>
<topic_text>
Apenas 48 horas después del asesinato de la ingeniera industrial de 25 años, Ana María Enjamio , la Brigada de Homicidios de la Comisaría de Vigo cree que cuenta con indicios suficientes para resolver el crimen. El detenido y principal sospechoso, César A. O., de 38 años , sobre el que desde un primer momento se centró la investigación por sus antecedentes de acoso hacía la víctima, tenía dos hijos de una relación anterior.
La joven fue asesinada la noche del pasado viernes en el portal de su casa cuando regresaba de la cena de Navidad con sus compañeros de la empresa en la que trabajaba desde hace dos años y donde había conocido a su supuesto agresor. Ambos habían mantenido una relación que Ana María cortó hace unos meses. Aunque todavía no han aparecido las dos pruebas que los investigadores creen que pueden ser concluyentes (el teléfono móvil de la mujer, elemento crucial para reconstruir los momentos previos al asesinato, y el arma blanca con la que recibió diez puñaladas) la policía apunta a la decisión de la joven de poner fin a la relación como detonante del asesinato.
MÁS INFORMACIÓN Mujeres víctimas de violencia de género Detenido un exnovio de la joven asesinada en Vigo Los agentes han decidido agotar el plazo legal de 72 horas para mantener al detenido en dependencias policiales, por lo que está previsto que pase a disposición judicial mañana. El hombre ocupaba un puesto de técnico en una firma auxiliar de Citroën de cableados eléctricos ubicada en O Porriño (Pontevedra) donde también trabaja Ana María. Cuando conoció a la joven, ella se acababa de licenciar en la Escuela de Ingeniería Industrial de la Universidad de Vigo y había entrado como becaria en la empresa donde, según sus compañeros, “estaba muy considerada y tenía futuro”.
Ana María decidió cortar hace unos meses la relación y comenzó a salir con otro chico mientras el supuesto agresor insistía en volver con ella. Algunos testigos han declarado que el hombre estuvo atosigando a la joven durante la cena de empresa y se empeñó e n acompañarla a su casa la noche del crimen, pero ella se negó.
Ana María regresó hacia su piso de madrugada con unas compañeras. Entró sola en su portal, donde le estaba esperando su agresor, que no le dio opción a defenderse. Horas después, la policía citó en la comisaría a César A. O. y a otros dos hombres con los que la víctima había tenido una relación. Tras horas de interrogatorios, César A. O. intentó suicidarse cortándose las venas por lo que tuvo que ser ingresado en un hospital de Vigo.
El detenido todavía no ha confesado el crimen, pero los indicios que se recogen en la investigación policial han llevado al Tribunal Superior de Justicia de Galicia a decidir que sea un juzgado de violencia sobre la mujer el que se haga cargo del caso.
Archivado en: Violencia machista Vigo Violencia género Machismo Sexismo Derechos mujer Violencia Galicia Relaciones género Sucesos Mujeres Prejuicios España Problemas sociales Sociedad Más información “Ana era la mejor hija que nadie pueda soñar” Los juzgados reciben 426 denuncias por violencia de género cada día Vídeos Newsletters
</topic_text>
<spam_score>0.00</spam_score>
<post_num>1</post_num>
<post_id>post-1</post_id>
<post_url>http://politica.elpais.com/politica/2016/12/19/actualidad/1482174391_443060.html</post_url>
<post_date>20161219</post_date>
<post_time>2018</post_time>
<username>Elisa Lois</username>
<post>
Apenas 48 horas después del asesinato de la ingeniera industrial de 25 años, Ana María Enjamio , la Brigada de Homicidios de la Comisaría de Vigo cree que cuenta con indicios suficientes para resolver el crimen. El detenido y principal sospechoso, César A. O., de 38 años , sobre el que desde un primer momento se centró la investigación por sus antecedentes de acoso hacía la víctima, tenía dos hijos de una relación anterior.
La joven fue asesinada la noche del pasado viernes en el portal de su casa cuando regresaba de la cena de Navidad con sus compañeros de la empresa en la que trabajaba desde hace dos años y donde había conocido a su supuesto agresor. Ambos habían mantenido una relación que Ana María cortó hace unos meses. Aunque todavía no han aparecido las dos pruebas que los investigadores creen que pueden ser concluyentes (el teléfono móvil de la mujer, elemento crucial para reconstruir los momentos previos al asesinato, y el arma blanca con la que recibió diez puñaladas) la policía apunta a la decisión de la joven de poner fin a la relación como detonante del asesinato.
MÁS INFORMACIÓN Mujeres víctimas de violencia de género Detenido un exnovio de la joven asesinada en Vigo Los agentes han decidido agotar el plazo legal de 72 horas para mantener al detenido en dependencias policiales, por lo que está previsto que pase a disposición judicial mañana. El hombre ocupaba un puesto de técnico en una firma auxiliar de Citroën de cableados eléctricos ubicada en O Porriño (Pontevedra) donde también trabaja Ana María. Cuando conoció a la joven, ella se acababa de licenciar en la Escuela de Ingeniería Industrial de la Universidad de Vigo y había entrado como becaria en la empresa donde, según sus compañeros, “estaba muy considerada y tenía futuro”.
Ana María decidió cortar hace unos meses la relación y comenzó a salir con otro chico mientras el supuesto agresor insistía en volver con ella. Algunos testigos han declarado que el hombre estuvo atosigando a la joven durante la cena de empresa y se empeñó e n acompañarla a su casa la noche del crimen, pero ella se negó.
Ana María regresó hacia su piso de madrugada con unas compañeras. Entró sola en su portal, donde le estaba esperando su agresor, que no le dio opción a defenderse. Horas después, la policía citó en la comisaría a César A. O. y a otros dos hombres con los que la víctima había tenido una relación. Tras horas de interrogatorios, César A. O. intentó suicidarse cortándose las venas por lo que tuvo que ser ingresado en un hospital de Vigo.
El detenido todavía no ha confesado el crimen, pero los indicios que se recogen en la investigación policial han llevado al Tribunal Superior de Justicia de Galicia a decidir que sea un juzgado de violencia sobre la mujer el que se haga cargo del caso.
Archivado en: Violencia machista Vigo Violencia género Machismo Sexismo Derechos mujer Violencia Galicia Relaciones género Sucesos Mujeres Prejuicios España Problemas sociales Sociedad Más información “Ana era la mejor hija que nadie pueda soñar” Los juzgados reciben 426 denuncias por violencia de género cada día Vídeos Newsletters
</post>
<signature>

</signature>
<external_links>

</external_links>
<country>ES</country>
<main_image>http://ep00.epimg.net/politica/imagenes/2016/12/19/actualidad/1482174391_443060_1482174666_rrss_normal.jpg</main_image>
</document>
