<?xml version="1.0" encoding="UTF-8"?>
<document>
<type>mainstream</type>
<forum>http://kazan.bezformata.ru/rss.xml</forum>
<forum_title>Новости города БезФормата.Ru Республика Татарстан Казань</forum_title>
<discussion_title>В Елабуге заработали елочные базары</discussion_title>
<language>russian</language>
<gmt_offset></gmt_offset>
<topic_url>http://kazan.bezformata.ru/listnews/elabuge-zarabotali-elochnie-bazari/53375397/</topic_url>
<topic_text>
В Елабуге заработали елочные базары Новогоднюю елку в городе можно купить за 300–350 рублей. 
(Елабуга,   », Гульнара Салихова). В Елабуге заработали елочные базары. 
Организованы три точки по продаже елей и сосен: площадка перед ТЦ « Елабуга », рынок в 12-м микрорайоне и площадка возле ТЦ « Березка ». 
Цены на новогодние ели и сосны остались на уровне прошлого года. Они установились в пределах 300–350 рублей за метровое деревце. Цена варьируется в зависимости от внешнего вида растения. 
Елочные базары будут работать до 30 декабря. По словам продавцов, ближе к этому числу праздничные деревья можно будет купить уже по себестоимости. Растения, которые не удастся продать, не выкинут. Их передадут в церкви и на корм скоту.
</topic_text>
<spam_score>0.00</spam_score>
<post_num>1</post_num>
<post_id>post-1</post_id>
<post_url>http://kazan.bezformata.ru/listnews/elabuge-zarabotali-elochnie-bazari/53375397/</post_url>
<post_date>20161219</post_date>
<post_time>2336</post_time>
<username></username>
<post>
В Елабуге заработали елочные базары Новогоднюю елку в городе можно купить за 300–350 рублей. 
(Елабуга,   », Гульнара Салихова). В Елабуге заработали елочные базары. 
Организованы три точки по продаже елей и сосен: площадка перед ТЦ « Елабуга », рынок в 12-м микрорайоне и площадка возле ТЦ « Березка ». 
Цены на новогодние ели и сосны остались на уровне прошлого года. Они установились в пределах 300–350 рублей за метровое деревце. Цена варьируется в зависимости от внешнего вида растения. 
Елочные базары будут работать до 30 декабря. По словам продавцов, ближе к этому числу праздничные деревья можно будет купить уже по себестоимости. Растения, которые не удастся продать, не выкинут. Их передадут в церкви и на корм скоту.
</post>
<signature>

</signature>
<external_links>

</external_links>
<country>RU</country>
<main_image></main_image>
</document>
