<?xml version="1.0" encoding="UTF-8"?>
<document>
<type>mainstream</type>
<forum></forum>
<forum_title></forum_title>
<discussion_title>Submit Microbe Abstracts Now: One in Five Accepted Will Be Oral Presentation</discussion_title>
<language>english</language>
<gmt_offset></gmt_offset>
<topic_url>http://www.asm.org/index.php/mbiosphere/item/4434-submit-microbe-abstracts-now-one-in-five-accepted-will-be-oral-presentation</topic_url>
<topic_text>
Friday, 16 December 2016 16:46 Submit Microbe Abstracts Now: One in Five Accepted Will Be Oral Presentation Be the first to comment! 
The call for abstracts is now open for Microbe 2017 , the premier microbiology conference hosted by the American Society for Microbiology. This is your opportunity to submit your important research in the microbial sciences to the largest scientific audience, with a 50% higher chance of presenting your research in an oral presentation. 
Submit your Microbe 2017 abstracts here 
Last year, the ASM General Meeting and Interscience Conference on Antimicrobial Agents and Chemotherapy (ICAAC) were brought together as the first Microbe meeting. The new, combined format brings together basic through clinical microbiologists, and the next ASM Microbe will be June 1-5, 2017 , in New Orleans, La. 
Microbe 2017 has twice as many speaker slots as the 2016 conference, increasing the likelihood of selection for an oral presentation. This is a great opportunity for both early-career and established scientists. For younger scientists, a talk is a chance to hone important presentation skills and introduce oneself to the scientific community. For senior scientists, presenting one’s research increases its exposure and can help form cross-discipline collaborations. 
There are only a few weeks left in 2016, so turn in your abstract before the end of the year to avoid overlooking the deadline. Abstract submission closes January 9 th , 2017, so don’t delay! Late-breaker abstracts will be accepted through February, but January 9 th is also the deadline for Travel Awards, available only to those who have abstracts submitted – submit early to be eligible. 
Helpful links 
</topic_text>
<spam_score>0.03</spam_score>
<post_num>1</post_num>
<post_id>post-1</post_id>
<post_url>http://www.asm.org/index.php/mbiosphere/item/4434-submit-microbe-abstracts-now-one-in-five-accepted-will-be-oral-presentation</post_url>
<post_date>20161216</post_date>
<post_time></post_time>
<username>Julie Wolf</username>
<post>
Friday, 16 December 2016 16:46 Submit Microbe Abstracts Now: One in Five Accepted Will Be Oral Presentation Be the first to comment! 
The call for abstracts is now open for Microbe 2017 , the premier microbiology conference hosted by the American Society for Microbiology. This is your opportunity to submit your important research in the microbial sciences to the largest scientific audience, with a 50% higher chance of presenting your research in an oral presentation. 
Submit your Microbe 2017 abstracts here 
Last year, the ASM General Meeting and Interscience Conference on Antimicrobial Agents and Chemotherapy (ICAAC) were brought together as the first Microbe meeting. The new, combined format brings together basic through clinical microbiologists, and the next ASM Microbe will be June 1-5, 2017 , in New Orleans, La. 
Microbe 2017 has twice as many speaker slots as the 2016 conference, increasing the likelihood of selection for an oral presentation. This is a great opportunity for both early-career and established scientists. For younger scientists, a talk is a chance to hone important presentation skills and introduce oneself to the scientific community. For senior scientists, presenting one’s research increases its exposure and can help form cross-discipline collaborations. 
There are only a few weeks left in 2016, so turn in your abstract before the end of the year to avoid overlooking the deadline. Abstract submission closes January 9 th , 2017, so don’t delay! Late-breaker abstracts will be accepted through February, but January 9 th is also the deadline for Travel Awards, available only to those who have abstracts submitted – submit early to be eligible. 
Helpful links 
</post>
<signature>

</signature>
<external_links>

</external_links>
<country>US</country>
<main_image>http://www.asm.org/media/k2/items/cache/63daee459d7ea7df020c27bdb9b1c065_M.jpg</main_image>
</document>
