<?xml version="1.0" encoding="UTF-8"?>
<document>
<type>mainstream</type>
<forum>https://www.prbuzz.com/education.html</forum>
<forum_title>Education</forum_title>
<discussion_title>Make Learning Fun for Kids with NimNik’s Stacking Toys Building Blocks Offered in Amazon</discussion_title>
<language>english</language>
<gmt_offset>-6</gmt_offset>
<topic_url>https://www.prbuzz.com/education/401198-make-learning-fun-for-kids-with-nimniks-stacking-toys-building-blocks-offered-in-amazon.html</topic_url>
<topic_text>
NimNik Enterprise is one of the top producers of educational game toys in Amazon. Their current release is the periodic 3D stacking toy building blocks in a 485 discount.
Notice that NimNik Enterprise has been placing new items under game toys category this month. This is in connection for one of the anticipated season each year, the Christmas gift giving. It is the season for giving and celebrating. This is a merriment celebration, especially for kids. Parents and godparents are all thinking what to give as a present to children. Seeing this possibility to put their vision on providing quality, fun, and educational game toys NimNik grabbed the chance and filled their online store with significant pieces. One of which is their newest stacking toys building blocks in 3D puzzle periodic table theme.
This 3d puzzle stacking building blocks form NimNik is currently available at the price of $12.99. This launch price is 48% lower than its original price of $24.99. This launch price offer comes with free shipping on orders over $49. Kids can develop their motor skills, shapes and color recognition, creativity and imagination at the same time. In this early stage kid’s brain are at its peak to absorb and learn new things. That is why it is advisable that at this early stage in their growth they should be exposed to activities that help them develop their intelligence.
There are other new products from NimNik Enterprise that is displayed in their online stores. NimNik is giving away promo sales for this Christmas. Check their Amazon store, Instagram Page and Shopify website for updates.
About NimNik Enterprise:
CEO/Sales Manager - Katie Green
Email Address: This email address is being protected from spambots. You need JavaScript enabled to view it.
</topic_text>
<spam_score>0.00</spam_score>
<post_num>1</post_num>
<post_id>post-1</post_id>
<post_url>https://www.prbuzz.com/education/401198-make-learning-fun-for-kids-with-nimniks-stacking-toys-building-blocks-offered-in-amazon.html</post_url>
<post_date>20161220</post_date>
<post_time></post_time>
<username>prbuzz.com</username>
<post>
NimNik Enterprise is one of the top producers of educational game toys in Amazon. Their current release is the periodic 3D stacking toy building blocks in a 485 discount.
Notice that NimNik Enterprise has been placing new items under game toys category this month. This is in connection for one of the anticipated season each year, the Christmas gift giving. It is the season for giving and celebrating. This is a merriment celebration, especially for kids. Parents and godparents are all thinking what to give as a present to children. Seeing this possibility to put their vision on providing quality, fun, and educational game toys NimNik grabbed the chance and filled their online store with significant pieces. One of which is their newest stacking toys building blocks in 3D puzzle periodic table theme.
This 3d puzzle stacking building blocks form NimNik is currently available at the price of $12.99. This launch price is 48% lower than its original price of $24.99. This launch price offer comes with free shipping on orders over $49. Kids can develop their motor skills, shapes and color recognition, creativity and imagination at the same time. In this early stage kid’s brain are at its peak to absorb and learn new things. That is why it is advisable that at this early stage in their growth they should be exposed to activities that help them develop their intelligence.
There are other new products from NimNik Enterprise that is displayed in their online stores. NimNik is giving away promo sales for this Christmas. Check their Amazon store, Instagram Page and Shopify website for updates.
About NimNik Enterprise:
CEO/Sales Manager - Katie Green
Email Address: This email address is being protected from spambots. You need JavaScript enabled to view it.
</post>
<signature>

</signature>
<external_links>
<external_link>http://www.amazon.com/exec/obidos/ASIN/B01LYP82A8</external_link><external_link>https://instagram.com/nimnikbaby</external_link>
</external_links>
<country>US</country>
<main_image></main_image>
</document>
