<?xml version="1.0" encoding="UTF-8"?>
<document>
<type>mainstream</type>
<forum>http://rostovnadonu.bezformata.ru/rss.xml</forum>
<forum_title>Новости города БезФормата.Ru Ростовская область Ростов-на-Дону</forum_title>
<discussion_title>Декабрьским вечером в Центре искусств Рахманинова снова звучал орган</discussion_title>
<language>russian</language>
<gmt_offset></gmt_offset>
<topic_url>http://shahti.bezformata.ru/listnews/rahmaninova-snova-zvuchal-organ/53374799/</topic_url>
<topic_text>
- всё это вас ждёт в Домбае! Выезд - каждый четверг! Почитать подробнее Тел.: 222-7-22, КРУИЗ.ШАХТЫ.SU 
Проекту &quot; Декабрьские музыкальные вечера - органная музыка эпохи Барокко &quot; преподавателя музыкально-теоретических дисциплин музыковеда Елены Витальевны Переясловой уже больше 30 лет. На днях очередной концерт из этого просветительского цикла прошёл в Центре искусств имени Рахманинова. Он назывался &quot; Дорога к Рождеству &quot;. 
Концертный зал, как всегда, был полон. Звучала музыка Букстехуде, Баха, Генделя, Валери, Кирхгофа, Шарпентье. Орган выступал то солирующим инструментом, то в содружестве с голосами вокалистов, со скрипкой, с флейтой. Перемигивались разноцветные гирлянды, а в финале живым огнём горели свечи, создавая ощущение рождественского чуда. 
Стоит сказать, что и сам орган в Центре искусств имени Рахманинова - это чудо. Электронный инструмент советской ещё фирмы &quot; Прелюдия &quot; - два мануала (ручная клавиатура) и ножная педаль, 50 регистров. Такого нет и не было ни в одном учебном заведении Ростовской области, даже в консерватории. Его ещё в 1976 году как-то удалось заполучить для шахтинской музыкальной школы N1 её первому директору - ветерану войны заслуженному работнику культуры РСФСР Владимиру Васильевичу Соловьеву. 
Нынешняя &quot;хозяйка&quot; органа Елена Витальевна Переяслова осваивала азы органной музыки как вторую музыкальную специальность у Гарика Абояна. Затем стажировалась в Пицунде, где в храме IX века установлен уникальный орган, у лауреата международных конкурсов Луки Гаделия, у народной артистки Абхазии Марины Шамба, у известной петербургской органистки Ирины Розановой. Чтобы потом передавать всё, чему научилась, своим ученикам. Их у неё за все годы её любви к органу - больше 30 человек. С одной из них - Галиной Дударевой - Елена Витальевна подготовила к нынешнему концерту &quot; Декабрьских музыкальных вечеров &quot; хорал &quot; Утреняя звезда &quot; Дитриха Букстехуде. 
Галина третий год осваивает орган после учёбы по классу фортепиано у Ольги Викторовны Поповой. 
- У этой девочки прямо жадность какая-то к музыке барокко! - говорит о ней Елена Витальевна. - У неё рождаются собственные музыкальные образы, когда играет, она как бы поднимается, как бы парит... 
Вместе Галиной Елена Витальевна надеется, что им удастся играть и дальше. Что старенький орган с паянной-перепаянной электроникой ещё хоть немного послужит. Потому что новый инструмент такого класса Центру искусств никогда не купить - слишком дорог. Разве что чудо случится по &quot; Дороге к Рождеству &quot;. Как в добрых святочных историях. Елена Витальевна Переяслова со своей ученицей Галиной Дударевой
</topic_text>
<spam_score>0.00</spam_score>
<post_num>1</post_num>
<post_id>post-1</post_id>
<post_url>http://shahti.bezformata.ru/listnews/rahmaninova-snova-zvuchal-organ/53374799/</post_url>
<post_date>20161219</post_date>
<post_time>2136</post_time>
<username></username>
<post>
- всё это вас ждёт в Домбае! Выезд - каждый четверг! Почитать подробнее Тел.: 222-7-22, КРУИЗ.ШАХТЫ.SU 
Проекту &quot; Декабрьские музыкальные вечера - органная музыка эпохи Барокко &quot; преподавателя музыкально-теоретических дисциплин музыковеда Елены Витальевны Переясловой уже больше 30 лет. На днях очередной концерт из этого просветительского цикла прошёл в Центре искусств имени Рахманинова. Он назывался &quot; Дорога к Рождеству &quot;. 
Концертный зал, как всегда, был полон. Звучала музыка Букстехуде, Баха, Генделя, Валери, Кирхгофа, Шарпентье. Орган выступал то солирующим инструментом, то в содружестве с голосами вокалистов, со скрипкой, с флейтой. Перемигивались разноцветные гирлянды, а в финале живым огнём горели свечи, создавая ощущение рождественского чуда. 
Стоит сказать, что и сам орган в Центре искусств имени Рахманинова - это чудо. Электронный инструмент советской ещё фирмы &quot; Прелюдия &quot; - два мануала (ручная клавиатура) и ножная педаль, 50 регистров. Такого нет и не было ни в одном учебном заведении Ростовской области, даже в консерватории. Его ещё в 1976 году как-то удалось заполучить для шахтинской музыкальной школы N1 её первому директору - ветерану войны заслуженному работнику культуры РСФСР Владимиру Васильевичу Соловьеву. 
Нынешняя &quot;хозяйка&quot; органа Елена Витальевна Переяслова осваивала азы органной музыки как вторую музыкальную специальность у Гарика Абояна. Затем стажировалась в Пицунде, где в храме IX века установлен уникальный орган, у лауреата международных конкурсов Луки Гаделия, у народной артистки Абхазии Марины Шамба, у известной петербургской органистки Ирины Розановой. Чтобы потом передавать всё, чему научилась, своим ученикам. Их у неё за все годы её любви к органу - больше 30 человек. С одной из них - Галиной Дударевой - Елена Витальевна подготовила к нынешнему концерту &quot; Декабрьских музыкальных вечеров &quot; хорал &quot; Утреняя звезда &quot; Дитриха Букстехуде. 
Галина третий год осваивает орган после учёбы по классу фортепиано у Ольги Викторовны Поповой. 
- У этой девочки прямо жадность какая-то к музыке барокко! - говорит о ней Елена Витальевна. - У неё рождаются собственные музыкальные образы, когда играет, она как бы поднимается, как бы парит... 
Вместе Галиной Елена Витальевна надеется, что им удастся играть и дальше. Что старенький орган с паянной-перепаянной электроникой ещё хоть немного послужит. Потому что новый инструмент такого класса Центру искусств никогда не купить - слишком дорог. Разве что чудо случится по &quot; Дороге к Рождеству &quot;. Как в добрых святочных историях. Елена Витальевна Переяслова со своей ученицей Галиной Дударевой
</post>
<signature>

</signature>
<external_links>

</external_links>
<country>RU</country>
<main_image>http://shahti.bezformata.ru/content/image223121813.jpg</main_image>
</document>
