<?xml version="1.0" encoding="UTF-8"?>
<document>
<type>mainstream</type>
<forum>https://www.prbuzz.com/education.html</forum>
<forum_title>Education</forum_title>
<discussion_title>United College Of Health &amp; Beauty Aims To Educate Individuals in Medical &amp; Beauty Domain</discussion_title>
<language>english</language>
<gmt_offset>-6</gmt_offset>
<topic_url>https://www.prbuzz.com/education/401153-united-college-of-health-beauty-aims-to-educate-individuals-in-medical-beauty-domain.html</topic_url>
<topic_text>
United College of Health and Beauty believes that medical and/or beauty education can enrich lives of students by empowering them as future professionals with new fulfilling careers. The company is committed to be the most useful, informative, comprehensive resource for school students by offering expert advice towards building their dream career a reality.
United College of Health and Beauty have a lifetime experience in the cosmetology industry, with a mission of meeting all the needs of future beauty school students. They endeavour to offer theoretically grounded, learner-centred and practically rigorous education for the chosen path of students in beauty, spa, medical or related industry. The stuff and faculty educate individuals getting prepared to pursue a career which is individualistic and creative. The programs of United College are practical and artistic, trendy as well as tried-and-true, fashionable and foundational.
The courses offered are Medical assistant, dental assistant Englewood, phlebotomy technician Denver , pharmacy technician, Aesthetician/Esthetician, massage therapist, full cosmetologist, nail technician, hair stylist and permanent makeup. United College also supports military troops by offering education to succeed after the selfless service for nation.
About United College of Health and Beauty
United College of Health and Beauty a post-secondary vocational school founded in year 2009 with a belief of education for all has been working with its expert team of teachers to educate and train students with cutting edge techniques in medical or beauty field to pursue a career of their own. The United College of Health and Beauty formerly called the Exquisite College of Health and Beauty is regulated and approved by Colorado Department of Higher Education, Division of Private Occupational Schools. They offer excellent job-placement resources for student and as graduate.
To know more about United College of Health and Beauty visit http://unitedcollegeofhealthandbeauty.com/
###
</topic_text>
<spam_score>0.36</spam_score>
<post_num>1</post_num>
<post_id>post-1</post_id>
<post_url>https://www.prbuzz.com/education/401153-united-college-of-health-beauty-aims-to-educate-individuals-in-medical-beauty-domain.html</post_url>
<post_date>20161220</post_date>
<post_time></post_time>
<username>prbuzz.com</username>
<post>
United College of Health and Beauty believes that medical and/or beauty education can enrich lives of students by empowering them as future professionals with new fulfilling careers. The company is committed to be the most useful, informative, comprehensive resource for school students by offering expert advice towards building their dream career a reality.
United College of Health and Beauty have a lifetime experience in the cosmetology industry, with a mission of meeting all the needs of future beauty school students. They endeavour to offer theoretically grounded, learner-centred and practically rigorous education for the chosen path of students in beauty, spa, medical or related industry. The stuff and faculty educate individuals getting prepared to pursue a career which is individualistic and creative. The programs of United College are practical and artistic, trendy as well as tried-and-true, fashionable and foundational.
The courses offered are Medical assistant, dental assistant Englewood, phlebotomy technician Denver , pharmacy technician, Aesthetician/Esthetician, massage therapist, full cosmetologist, nail technician, hair stylist and permanent makeup. United College also supports military troops by offering education to succeed after the selfless service for nation.
About United College of Health and Beauty
United College of Health and Beauty a post-secondary vocational school founded in year 2009 with a belief of education for all has been working with its expert team of teachers to educate and train students with cutting edge techniques in medical or beauty field to pursue a career of their own. The United College of Health and Beauty formerly called the Exquisite College of Health and Beauty is regulated and approved by Colorado Department of Higher Education, Division of Private Occupational Schools. They offer excellent job-placement resources for student and as graduate.
To know more about United College of Health and Beauty visit http://unitedcollegeofhealthandbeauty.com/
###
</post>
<signature>

</signature>
<external_links>
<external_link>http://unitedcollegeofhealthandbeauty.com/</external_link><external_link>http://unitedcollegeofhealthandbeauty.com/phlebotomist/</external_link>
</external_links>
<country>US</country>
<main_image></main_image>
</document>
