<?xml version="1.0" encoding="UTF-8"?>
<document>
<type>mainstream</type>
<forum>http://www.trading-house.net/rss/meldungen/</forum>
<forum_title>trading-house.net Nachrichtenfeed</forum_title>
<discussion_title>Unklarheit über Hintergrund zur Todesfahrt in Berlin</discussion_title>
<language>german</language>
<gmt_offset></gmt_offset>
<topic_url>http://www.trading-house.net/news/unklarheit-ueber-hintergrund-zur-todesfahrt-in-berlin-52508909</topic_url>
<topic_text>
20.12.2016 - 00:34 Uhr Unklarheit über Hintergrund zur Todesfahrt in Berlin Ein Lkw mit polnischem Kennzeichen ist am Montagabend in Berlin in eine Menschenmenge gefahren. Mehrere Menschen wurden getötet. Die Hintergründe der Tat sind noch offen.
</topic_text>
<spam_score>0.00</spam_score>
<post_num>1</post_num>
<post_id>post-1</post_id>
<post_url>http://www.trading-house.net/news/unklarheit-ueber-hintergrund-zur-todesfahrt-in-berlin-52508909</post_url>
<post_date>20161219</post_date>
<post_time>2334</post_time>
<username></username>
<post>
20.12.2016 - 00:34 Uhr Unklarheit über Hintergrund zur Todesfahrt in Berlin Ein Lkw mit polnischem Kennzeichen ist am Montagabend in Berlin in eine Menschenmenge gefahren. Mehrere Menschen wurden getötet. Die Hintergründe der Tat sind noch offen.
</post>
<signature>

</signature>
<external_links>

</external_links>
<country>DE</country>
<main_image></main_image>
</document>
