<?xml version="1.0" encoding="UTF-8"?>
<document>
<type>mainstream</type>
<forum>http://rzeszowiak.pl//rss/Przemysl-Maszyny-i-urzadzenia.xml</forum>
<forum_title>Przemysł www.rzeszowiak.pl</forum_title>
<discussion_title>Separator- odmulacz do szlifierki 601273539 ...</discussion_title>
<language>polish</language>
<gmt_offset></gmt_offset>
<topic_url>http://www.rzeszowiak.pl/oferujemy-filtry-magnetyczne-fma-1-63-fma-1-100-fma-8698452</topic_url>
<topic_text>
Oferujemy filtry magnetyczne -FMA 1-63, FMA 1-100, FMA 1-160, FMA 1-250Filtr przeznaczony jest głównie do pracy w układach chłodzących takich obrabiarek, jak: szlifierki (SPD30, SPD40, SPC20, SOA, SOJ, SAB,BUT, BUC, BUA), dogładzarki, wiórkarki, małe obrabiarki do kół zębatych i innych obróbkach gdzie powstają drobne wióry.Zastosowanie filtru w układzie obiegu chłodziwa pozwala na uzyskanie lepszej jakości obrobionej powierzchni, dłuższych okresów użytkowania chłodziw oraz mniejsze zużycie elektropompek.W ofercie również części zamienne: bębny magnetyczne, wałki gumowe, zabieraki opiłków. Gwarantujemy wysoką jakość, dogodne warunki handlowe orazszybki czas realizacji zamówień .Zapraszamy do kontaktu: e-mail: [użyj poniższego formularza kontaktowego]
</topic_text>
<spam_score>0.00</spam_score>
<post_num>1</post_num>
<post_id>post-1</post_id>
<post_url>http://www.rzeszowiak.pl/oferujemy-filtry-magnetyczne-fma-1-63-fma-1-100-fma-8698452</post_url>
<post_date>20161219</post_date>
<post_time>0639</post_time>
<username>Separator- odmulacz do szlifierki 601273539</username>
<post>
Oferujemy filtry magnetyczne -FMA 1-63, FMA 1-100, FMA 1-160, FMA 1-250Filtr przeznaczony jest głównie do pracy w układach chłodzących takich obrabiarek, jak: szlifierki (SPD30, SPD40, SPC20, SOA, SOJ, SAB,BUT, BUC, BUA), dogładzarki, wiórkarki, małe obrabiarki do kół zębatych i innych obróbkach gdzie powstają drobne wióry.Zastosowanie filtru w układzie obiegu chłodziwa pozwala na uzyskanie lepszej jakości obrobionej powierzchni, dłuższych okresów użytkowania chłodziw oraz mniejsze zużycie elektropompek.W ofercie również części zamienne: bębny magnetyczne, wałki gumowe, zabieraki opiłków. Gwarantujemy wysoką jakość, dogodne warunki handlowe orazszybki czas realizacji zamówień .Zapraszamy do kontaktu: e-mail: [użyj poniższego formularza kontaktowego]
</post>
<signature>

</signature>
<external_links>

</external_links>
<country>PL</country>
<main_image></main_image>
</document>
