<?xml version="1.0" encoding="UTF-8"?>
<document>
<type>mainstream</type>
<forum>http://rostovnadonu.bezformata.ru/rss.xml</forum>
<forum_title>Новости города БезФормата.Ru Ростовская область Ростов-на-Дону</forum_title>
<discussion_title>В рамках работы «Синергия-ЮФУ» прошла презентационная встреча</discussion_title>
<language>russian</language>
<gmt_offset></gmt_offset>
<topic_url>http://rostovnadonu.bezformata.ru/listnews/sinergiya-yufu-proshla-prezentatcionnaya/53375048/</topic_url>
<topic_text>
Фото: rostoveparhia.ru 
19 декабря 2016 года состоялась презентационная встреча в рамках работы « Синергия-ЮФУ ». В мероприятии приняли участие директор Академии психологии и педагогики ЮФУ Владимир Кирик, директор Института философии и социально-политических наук Ю ФУ Елена Сердюкова, настоятель домового храма ЮФУ протоиерей Даниил Азизов, руководитель МСО « Синергия » диакон Виктор Свистунов. 
В ходе встречи была достигнута договоренность о дальнейшем продвижении проекта на площадках Института философии и социально-политических наук ЮФУ, а также других подразделениях университета. Для этого на февраль 2017 г. запланировано провидение ряда презентаций в подразделениях ЮФУ. 
«Мы должны мультиплицировать опыт проведения студенческих дискуссионных площадок, в первую очередь, через Ассоциацию выпускников ЮФУ, для максимального вовлечения студентов, — отмечает руководитель МСО „Синергия“ диакон Виктор Свистунов. – Проведение открытых массовых площадок открывает для студентов максимальный потенциал не только вовлечения их в образовательно-воспитательный вузовский процесс, но и предоставляет возможность знакомства с интересными людьми, вдохновляет их на новые свершения». 
Была отмечена особая значимость информационной поддержки проекта как стороны вузовских, так и епархиальных СМИ. Также 27 декабря текущего года планируется проведение пресс-конференции в рамках Рождественской благотворительной акции» #СинергияБлаготворит». 
Напомним, что в рамках подписанного недавно Соглашения между университетом и Ростовской-на-Дону епархией митрополит Ростовский и Новочеркасский Меркурий акцентировал внимание именно на этом образовательно-воспитательном взаимодействии.
</topic_text>
<spam_score>0.00</spam_score>
<post_num>1</post_num>
<post_id>post-1</post_id>
<post_url>http://rostovnadonu.bezformata.ru/listnews/sinergiya-yufu-proshla-prezentatcionnaya/53375048/</post_url>
<post_date>20161219</post_date>
<post_time>2238</post_time>
<username></username>
<post>
Фото: rostoveparhia.ru 
19 декабря 2016 года состоялась презентационная встреча в рамках работы « Синергия-ЮФУ ». В мероприятии приняли участие директор Академии психологии и педагогики ЮФУ Владимир Кирик, директор Института философии и социально-политических наук Ю ФУ Елена Сердюкова, настоятель домового храма ЮФУ протоиерей Даниил Азизов, руководитель МСО « Синергия » диакон Виктор Свистунов. 
В ходе встречи была достигнута договоренность о дальнейшем продвижении проекта на площадках Института философии и социально-политических наук ЮФУ, а также других подразделениях университета. Для этого на февраль 2017 г. запланировано провидение ряда презентаций в подразделениях ЮФУ. 
«Мы должны мультиплицировать опыт проведения студенческих дискуссионных площадок, в первую очередь, через Ассоциацию выпускников ЮФУ, для максимального вовлечения студентов, — отмечает руководитель МСО „Синергия“ диакон Виктор Свистунов. – Проведение открытых массовых площадок открывает для студентов максимальный потенциал не только вовлечения их в образовательно-воспитательный вузовский процесс, но и предоставляет возможность знакомства с интересными людьми, вдохновляет их на новые свершения». 
Была отмечена особая значимость информационной поддержки проекта как стороны вузовских, так и епархиальных СМИ. Также 27 декабря текущего года планируется проведение пресс-конференции в рамках Рождественской благотворительной акции» #СинергияБлаготворит». 
Напомним, что в рамках подписанного недавно Соглашения между университетом и Ростовской-на-Дону епархией митрополит Ростовский и Новочеркасский Меркурий акцентировал внимание именно на этом образовательно-воспитательном взаимодействии.
</post>
<signature>

</signature>
<external_links>

</external_links>
<country>RU</country>
<main_image>http://rostovnadonu.bezformata.ru/content/image223124657.jpg</main_image>
</document>
