<?xml version="1.0" encoding="UTF-8"?>
<document>
<type>mainstream</type>
<forum>http://rzeszowiak.pl//rss/Przemysl-Maszyny-i-urzadzenia.xml</forum>
<forum_title>Przemysł www.rzeszowiak.pl</forum_title>
<discussion_title>Kocioł warzelny i patelnia gastronomiczna ...</discussion_title>
<language>polish</language>
<gmt_offset></gmt_offset>
<topic_url>http://www.rzeszowiak.pl/mam-do-sprzedania1-kociol-warzelny-na-gaz-ziemny-8696137</topic_url>
<topic_text>
1. Kocioł warzelny na gaz ziemny Niemieckiej firmy rok produkcji 1990 pojemność 80 litrów, moc 18 KW, waga 175 kg.Kocioł sprawny po generalnym przeglądzie w 2016 roku.W przypadku zainteresowania prosimy o kontakt tel. 601 40 67 27 Cena 2000 złotych
</topic_text>
<spam_score>0.00</spam_score>
<post_num>1</post_num>
<post_id>post-1</post_id>
<post_url>http://www.rzeszowiak.pl/mam-do-sprzedania1-kociol-warzelny-na-gaz-ziemny-8696137</post_url>
<post_date>20161218</post_date>
<post_time>0719</post_time>
<username>Kocioł warzelny i patelnia gastronomiczna</username>
<post>
1. Kocioł warzelny na gaz ziemny Niemieckiej firmy rok produkcji 1990 pojemność 80 litrów, moc 18 KW, waga 175 kg.Kocioł sprawny po generalnym przeglądzie w 2016 roku.W przypadku zainteresowania prosimy o kontakt tel. 601 40 67 27 Cena 2000 złotych
</post>
<signature>

</signature>
<external_links>

</external_links>
<country>PL</country>
<main_image></main_image>
</document>
