<?xml version="1.0" encoding="UTF-8"?>
<document>
<type>mainstream</type>
<forum></forum>
<forum_title></forum_title>
<discussion_title>AlumiGraphics SMOOTH and GRIP | PrintingNews.com</discussion_title>
<language>english</language>
<gmt_offset></gmt_offset>
<topic_url>http://www.printingnews.com/product/12249153/gpa-specialty-substrate-solutions-alumigraphics-smooth-and-grip</topic_url>
<topic_text>
| Share | Share 
GPA (Booth 2940) will highlight AlumiGraphics SMOOTH and GRIP foil media for wide-format presses, which transforms overlooked spaces into cost-effective marketing platforms. These materials offer superior flexibility, printability, durability, and easy application. SMOOTH has a non-glare, satin finish ideal for rigid wall surfaces like concrete, tile, and asphalt. GRIP is UL- and ASTM-certified for slip-resistance and has a reflective finish for walkways made of brick, stucco, concrete block, and other textured materials. Because it has no memory or shrinkage, it is not affected by moisture or temperature changes. Continue Reading 
</topic_text>
<spam_score>0.27</spam_score>
<post_num>1</post_num>
<post_id>post-1</post_id>
<post_url>http://www.printingnews.com/product/12249153/gpa-specialty-substrate-solutions-alumigraphics-smooth-and-grip</post_url>
<post_date>20160816</post_date>
<post_time></post_time>
<username></username>
<post>
| Share | Share 
GPA (Booth 2940) will highlight AlumiGraphics SMOOTH and GRIP foil media for wide-format presses, which transforms overlooked spaces into cost-effective marketing platforms. These materials offer superior flexibility, printability, durability, and easy application. SMOOTH has a non-glare, satin finish ideal for rigid wall surfaces like concrete, tile, and asphalt. GRIP is UL- and ASTM-certified for slip-resistance and has a reflective finish for walkways made of brick, stucco, concrete block, and other textured materials. Because it has no memory or shrinkage, it is not affected by moisture or temperature changes. Continue Reading 
</post>
<signature>

</signature>
<external_links>

</external_links>
<country>US</country>
<main_image>http://r3.printingnews.com/files/base/CGN/image/2016/08/16x9/1280x720/GPA_Booth__2940_WFS.57bdb962f0869.jpg</main_image>
</document>
