<?xml version="1.0" encoding="UTF-8"?>
<document>
<type>mainstream</type>
<forum>http://www.journaldemontreal.com//rss.xml</forum>
<forum_title>Accueil</forum_title>
<discussion_title>Shawinigan: hausse de taxe d&apos;au plus 1 %</discussion_title>
<language>french</language>
<gmt_offset></gmt_offset>
<topic_url>http://www.journaldemontreal.com/2016/12/19/shawinigan-hausse-de-taxe-dau-plus-1</topic_url>
<topic_text>
  18:50   18:50   
SHAWINIGAN – Les contribuables de Shawinigan vont s&apos;en tirer en 2017 avec une hausse d&apos;au plus 1 % de leur compte de taxes municipales. Il en coûtera donc 24,41 $ de plus pour une maison d&apos;une valeur moyenne de 146 000 $. 
Le maire Michel Angers parle d&apos;un budget «sobre et axé sur l&apos;essentiel». Les dépenses augmentent de près de 3 % pour un budget total qui s&apos;élèvera à 82,6 millions $. 
Pour limiter la croissance, l&apos;administration municipale s&apos;est imposée un régime minceur. Pour 2017, elle compte aussi maintenir une discipline de fer dans le contrôle de sa dette, qui atteint les 140 millions $. 
Seuls les investissements absolument nécessaires comme la mise aux normes du réseau d&apos;eau potable seront autorisés. Le maire écarte du revers de la main toute allusion à un «budget électoraliste». Il fait valoir qu&apos;à ce compte, les budgets des quatre dernières années, qui avaient chaque fois des hausses de taxe sous la barre des 2 %, étaient tous «électoralistes». 
«On va toujours tenter d&apos;avoir un compte de taxes qui va être à la hauteur de ce qu&apos;on est capable de produire tout en donnant une excellente qualité de service aux citoyens». RECOMMANDÉ POUR VOUS À DÉCOUVRIR SUR LE WEB Les plus populaires
</topic_text>
<spam_score>0.00</spam_score>
<post_num>1</post_num>
<post_id>post-1</post_id>
<post_url>http://www.journaldemontreal.com/2016/12/19/shawinigan-hausse-de-taxe-dau-plus-1</post_url>
<post_date>20161219</post_date>
<post_time>2350</post_time>
<username></username>
<post>
  18:50   18:50   
SHAWINIGAN – Les contribuables de Shawinigan vont s&apos;en tirer en 2017 avec une hausse d&apos;au plus 1 % de leur compte de taxes municipales. Il en coûtera donc 24,41 $ de plus pour une maison d&apos;une valeur moyenne de 146 000 $. 
Le maire Michel Angers parle d&apos;un budget «sobre et axé sur l&apos;essentiel». Les dépenses augmentent de près de 3 % pour un budget total qui s&apos;élèvera à 82,6 millions $. 
Pour limiter la croissance, l&apos;administration municipale s&apos;est imposée un régime minceur. Pour 2017, elle compte aussi maintenir une discipline de fer dans le contrôle de sa dette, qui atteint les 140 millions $. 
Seuls les investissements absolument nécessaires comme la mise aux normes du réseau d&apos;eau potable seront autorisés. Le maire écarte du revers de la main toute allusion à un «budget électoraliste». Il fait valoir qu&apos;à ce compte, les budgets des quatre dernières années, qui avaient chaque fois des hausses de taxe sous la barre des 2 %, étaient tous «électoralistes». 
«On va toujours tenter d&apos;avoir un compte de taxes qui va être à la hauteur de ce qu&apos;on est capable de produire tout en donnant une excellente qualité de service aux citoyens». RECOMMANDÉ POUR VOUS À DÉCOUVRIR SUR LE WEB Les plus populaires
</post>
<signature>

</signature>
<external_links>

</external_links>
<country>US</country>
<main_image>http://storage.journaldemontreal.com/v1/dynamic_resize/sws_path/jdx-prod-images/d49471d7-8ffa-4313-bdf9-bb924623706b_JDX-2x1_WEB.jpg?quality=80&amp;size=1200x&amp;version=1</main_image>
</document>
