<?xml version="1.0" encoding="UTF-8"?>
<document>
<type>mainstream</type>
<forum>http://api.foxsports.com/v1/rss?partnerKey=zBaFxRyGKCfxBagJG9b8pqLyndmvo7UU&amp;tag=cbk</forum>
<forum_title>FOX Sports Digital</forum_title>
<discussion_title>Oregon Ducks Ruthy Hebard Named Pac-12 Freshman Of The Week</discussion_title>
<language>english</language>
<gmt_offset></gmt_offset>
<topic_url>http://www.foxsports.com/college-basketball/story/oregon-ducks-ruthy-hebard-named-pac-12-freshman-of-the-week-121916</topic_url>
<topic_text>
Oregon Ducks Ruthy Hebard Named Pac-12 Freshman Of The Week Justin Phillips/FanSided via Autzen Zoo Fansided Dec 19, 2016 at 5:38p ET 0Shares 
Oregon Ducks Freshman Ruthy Hebard has tallied double-digit totals in scoring over the last three games. 
In doing that, she was named the Pac-12 Freshman of the Week by the Conference of Champions. He efforts helped the Oregon Women’s Basketball team to a 2-1 record last week with wins against Portland State on Saturday at the Moda Center and a win on the road at Clemson. 
Oregon shot 55 percent against the Portland State and over three games Hebard was a big reason for the Ducks success hitting on over 80 percent of her shots from the floor, the majority inside the paint. She garnered comparisons this week to Jillian Alleyne . Hebard had 28 points against the Vikings and tallied 22 points in the win over the Clemson Tigers. 
Lexi Bando and Sabrini Ionescu have also had some headlining time for Oregon during the non-conference slate with Ionescu picking up two triple-doubles so far this season. Bando is one of the best three-point shooters in the Pac-12 in 2016 and now Ruthy Hebard leads the Nation in field goal percentage at 81.5 percent. 
The Oregon Ducks face one final tune-up before Pac-12 play begins next week. Oregon hosts Idaho on Tuesday at Matthew Knight Arena. Tipoff is set for Noon. The game will be available on the Oregon Ducks Live Stream. More from Autzen Zoo
</topic_text>
<spam_score>0.00</spam_score>
<post_num>1</post_num>
<post_id>post-1</post_id>
<post_url>http://www.foxsports.com/college-basketball/story/oregon-ducks-ruthy-hebard-named-pac-12-freshman-of-the-week-121916</post_url>
<post_date>20161219</post_date>
<post_time>2230</post_time>
<username></username>
<post>
Oregon Ducks Ruthy Hebard Named Pac-12 Freshman Of The Week Justin Phillips/FanSided via Autzen Zoo Fansided Dec 19, 2016 at 5:38p ET 0Shares 
Oregon Ducks Freshman Ruthy Hebard has tallied double-digit totals in scoring over the last three games. 
In doing that, she was named the Pac-12 Freshman of the Week by the Conference of Champions. He efforts helped the Oregon Women’s Basketball team to a 2-1 record last week with wins against Portland State on Saturday at the Moda Center and a win on the road at Clemson. 
Oregon shot 55 percent against the Portland State and over three games Hebard was a big reason for the Ducks success hitting on over 80 percent of her shots from the floor, the majority inside the paint. She garnered comparisons this week to Jillian Alleyne . Hebard had 28 points against the Vikings and tallied 22 points in the win over the Clemson Tigers. 
Lexi Bando and Sabrini Ionescu have also had some headlining time for Oregon during the non-conference slate with Ionescu picking up two triple-doubles so far this season. Bando is one of the best three-point shooters in the Pac-12 in 2016 and now Ruthy Hebard leads the Nation in field goal percentage at 81.5 percent. 
The Oregon Ducks face one final tune-up before Pac-12 play begins next week. Oregon hosts Idaho on Tuesday at Matthew Knight Arena. Tipoff is set for Noon. The game will be available on the Oregon Ducks Live Stream. More from Autzen Zoo
</post>
<signature>

</signature>
<external_links>

</external_links>
<country>US</country>
<main_image>http://b.fssta.com/uploads/2016/12/DSCN0830_resized1-e1449416315346.vresize.1200.675.high.0.jpg</main_image>
</document>
