<?xml version="1.0" encoding="UTF-8"?>
<document>
<type>mainstream</type>
<forum></forum>
<forum_title></forum_title>
<discussion_title>Kids these days!</discussion_title>
<language>english</language>
<gmt_offset></gmt_offset>
<topic_url>https://au.tv.yahoo.com/the-morning-show/video/watch/33616106/kids-these-days/</topic_url>
<topic_text>

Young people have no need for a phone, because they don&apos;t use internet banking. Most Viewed 
</topic_text>
<spam_score>0.14</spam_score>
<post_num>1</post_num>
<post_id>post-1</post_id>
<post_url>https://au.tv.yahoo.com/the-morning-show/video/watch/33616106/kids-these-days/</post_url>
<post_date>20161220</post_date>
<post_time></post_time>
<username>The Morning Show Published Mins Ago</username>
<post>

Young people have no need for a phone, because they don&apos;t use internet banking. Most Viewed 
</post>
<signature>

</signature>
<external_links>

</external_links>
<country>AU</country>
<main_image>https://s.yimg.com/iu/api/res/1.2/KjOpB1UMLjxLdNlmV2V7tQ--/YXBwaWQ9eXZpZGVvO3c9MjYzO2g9MjAwO2R4PTg1O2R5PTE7Y3c9NDcyO2NoPTM1OTtxPTcwO3VsY3JvcDtyb3RhdGU9YXV0bw--/https://s.yimg.com/ea/img/-/161220/58586c52675eb_33616106_2016_12_19t23_17_14.5z_640x360.jpg</main_image>
</document>
