<?xml version="1.0" encoding="UTF-8"?>
<document>
<type>mainstream</type>
<forum>http://speedwaymedia.com/index.php?feed=rss&amp;cat=5</forum>
<forum_title>Sprint Cup Series – SpeedwayMedia.com</forum_title>
<discussion_title>NASCAR Unveils New Brand Identity, Premier Series Name and Mark</discussion_title>
<language>english</language>
<gmt_offset></gmt_offset>
<topic_url>http://www.speedwaymedia.com/?p=118084</topic_url>
<topic_text>
NASCAR Unveils New Brand Identity, Premier Series Name and Mark   Mon, Dec. 19, 2016 Tweet 
Premier Series to Be Named Monster Energy NASCAR Cup Series Beginning in 2017 
DAYTONA BEACH, Fla. (Dec. 19, 2016) –- NASCAR today unveiled a new official brand identity which will replace the bar mark used by the sanctioning body since 1976. The announcement was made in conjunction with the news that Monster Energy NASCAR Cup Series™ will be the new name of the sport’s premier series beginning January 1, 2017. 
The new brand mark and Monster Energy NASCAR Cup Series mark, which prominently features the iconic Monster Energy logo, together represent a new era in NASCAR and were first shared today across NASCAR social and digital media channels. 
The NASCAR brand identity has been in development since early 2016 as part of a broader effort to refresh the NASCAR brand. It was designed to pay tribute to the storied history of NASCAR, incorporating elements of all four previous marks since the company’s inaugural season of 1948. 
“Our new NASCAR mark is modern, timeless, and embraces the heritage of our sport,” said Jill Gregory, NASCAR senior vice president and chief marketing officer. “It was important for us to recognize our history and implement a piece of each previous mark in the new design. Our goal was to evolve the sport’s visual identity to make it concise, relevant and functional, while respecting and maintaining the unique qualities of the original mark.” 
The first Monster Energy NASCAR Cup Series points race will be the 59 th running of the Daytona 500 at Daytona International Speedway on Feb. 26 (2 p.m. ET, FOX, MRN and SiriusXM NASCAR Radio). Tickets are available at NASCAR.com/tickets . 
About NASCAR 
The National Association for Stock Car Auto Racing, Inc. (NASCAR) is the sanctioning body for the No. 1 form of motorsports in the United States. NASCAR consists of three national series (Monster Energy NASCAR Cup Series™, NASCAR XFINITY Series™, and NASCAR Camping World Truck Series™), four regional series, one local grassroots series and three international series. The International Motor Sports Association™ (IMSA®) governs the IMSA WeatherTech SportsCar Championship™, the premier U.S. sports car series. Based in Daytona Beach, Fla., with offices in eight cities across North America, NASCAR sanctions more than 1,200 races in more than 30 U.S. states, Canada, Mexico and Europe. For more information visit http://www.NASCAR.com and http://www.IMSA.com , and follow NASCAR on Facebook , Twitter , Instagram , and Snapchat (‘NASCAR’).  
</topic_text>
<spam_score>0.00</spam_score>
<post_num>1</post_num>
<post_id>post-1</post_id>
<post_url>http://www.speedwaymedia.com/?p=118084</post_url>
<post_date>20161219</post_date>
<post_time>2317</post_time>
<username>Official Release</username>
<post>
NASCAR Unveils New Brand Identity, Premier Series Name and Mark   Mon, Dec. 19, 2016 Tweet 
Premier Series to Be Named Monster Energy NASCAR Cup Series Beginning in 2017 
DAYTONA BEACH, Fla. (Dec. 19, 2016) –- NASCAR today unveiled a new official brand identity which will replace the bar mark used by the sanctioning body since 1976. The announcement was made in conjunction with the news that Monster Energy NASCAR Cup Series™ will be the new name of the sport’s premier series beginning January 1, 2017. 
The new brand mark and Monster Energy NASCAR Cup Series mark, which prominently features the iconic Monster Energy logo, together represent a new era in NASCAR and were first shared today across NASCAR social and digital media channels. 
The NASCAR brand identity has been in development since early 2016 as part of a broader effort to refresh the NASCAR brand. It was designed to pay tribute to the storied history of NASCAR, incorporating elements of all four previous marks since the company’s inaugural season of 1948. 
“Our new NASCAR mark is modern, timeless, and embraces the heritage of our sport,” said Jill Gregory, NASCAR senior vice president and chief marketing officer. “It was important for us to recognize our history and implement a piece of each previous mark in the new design. Our goal was to evolve the sport’s visual identity to make it concise, relevant and functional, while respecting and maintaining the unique qualities of the original mark.” 
The first Monster Energy NASCAR Cup Series points race will be the 59 th running of the Daytona 500 at Daytona International Speedway on Feb. 26 (2 p.m. ET, FOX, MRN and SiriusXM NASCAR Radio). Tickets are available at NASCAR.com/tickets . 
About NASCAR 
The National Association for Stock Car Auto Racing, Inc. (NASCAR) is the sanctioning body for the No. 1 form of motorsports in the United States. NASCAR consists of three national series (Monster Energy NASCAR Cup Series™, NASCAR XFINITY Series™, and NASCAR Camping World Truck Series™), four regional series, one local grassroots series and three international series. The International Motor Sports Association™ (IMSA®) governs the IMSA WeatherTech SportsCar Championship™, the premier U.S. sports car series. Based in Daytona Beach, Fla., with offices in eight cities across North America, NASCAR sanctions more than 1,200 races in more than 30 U.S. states, Canada, Mexico and Europe. For more information visit http://www.NASCAR.com and http://www.IMSA.com , and follow NASCAR on Facebook , Twitter , Instagram , and Snapchat (‘NASCAR’).  
</post>
<signature>

</signature>
<external_links>

</external_links>
<country>US</country>
<main_image>http://www.speedwaymedia.com/wp-content/uploads/2016/12/Monster-Energy-NASCAR-Cup-Series-logo-12-19-16-120x58.png</main_image>
</document>
