<?xml version="1.0" encoding="UTF-8"?>
<document>
<type>mainstream</type>
<forum>http://www.businesswire.com//portal/site/home/template.PAGE/news/?javax.portlet.tpst=ccf123a93466ea4c882a06a9149550fd&amp;javax.portlet.prp_ccf123a93466ea4c882a06a9149550fd_viewID=MY_PORTAL_VIEW&amp;javax.portlet.prp_ccf123a93466ea4c882a06a9149550fd_ndmHsc=v2*A1479560400000*B1482192316177*DgroupByDate*G525*N1000003&amp;javax.portlet.begCacheTok=com.vignette.cachetoken&amp;javax.portlet.endCacheTok=com.vignette.cachetoken</forum>
<forum_title>All News | Business Wire</forum_title>
<discussion_title>Analysis of Global Modular UPS - Modular UPS to Grow at Twice the Rate of Traditional Systems</discussion_title>
<language>english</language>
<gmt_offset>-6</gmt_offset>
<topic_url>http://www.businesswire.com/news/home/20161125005171/en/Analysis-Global-Modular-UPS-Market---Modular</topic_url>
<topic_text>
 &quot;Analysis of Global Modular UPS Market&quot;
The global modular UPS market is expected to grow at a high pace over the forecast period, almost twice as fast as the traditional UPS market. The growth rates are expected to further accelerate post 2017. In 2015, North America and Europe accounted for majority of the total market revenues.
However, Asia-Pacific (including China) is the single largest revenue contributor. Emerging markets are expected to grow at a faster rate than developed markets. China will be the fastest growing region during the forecast period, followed by rest of Asia-Pacific. North America is expected to register the lowest CAGR among all regions between 2015 and 2020.
Key Questions this Study will Answer:
Is the market growing? How long will it continue to grow and at what rate? What are the key growth drivers and restraints for the market? How is the revenue system structured? Which segments are experiencing growth, and which are declining? What is the forecast for the next 5 years? What are the key trends in the current market? What will be the impact of emerging trends in the future? What companies are the major participants in this market, and what are their market shares? What does the competitive scenario look like? What are the regional revenue and forecast breakdowns?
Key Topics Covered:
1. Executive Summary
2. Market Overview
3. Drivers and Restraints - Total Modular UPS Market
4. Forecasts and Trends - Total Modular UPS Market
5. Market Share and Competitive Analysis - Total Modular UPS Market
6. North America Analysis
7. Europe Analysis
8. China Analysis
9. Rest of Asia-Pacific (ROAPAC) Analysis
10. ROW Analysis
11. The Last Word
12. Appendix
 //www.researchandmarkets.com/research/3bl2wh/analysis_of
 Electricity
</topic_text>
<spam_score>0.49</spam_score>
<post_num>1</post_num>
<post_id>post-1</post_id>
<post_url>http://www.businesswire.com/news/home/20161125005171/en/Analysis-Global-Modular-UPS-Market---Modular</post_url>
<post_date>20161125</post_date>
<post_time>1248</post_time>
<username>http://www.businesswire.com/</username>
<post>
 &quot;Analysis of Global Modular UPS Market&quot;
The global modular UPS market is expected to grow at a high pace over the forecast period, almost twice as fast as the traditional UPS market. The growth rates are expected to further accelerate post 2017. In 2015, North America and Europe accounted for majority of the total market revenues.
However, Asia-Pacific (including China) is the single largest revenue contributor. Emerging markets are expected to grow at a faster rate than developed markets. China will be the fastest growing region during the forecast period, followed by rest of Asia-Pacific. North America is expected to register the lowest CAGR among all regions between 2015 and 2020.
Key Questions this Study will Answer:
Is the market growing? How long will it continue to grow and at what rate? What are the key growth drivers and restraints for the market? How is the revenue system structured? Which segments are experiencing growth, and which are declining? What is the forecast for the next 5 years? What are the key trends in the current market? What will be the impact of emerging trends in the future? What companies are the major participants in this market, and what are their market shares? What does the competitive scenario look like? What are the regional revenue and forecast breakdowns?
Key Topics Covered:
1. Executive Summary
2. Market Overview
3. Drivers and Restraints - Total Modular UPS Market
4. Forecasts and Trends - Total Modular UPS Market
5. Market Share and Competitive Analysis - Total Modular UPS Market
6. North America Analysis
7. Europe Analysis
8. China Analysis
9. Rest of Asia-Pacific (ROAPAC) Analysis
10. ROW Analysis
11. The Last Word
12. Appendix
 //www.researchandmarkets.com/research/3bl2wh/analysis_of
 Electricity
</post>
<signature>

</signature>
<external_links>
<external_link>http://www.researchandmarkets.com/research/3bl2wh/analysis_of</external_link><external_link>http://www.researchandmarkets.com/categories.asp?cat_id=715&amp;campaign_id=3bl2wh</external_link>
</external_links>
<country>US</country>
<main_image>http://www.businesswire.com/images/bwlogo_square.png</main_image>
</document>
