<?xml version="1.0" encoding="UTF-8"?>
<document>
<type>mainstream</type>
<forum>http://www.aao.org/news.rss</forum>
<forum_title>ONE News Feed</forum_title>
<discussion_title>Cannabidol eyedrop can penetrate posterior chamber</discussion_title>
<language>english</language>
<gmt_offset></gmt_offset>
<topic_url>https://www.aao.org/headline/cannabidol-eyedrop-can-penetrate-posterior-chamber</topic_url>
<topic_text>
An animal study shows that an analog of cannabidiol (CBD), formulated as an eyedrop , can enter the anterior and posterior chambers of the eye. 
Co-developers Nemus Bioscience and the University of Mississippi are also developing a tetrahydrocannabinol prodrug for the treatment of glaucoma. CBD is one of more than 60 compounds found in cannabis that belong to a class of molecules called cannabinoids. Studies suggest that cannabinoids exert multiple effects on the human body, including the optic nerve. 
The California-based biotech firm did not provide any further details on the study design or results, but said that the drug candidate could have clinical utility across a spectrum of eye pathology, particularly those associated with the posterior compartment of the eye. 
&quot;Historically, CBD has shown promise as both an anti-inflammatory and neuroprotective agent in in vivo model systems of eye disease,&quot; stated Soumyajit Majumdar, PhD, Professor of Pharmaceutics and Drug Delivery and Associate Dean for Research in the School of Pharmacy at the University of Mississippi and lead scientist of the ophthalmology program. &quot;Potential uses for this analog of CBD include uveitis and dry eye syndrome in the anterior compartment of the eye, and diabetic retinopathy and macular degeneration in the posterior compartment. We look forward to further formulation refinement of this molecule into a form that is optimized for development as a commercialized drug.&quot; The Academy offers commenting on articles for members of the American Academy of Ophthalmology. The opinions expressed represent the views of the individual participants, not the position of the Academy. × You have successfully subscribed to this discussion. ×
</topic_text>
<spam_score>0.00</spam_score>
<post_num>1</post_num>
<post_id>post-1</post_id>
<post_url>https://www.aao.org/headline/cannabidol-eyedrop-can-penetrate-posterior-chamber</post_url>
<post_date>20161219</post_date>
<post_time>0500</post_time>
<username></username>
<post>
An animal study shows that an analog of cannabidiol (CBD), formulated as an eyedrop , can enter the anterior and posterior chambers of the eye. 
Co-developers Nemus Bioscience and the University of Mississippi are also developing a tetrahydrocannabinol prodrug for the treatment of glaucoma. CBD is one of more than 60 compounds found in cannabis that belong to a class of molecules called cannabinoids. Studies suggest that cannabinoids exert multiple effects on the human body, including the optic nerve. 
The California-based biotech firm did not provide any further details on the study design or results, but said that the drug candidate could have clinical utility across a spectrum of eye pathology, particularly those associated with the posterior compartment of the eye. 
&quot;Historically, CBD has shown promise as both an anti-inflammatory and neuroprotective agent in in vivo model systems of eye disease,&quot; stated Soumyajit Majumdar, PhD, Professor of Pharmaceutics and Drug Delivery and Associate Dean for Research in the School of Pharmacy at the University of Mississippi and lead scientist of the ophthalmology program. &quot;Potential uses for this analog of CBD include uveitis and dry eye syndrome in the anterior compartment of the eye, and diabetic retinopathy and macular degeneration in the posterior compartment. We look forward to further formulation refinement of this molecule into a form that is optimized for development as a commercialized drug.&quot; The Academy offers commenting on articles for members of the American Academy of Ophthalmology. The opinions expressed represent the views of the individual participants, not the position of the Academy. × You have successfully subscribed to this discussion. ×
</post>
<signature>

</signature>
<external_links>

</external_links>
<country>US</country>
<main_image></main_image>
</document>
