<?xml version="1.0" encoding="UTF-8"?>
<document>
<type>mainstream</type>
<forum>http://chita.bezformata.ru/rsstop.xml</forum>
<forum_title>Новости города БезФормата.Ru Забайкальский край Чита</forum_title>
<discussion_title>41 человек умерли в Иркутске после употребления «Боярышника»</discussion_title>
<language>russian</language>
<gmt_offset></gmt_offset>
<topic_url>http://chita.bezformata.ru/listnews/irkutske-posle-upotrebleniya-boyarishnika/53366621/</topic_url>
<topic_text>
Фото: zabmedia.ru 
По последним данным, количество погибших после употребления концентрата для принятия ванн « Боярышник », достигло 41 человека. Об этом 19 декабря сообщает ТАСС со ссылкой на прокурора Ленинского района Иркутска Станислава Зубовского. 
- Всего от отравления « Боярышником » пострадали 57 человек, 41 из них скончался, - цитирует прокурора информационное агентство. 
Прокурор добавил, что состояние остальных госпитализированных остается крайне тяжелым. 
Напомним , утром 19 декабря в СМИ появилась информация о том, что за выходные в городскую клиническую больницу Иркутска после употребления настойки « Боярышник » доставлены 17 человек, восемь из низ скончались. 
Ранее « Забмедиа » сообщало о том, что в Чите один из предпринимателей установил автомат по продаже настойки « Боярышник », который был убран по требованию правоохранительных органов. 
Предприниматель из Акши был осужден за реализацию в своих магазинах населению косметического лосьона « Боярышник » под видом алкоголя. 
Зампред комитета Госдумы по охране здоровья, депутат от Забайкальского края Николай Говорин 21 октября направил запрос главе Федеральной службы по регулированию алкогольного рынка с просьбой запретить по всей стране продажу « Боярышника » через автоматы.
</topic_text>
<spam_score>0.00</spam_score>
<post_num>1</post_num>
<post_id>post-1</post_id>
<post_url>http://chita.bezformata.ru/listnews/irkutske-posle-upotrebleniya-boyarishnika/53366621/</post_url>
<post_date>20161219</post_date>
<post_time>1437</post_time>
<username></username>
<post>
Фото: zabmedia.ru 
По последним данным, количество погибших после употребления концентрата для принятия ванн « Боярышник », достигло 41 человека. Об этом 19 декабря сообщает ТАСС со ссылкой на прокурора Ленинского района Иркутска Станислава Зубовского. 
- Всего от отравления « Боярышником » пострадали 57 человек, 41 из них скончался, - цитирует прокурора информационное агентство. 
Прокурор добавил, что состояние остальных госпитализированных остается крайне тяжелым. 
Напомним , утром 19 декабря в СМИ появилась информация о том, что за выходные в городскую клиническую больницу Иркутска после употребления настойки « Боярышник » доставлены 17 человек, восемь из низ скончались. 
Ранее « Забмедиа » сообщало о том, что в Чите один из предпринимателей установил автомат по продаже настойки « Боярышник », который был убран по требованию правоохранительных органов. 
Предприниматель из Акши был осужден за реализацию в своих магазинах населению косметического лосьона « Боярышник » под видом алкоголя. 
Зампред комитета Госдумы по охране здоровья, депутат от Забайкальского края Николай Говорин 21 октября направил запрос главе Федеральной службы по регулированию алкогольного рынка с просьбой запретить по всей стране продажу « Боярышника » через автоматы.
</post>
<signature>

</signature>
<external_links>

</external_links>
<country>RU</country>
<main_image>http://chita.bezformata.ru/content/image223073184.jpg</main_image>
</document>
