<?xml version="1.0" encoding="UTF-8"?>
<document>
<type>mainstream</type>
<forum>http://timesofindia.indiatimes.com/rssfeeds/6547154.cms</forum>
<forum_title>Gurgaon News, Latest Gurgaon News Headlines &amp; Live Updates - Times of India</forum_title>
<discussion_title>Haryana government to recover Rs 766 crores from private builders - Times of India</discussion_title>
<language>english</language>
<gmt_offset></gmt_offset>
<topic_url>http://timesofindia.indiatimes.com/city/gurgaon/haryana-government-to-recover-rs-766-crores-from-private-builders/articleshow/56066005.cms</topic_url>
<topic_text>
GURGAON: The Haryana government has claimed that it has got an overwhelming response to the one-time Haryana Alternative Tax Compliance Scheme announced by it. 

According to the Excise and Taxation minister Capt Abhimanyu , the scheme has evoked very good response from builders and developers, with 186 dealers from 13 districts opting for it. The scheme had been introduced to recover tax, interest, penalty and other dues payable by developers and builders under the Haryana Value Added Tax Act , 2003. 

&quot;The Haryana government would recover about Rs 766.60 crore from the builders and developers, out of which Rs 220.18 crore had already been paid by the dealers and about Rs 135 crore had been paid by them along with application in Form TC-1 while opting for the scheme. This amount had otherwise been locked up due to litigations. The balance amount would be payable in three equal quarterly instalments,&quot; he said on Monday. 

Between September 12, 2016 and December 13, 2016, as many as 159 registered and 27 unregistered dealers opted for the scheme which was applicable for the period prior to April 1, 2014. The maximum number of applications were received from Gurgaon, with 91 applicants from Gurgaon (East) and 30 from Gurgaon (West).
</topic_text>
<spam_score>0.00</spam_score>
<post_num>1</post_num>
<post_id>post-1</post_id>
<post_url>http://timesofindia.indiatimes.com/city/gurgaon/haryana-government-to-recover-rs-766-crores-from-private-builders/articleshow/56066005.cms</post_url>
<post_date>20161219</post_date>
<post_time>1749</post_time>
<username>Joel Joseph</username>
<post>
GURGAON: The Haryana government has claimed that it has got an overwhelming response to the one-time Haryana Alternative Tax Compliance Scheme announced by it. 

According to the Excise and Taxation minister Capt Abhimanyu , the scheme has evoked very good response from builders and developers, with 186 dealers from 13 districts opting for it. The scheme had been introduced to recover tax, interest, penalty and other dues payable by developers and builders under the Haryana Value Added Tax Act , 2003. 

&quot;The Haryana government would recover about Rs 766.60 crore from the builders and developers, out of which Rs 220.18 crore had already been paid by the dealers and about Rs 135 crore had been paid by them along with application in Form TC-1 while opting for the scheme. This amount had otherwise been locked up due to litigations. The balance amount would be payable in three equal quarterly instalments,&quot; he said on Monday. 

Between September 12, 2016 and December 13, 2016, as many as 159 registered and 27 unregistered dealers opted for the scheme which was applicable for the period prior to April 1, 2014. The maximum number of applications were received from Gurgaon, with 91 applicants from Gurgaon (East) and 30 from Gurgaon (West).
</post>
<signature>

</signature>
<external_links>

</external_links>
<country>IN</country>
<main_image>http://timesofindia.indiatimes.com/photo/56066030.cms</main_image>
</document>
