<?xml version="1.0" encoding="UTF-8"?>
<document>
<type>mainstream</type>
<forum>http://abclocal.go.com/ktrk/xml?id=7097897</forum>
<forum_title>abc13.com RSS Feed</forum_title>
<discussion_title>9 killed, many injured at Berlin Christmas market crash</discussion_title>
<language>english</language>
<gmt_offset></gmt_offset>
<topic_url>http://abc13.com/news/9-killed-many-injured-at-berlin-christmas-market-crash/1663771/</topic_url>
<topic_text>
&lt;iframe width=&quot;476&quot; height=&quot;267&quot; src=&quot;http://abc13.com/video/embed/?pid=1663859&quot; frameborder=&quot;0&quot; allowfullscreen&gt;&lt;/iframe&gt; 
9 killed, many injured at Berlin Christmas market AP   06:03PM BERLIN, Germany -- A truck rammed into a crowded Christmas market in central Berlin on Monday evening, killing at least nine people and injuring around 50 as it tore through tables and wooden stands. Police said a suspect believed to be the driver was arrested nearby and a passenger died as paramedics were treating him.The popular Christmas market outside the Kaiser Wilhelm Memorial Church was filled with a mix of tourists and locals when the large Scania truck hurtled into it. German officials said they were investigating what caused the crash, but the White House condemned &quot;what appears to have been a terrorist attack.&quot; PHOTOS: Scene in Berlin after truck crash Mike Fox, a tourist from Birmingham, England, told The Associated Press at the scene that the truck missed him by about three meters (yards).&quot;It was definitely deliberate,&quot; Fox said. He said he helped people who appeared to have broken limbs, and that others were trapped under Christmas stands. There&apos;s no specific threat in NYC stemming from the incident in Berlin, but as a precaution, the NYPD is moving heavily armed Critical Response Command officers toward these displays. The truck came to a halt on a sidewalk on one side of the market, shortly after ramming a large stand called &quot;Fascination Christmas,&quot; ripping off one side and knocking down a large Christmas tree. The three-meter tree lay in the street, red and gold ornamental balls still attached to its limbs and a golden star at the top.In Washington, White House National Security Council spokesman Ned Price said the United States has already been in contact with German officials and stands ready to assist in the investigation and response.The crash came less than a month after the U.S. State Department called for caution in markets and other public places across Europe, saying extremist groups including Islamic State and al-Qaida were focusing &quot;on the upcoming holiday season and associated events.&quot;The Islamic State group and al-Qaida have both called on followers to use trucks in particular to attack crowds. On July 14, a truck plowed into Bastille Day revelers in the southern French city of Nice, killing 86 people. Islamic State claimed responsibility for that attack, which was carried out by a Tunisian living in France.Near the market, dozens of ambulances lined the streets waiting to evacuate people, and heavily armed police patrolled the area. Police on Twitter urged people to stay away from the area, saying they need to keep the streets clear for rescue vehicles.Among the dead was a passenger in the truck, who succumbed as paramedics treated him, Berlin police spokesman Winfried Wenzel said. He offered no further details.A suspect believed to be the driver was picked up about 2 kilometers (1 miles) away, near Berlin&apos;s Victory Column monument. He was being interrogated, Wenzel said. Wenzel said the truck was registered in Poland, but that police were still investigating the identity of the driver. He did not give the men&apos;s nationalities.The Polish owner of the truck said he feared the vehicle, driven by his cousin, may have been hijacked. Ariel Zurawki said he last spoke with the driver around noon, and the driver told him he was in Berlin and scheduled to unload Tuesday morning.&quot;They must have done something to my driver,&quot; he told TVN24.Federal prosecutors, who handle terrorism cases, took over the investigation, according to German Justice Minister Heiko Maas. But Berlin&apos;s top security official, state interior minister Andreas Geisel, told RBB television that it was too early to say whether it was an attack, and called reports that the truck may have been hijacked &quot;pure speculation.&quot;Even so, some politicians were pointing fingers. Marcus Pretzell, a prominent member of the anti-migration Alternative for Germany party, lashed out at the government of Chancellor Angela Merkel, saying on Twitter: &quot;When will the German state of law strike back? When will this cursed hypocrisy finally stop? These are Merkel&apos;s dead! #Nice #Berlin.&quot;Germany has not experienced any mass-casualty attacks by Islamic extremists, but has been increasingly wary since two attacks by asylum-seekers in the summer that were claimed by the Islamic State group. Five people were wounded in an ax rampage on a train near Wuerzburg and 15 in a bombing outside a bar in Ansbach. Both attackers were killed.Those attacks, and two others unrelated to Islamic extremism in the same weeklong period, helped stoke tensions in Germany over the arrival last year of 890,000 migrants. US citizens in #Berlin - contact family/friends to let them know you are safe, following reports of truck crash at Christmas Market. — Travel - State Dept (@TravelGov) December 19, 2016 Police spokesman Winfried Wenzel told ZDF public television that the suspect was arrested nearby, but offered no further details. SEE ALSO:
</topic_text>
<spam_score>0.00</spam_score>
<post_num>1</post_num>
<post_id>post-1</post_id>
<post_url>http://abc13.com/news/9-killed-many-injured-at-berlin-christmas-market-crash/1663771/</post_url>
<post_date>20161220</post_date>
<post_time>0003</post_time>
<username></username>
<post>
&lt;iframe width=&quot;476&quot; height=&quot;267&quot; src=&quot;http://abc13.com/video/embed/?pid=1663859&quot; frameborder=&quot;0&quot; allowfullscreen&gt;&lt;/iframe&gt; 
9 killed, many injured at Berlin Christmas market AP   06:03PM BERLIN, Germany -- A truck rammed into a crowded Christmas market in central Berlin on Monday evening, killing at least nine people and injuring around 50 as it tore through tables and wooden stands. Police said a suspect believed to be the driver was arrested nearby and a passenger died as paramedics were treating him.The popular Christmas market outside the Kaiser Wilhelm Memorial Church was filled with a mix of tourists and locals when the large Scania truck hurtled into it. German officials said they were investigating what caused the crash, but the White House condemned &quot;what appears to have been a terrorist attack.&quot; PHOTOS: Scene in Berlin after truck crash Mike Fox, a tourist from Birmingham, England, told The Associated Press at the scene that the truck missed him by about three meters (yards).&quot;It was definitely deliberate,&quot; Fox said. He said he helped people who appeared to have broken limbs, and that others were trapped under Christmas stands. There&apos;s no specific threat in NYC stemming from the incident in Berlin, but as a precaution, the NYPD is moving heavily armed Critical Response Command officers toward these displays. The truck came to a halt on a sidewalk on one side of the market, shortly after ramming a large stand called &quot;Fascination Christmas,&quot; ripping off one side and knocking down a large Christmas tree. The three-meter tree lay in the street, red and gold ornamental balls still attached to its limbs and a golden star at the top.In Washington, White House National Security Council spokesman Ned Price said the United States has already been in contact with German officials and stands ready to assist in the investigation and response.The crash came less than a month after the U.S. State Department called for caution in markets and other public places across Europe, saying extremist groups including Islamic State and al-Qaida were focusing &quot;on the upcoming holiday season and associated events.&quot;The Islamic State group and al-Qaida have both called on followers to use trucks in particular to attack crowds. On July 14, a truck plowed into Bastille Day revelers in the southern French city of Nice, killing 86 people. Islamic State claimed responsibility for that attack, which was carried out by a Tunisian living in France.Near the market, dozens of ambulances lined the streets waiting to evacuate people, and heavily armed police patrolled the area. Police on Twitter urged people to stay away from the area, saying they need to keep the streets clear for rescue vehicles.Among the dead was a passenger in the truck, who succumbed as paramedics treated him, Berlin police spokesman Winfried Wenzel said. He offered no further details.A suspect believed to be the driver was picked up about 2 kilometers (1 miles) away, near Berlin&apos;s Victory Column monument. He was being interrogated, Wenzel said. Wenzel said the truck was registered in Poland, but that police were still investigating the identity of the driver. He did not give the men&apos;s nationalities.The Polish owner of the truck said he feared the vehicle, driven by his cousin, may have been hijacked. Ariel Zurawki said he last spoke with the driver around noon, and the driver told him he was in Berlin and scheduled to unload Tuesday morning.&quot;They must have done something to my driver,&quot; he told TVN24.Federal prosecutors, who handle terrorism cases, took over the investigation, according to German Justice Minister Heiko Maas. But Berlin&apos;s top security official, state interior minister Andreas Geisel, told RBB television that it was too early to say whether it was an attack, and called reports that the truck may have been hijacked &quot;pure speculation.&quot;Even so, some politicians were pointing fingers. Marcus Pretzell, a prominent member of the anti-migration Alternative for Germany party, lashed out at the government of Chancellor Angela Merkel, saying on Twitter: &quot;When will the German state of law strike back? When will this cursed hypocrisy finally stop? These are Merkel&apos;s dead! #Nice #Berlin.&quot;Germany has not experienced any mass-casualty attacks by Islamic extremists, but has been increasingly wary since two attacks by asylum-seekers in the summer that were claimed by the Islamic State group. Five people were wounded in an ax rampage on a train near Wuerzburg and 15 in a bombing outside a bar in Ansbach. Both attackers were killed.Those attacks, and two others unrelated to Islamic extremism in the same weeklong period, helped stoke tensions in Germany over the arrival last year of 890,000 migrants. US citizens in #Berlin - contact family/friends to let them know you are safe, following reports of truck crash at Christmas Market. — Travel - State Dept (@TravelGov) December 19, 2016 Police spokesman Winfried Wenzel told ZDF public television that the suspect was arrested nearby, but offered no further details. SEE ALSO:
</post>
<signature>

</signature>
<external_links>

</external_links>
<country>US</country>
<main_image>http://cdn.abclocal.go.com/content/ktrk/images/cms/automation/vod/1663896_1280x720.jpg</main_image>
</document>
