<?xml version="1.0" encoding="UTF-8"?>
<document>
<type>mainstream</type>
<forum>https://noticias.terra.es/</forum>
<forum_title>Noticias de España y del mundo: ciencia, política, tecnología y más - Terra España</forum_title>
<discussion_title>Panamá expresa solidaridad a Alemania por atropello masivo en Berlín</discussion_title>
<language>spanish</language>
<gmt_offset>1</gmt_offset>
<topic_url>https://noticias.terra.es/mundo/latinoamerica/panama-expresa-solidaridad-a-alemania-por-atropello-masivo-en-berlin,57a97ce1491734d3f66e4f8534bcb06c1fqlufrm.html</topic_url>
<topic_text>
El Gobierno de Panamá expresó hoy su solidaridad con Alemania por las decenas de heridos y los nueve muertos que ha dejado un atropello masivo con un camión en un mercado navideño del centro de Berlín. ver más Trump condena atropello en Berlín y lo califica de &quot;ataque terrorista&quot;
Argentina repudia el &quot;cruento&quot; atropello mortal en mercado de Berlín
Al menos 9 muertos al irrumpir un camión en un mercado de Berlín
Angela Merkel: &quot;Estamos de luto&quot;
Merkel muestra sus dolor ante los muertos y heridos en el mercadillo Berlín
&quot;El Gobierno de Panamá condena enérgicamente el atentado perpetrado en un mercado navideño en el centro de Berlín y manifiesta su solidaridad con el Gobierno y pueblo alemán, especialmente los allegados a las víctimas&quot;, manifestó en un comunicado el Ministerio de Relaciones Exteriores.
El atropello, que dejó al menos nueve personas muertas y más de cincuenta heridas, fue perpetrado con un camión que llevaba matrícula polaca y transportaba vigas de acero, según informó la Policía alemana.
Las autoridades informaron de la detención de una &quot;persona sospechosa&quot; en las cercanías de Breitscheidplatz, donde se produjo el mortal siniestro, e indicó que está investigando si se trata del conductor del camión, sin dar detalles de su identidad.
El copiloto murió en el lugar de los hechos y está incluido en las nueve víctimas mortales confirmadas por la Policía.
Las fuerzas de seguridad, que investigan en todas las direcciones, no han facilitado detalles sobre la identidad del copiloto, que, según el diario &quot;Bild&quot;, era polaco.
El ministro alemán de Interior, Thomas de Maizière, rechazó hoy confirmar que el brutal atropello sea un atentado, pero reconoció que &quot;mucho apunta en esa dirección&quot;.
</topic_text>
<spam_score>0.19</spam_score>
<post_num>1</post_num>
<post_id>post-1</post_id>
<post_url>https://noticias.terra.es/mundo/latinoamerica/panama-expresa-solidaridad-a-alemania-por-atropello-masivo-en-berlin,57a97ce1491734d3f66e4f8534bcb06c1fqlufrm.html</post_url>
<post_date>20161220</post_date>
<post_time>0100</post_time>
<username>EFE</username>
<post>
El Gobierno de Panamá expresó hoy su solidaridad con Alemania por las decenas de heridos y los nueve muertos que ha dejado un atropello masivo con un camión en un mercado navideño del centro de Berlín. ver más Trump condena atropello en Berlín y lo califica de &quot;ataque terrorista&quot;
Argentina repudia el &quot;cruento&quot; atropello mortal en mercado de Berlín
Al menos 9 muertos al irrumpir un camión en un mercado de Berlín
Angela Merkel: &quot;Estamos de luto&quot;
Merkel muestra sus dolor ante los muertos y heridos en el mercadillo Berlín
&quot;El Gobierno de Panamá condena enérgicamente el atentado perpetrado en un mercado navideño en el centro de Berlín y manifiesta su solidaridad con el Gobierno y pueblo alemán, especialmente los allegados a las víctimas&quot;, manifestó en un comunicado el Ministerio de Relaciones Exteriores.
El atropello, que dejó al menos nueve personas muertas y más de cincuenta heridas, fue perpetrado con un camión que llevaba matrícula polaca y transportaba vigas de acero, según informó la Policía alemana.
Las autoridades informaron de la detención de una &quot;persona sospechosa&quot; en las cercanías de Breitscheidplatz, donde se produjo el mortal siniestro, e indicó que está investigando si se trata del conductor del camión, sin dar detalles de su identidad.
El copiloto murió en el lugar de los hechos y está incluido en las nueve víctimas mortales confirmadas por la Policía.
Las fuerzas de seguridad, que investigan en todas las direcciones, no han facilitado detalles sobre la identidad del copiloto, que, según el diario &quot;Bild&quot;, era polaco.
El ministro alemán de Interior, Thomas de Maizière, rechazó hoy confirmar que el brutal atropello sea un atentado, pero reconoció que &quot;mucho apunta en esa dirección&quot;.
</post>
<signature>

</signature>
<external_links>

</external_links>
<country>ES</country>
<main_image>http://p2.trrsf.com/image/fget/cf/600/600/s1.trrsf.com/atm/3/core/_img/terra-logo-white-bg-v3.jpg</main_image>
</document>
