<?xml version="1.0" encoding="UTF-8"?>
<document>
<type>mainstream</type>
<forum>https://noticias.terra.es/</forum>
<forum_title>Noticias de España y del mundo: ciencia, política, tecnología y más - Terra España</forum_title>
<discussion_title>Kuczynski y Fujimori sostuvieron diálogo &quot;franco&quot; en casa de cardenal peruano</discussion_title>
<language>spanish</language>
<gmt_offset>1</gmt_offset>
<topic_url>https://noticias.terra.es/mundo/latinoamerica/kuczynski-y-fujimori-sostuvieron-dialogo-franco-en-casa-de-cardenal-peruano,140a0bd1c2f1ec476a7e61ab32c286424vp0mapf.html</topic_url>
<topic_text>
El presidente de Perú, Pedro Pablo Kuczynski, y la líder del partido opositor Fuerza Popular, Keiko Fujimori, sostuvieron hoy un diálogo en la casa del cardenal peruano Juan Luis Cipriani, que fue &quot;útil, franco y constructivo&quot;, según declaró el mandatario al término del encuentro. ver más Kuczynski y Fujimori se reunirán para consensuar políticas de Estado
Kuczynski dice que le ha &quot;dolido mucho&quot; la censura a su ministro de Educación
Kuczynski y Fujimori aceptan reunión para diálogo en casa de cardenal peruano
El cardenal de Perú ofrece su casa para diálogo entre Kuczynski y Fujimori
El Congreso peruano votará mañana pedido de censura al ministro de Educación
Kuczynski y Fujimori acudieron a la convocatoria hecha por Cipriani para propiciar un diálogo entre ambos después de que el Congreso, que domina Fuerza Popular al ocupar 72 de los 130 escaños, censurara la semana pasada al hasta entonces ministro de Educación, Jaime Saavedra.
El encuentro fue el primero de Kuczynski con Fujimori desde que el mandatario la venció en las elecciones de junio pasado, y se produjo tras varias semanas de duros enfrentamientos entre el Ejecutivo y el Parlamento.
Tras conversar durante alrededor de una hora, ambos salieron acompañados por Cipriani para ofrecer un pronunciamiento, en el que no se aceptó preguntas a los periodistas.
Cipriani agradeció la aceptación a su convocatoria y elogió &quot;el ambiente de cercanía, fraternidad, en el cual han podido conversar&quot;, según dijo.
Kuczynsi señaló, a su turno, que fue &quot;una conversación muy útil, franca y constructiva&quot; en la que se centraron &quot;en los temas del presente y del futuro.&quot;
&quot;El Perú tiene grandes retos por delante, todos los conocemos, coincidimos mucho en la mayoría de ellos y nuestra tarea es sacar al país adelante, y lo vamos a hacer el Ejecutivo con el Congreso,&quot; añadió.
El gobernante admitió que &quot;siempre habrá una pequeña diferencia aquí y allá&quot;, pero dijo que no duda que podrán &quot;trabajar juntos para conseguir un Perú que llegue al 2021 con prosperidad y modernidad.&quot;
Fujimori agradeció, por su parte, a Cipriani &quot;por haber propiciado este encuentro con el presidente de la República&quot; y señaló que coincide &quot;en que este diálogo ha sido franco, directo.&quot;
&quot;Estoy segura de que a futuro traerá acciones positivas para nuestro país&quot;, acotó.
Fujimori aseguró que Fuerza Popular ha apoyado diversas iniciativas desde el Congreso y enfatizó que su agrupación &quot;respetará y fortalecerá&quot; la democracia del país y el orden constitucional.
&quot;En Fuerza Popular vamos a continuar con nuestro mandato, que es ser una oposición constructiva; tenemos algunos puntos en común, pero también formas muy diferentes de hacer política, pero esas diferencias quedan de un lado para pensar en el Perú primero&quot;, remarcó.
La líder opositora indicó que la reunión con el mandatario &quot;concluyó con fe y esperanza, sobre todo en el futuro&quot; del país.
El encuentro entre Kuczynski y Fujimori abrió hoy una serie de reuniones con los líderes políticos para consensuar políticas de Estado, que fueron anunciadas por el primer ministro, Fernando Zavala.
El primer ministro adelantó que el miércoles, Kuczynski se reunirá con representantes del Partido Aprista Peruano (PAP) del expresidente Alan García (1985-1990 y 2006-2011), y el viernes con el partido Alianza para el Progreso (APP).
Las bancadas fujimorista y aprista votaron por la censura a Jaime Saavedra, tras una interpelación por presuntos actos de corrupción en esa cartera y retrasos en las obras de los Juegos Panamericanos 2019.
Sin embargo, diversos sectores apuntaron que la intención real de la interpelación y censura fue truncar la reforma en la ley universitaria que emprendió Saavedra desde el pasado Gobierno de Ollanta Humala (2011-2016).
Saavedra fue reemplazado el domingo por la educadora Marilú Martens, que se comprometió a continuar con la reforma educativa.
</topic_text>
<spam_score>0.00</spam_score>
<post_num>1</post_num>
<post_id>post-1</post_id>
<post_url>https://noticias.terra.es/mundo/latinoamerica/kuczynski-y-fujimori-sostuvieron-dialogo-franco-en-casa-de-cardenal-peruano,140a0bd1c2f1ec476a7e61ab32c286424vp0mapf.html</post_url>
<post_date>20161220</post_date>
<post_time>0054</post_time>
<username>EFE</username>
<post>
El presidente de Perú, Pedro Pablo Kuczynski, y la líder del partido opositor Fuerza Popular, Keiko Fujimori, sostuvieron hoy un diálogo en la casa del cardenal peruano Juan Luis Cipriani, que fue &quot;útil, franco y constructivo&quot;, según declaró el mandatario al término del encuentro. ver más Kuczynski y Fujimori se reunirán para consensuar políticas de Estado
Kuczynski dice que le ha &quot;dolido mucho&quot; la censura a su ministro de Educación
Kuczynski y Fujimori aceptan reunión para diálogo en casa de cardenal peruano
El cardenal de Perú ofrece su casa para diálogo entre Kuczynski y Fujimori
El Congreso peruano votará mañana pedido de censura al ministro de Educación
Kuczynski y Fujimori acudieron a la convocatoria hecha por Cipriani para propiciar un diálogo entre ambos después de que el Congreso, que domina Fuerza Popular al ocupar 72 de los 130 escaños, censurara la semana pasada al hasta entonces ministro de Educación, Jaime Saavedra.
El encuentro fue el primero de Kuczynski con Fujimori desde que el mandatario la venció en las elecciones de junio pasado, y se produjo tras varias semanas de duros enfrentamientos entre el Ejecutivo y el Parlamento.
Tras conversar durante alrededor de una hora, ambos salieron acompañados por Cipriani para ofrecer un pronunciamiento, en el que no se aceptó preguntas a los periodistas.
Cipriani agradeció la aceptación a su convocatoria y elogió &quot;el ambiente de cercanía, fraternidad, en el cual han podido conversar&quot;, según dijo.
Kuczynsi señaló, a su turno, que fue &quot;una conversación muy útil, franca y constructiva&quot; en la que se centraron &quot;en los temas del presente y del futuro.&quot;
&quot;El Perú tiene grandes retos por delante, todos los conocemos, coincidimos mucho en la mayoría de ellos y nuestra tarea es sacar al país adelante, y lo vamos a hacer el Ejecutivo con el Congreso,&quot; añadió.
El gobernante admitió que &quot;siempre habrá una pequeña diferencia aquí y allá&quot;, pero dijo que no duda que podrán &quot;trabajar juntos para conseguir un Perú que llegue al 2021 con prosperidad y modernidad.&quot;
Fujimori agradeció, por su parte, a Cipriani &quot;por haber propiciado este encuentro con el presidente de la República&quot; y señaló que coincide &quot;en que este diálogo ha sido franco, directo.&quot;
&quot;Estoy segura de que a futuro traerá acciones positivas para nuestro país&quot;, acotó.
Fujimori aseguró que Fuerza Popular ha apoyado diversas iniciativas desde el Congreso y enfatizó que su agrupación &quot;respetará y fortalecerá&quot; la democracia del país y el orden constitucional.
&quot;En Fuerza Popular vamos a continuar con nuestro mandato, que es ser una oposición constructiva; tenemos algunos puntos en común, pero también formas muy diferentes de hacer política, pero esas diferencias quedan de un lado para pensar en el Perú primero&quot;, remarcó.
La líder opositora indicó que la reunión con el mandatario &quot;concluyó con fe y esperanza, sobre todo en el futuro&quot; del país.
El encuentro entre Kuczynski y Fujimori abrió hoy una serie de reuniones con los líderes políticos para consensuar políticas de Estado, que fueron anunciadas por el primer ministro, Fernando Zavala.
El primer ministro adelantó que el miércoles, Kuczynski se reunirá con representantes del Partido Aprista Peruano (PAP) del expresidente Alan García (1985-1990 y 2006-2011), y el viernes con el partido Alianza para el Progreso (APP).
Las bancadas fujimorista y aprista votaron por la censura a Jaime Saavedra, tras una interpelación por presuntos actos de corrupción en esa cartera y retrasos en las obras de los Juegos Panamericanos 2019.
Sin embargo, diversos sectores apuntaron que la intención real de la interpelación y censura fue truncar la reforma en la ley universitaria que emprendió Saavedra desde el pasado Gobierno de Ollanta Humala (2011-2016).
Saavedra fue reemplazado el domingo por la educadora Marilú Martens, que se comprometió a continuar con la reforma educativa.
</post>
<signature>

</signature>
<external_links>

</external_links>
<country>ES</country>
<main_image>http://p2.trrsf.com/image/fget/cf/600/600/s1.trrsf.com/atm/3/core/_img/terra-logo-white-bg-v3.jpg</main_image>
</document>
