<?xml version="1.0" encoding="UTF-8"?>
<document>
<type>mainstream</type>
<forum>http://www.elaph.com/news/arab.htm</forum>
<forum_title>Elaph - إيلاف </forum_title>
<discussion_title>سويسرا ترفض قوانين الإرث الإسلامي</discussion_title>
<language>arabic</language>
<gmt_offset>0</gmt_offset>
<topic_url>http://www.elaph.com/Web/News/2016/12/1124378.html</topic_url>
<topic_text>
جنيف: اعتبرت المحكمة، وهي اعلى سلطة قضائية في سويسرا، ان استثناء الارملة من الارث بسبب كونها غير مسلمة (مسيحية) يتعارض مع &quot;النظام العام السويسري&quot;. يتعلق الأمر بحالة مليونير مصري مسلم توفي في 2007 في باريس عن سن 67 عامًا. والرجل الذي ليس له ابناء كان متزوجًا بألمانية مسيحية.
إلى التمييز
وطالب اشقاء وشقيقات المليونير من القضاء في كل الدول التي لديه املاك فيها، باملاك شقيقهم المتوفي كافة بموجب القانون المصري المستوحى من الشريعة الاسلامية. وبحسب قرار المحكمة، فإن اخوة المتوفي طالبوا بكل الاموال المودعة في مصرفين سويسريين، وذلك بناء على شهادة وراثة مصرية.
وقالت دينيز فاغنر ميسياكا محامية الورثة &quot;ربحنا القضية في المستوى الابتدائي، ثم خسرناها في الاستئناف، والان في التمييز&quot;.
هذه القضية في جنيف ليست الا واحدة من الخلافات المتعددة بين اخوة المتوفي وارملته.
ففي 2008، اعلن القضاء الالماني الارملة وريثة لنصف املاك زوجها الراحل في المانيا، وعاد النصف الاخر الى اخوته. كما فتحت محاكمة اثر وفاة المليونير المصري امام محكمة الاستئناف في باريس، التي اقرت باختصاص القضاء الفرنسي في تقرير لمن تعود بناية للمتوفي في العاصمة الفرنسية. والمتوفي الثري الذي لم يكشف اسمه كان يملك عقارات في فرنسا ومصر. وكان يملك حسابات بنكية في فرنسا والمانيا وسويسرا.
</topic_text>
<spam_score>0.20</spam_score>
<post_num>10</post_num>
<post_id>post-10</post_id>
<post_url>http://www.elaph.com/Web/News/2016/12/1124378.html</post_url>
<post_date>20161215</post_date>
<post_time></post_time>
<username>من كتابهم (المقدس)1</username>
<post>
تعتبر عقيدة الفداء و تكفير خطايا البشر من خلال صلب المسيح , الحجر الأساس الذي شيد عليه الإيمان المسيحي في مرحلة ما بعد السيد المسيح, وواضح جدا ان لجوء المؤسسين للديانة المسيحية لهذه العقيدة كان أمرا ملحا للخروج من المأزق الذي واجهته الحركة الإصلاحية الجديدة والمتمثل بفقدانها المبكر لمؤسسها يسوع الناصري , فقد كانت هذه الحركة الإصلاحية والتصحيحية اليهودية معتمدة بشكل أساسي على فكرة (مسيحانية) يسوع الناصري وبالتالي الإيمان المطلق بحتمية تحقق كل ما يتعلق بالمسيح الموعود من نبؤات وامال وإنجازات تنقل اليهود من واقعهم المؤلم المتردي الى واقع جديد حيث المملكة العظيمة والانتصارات وسيادة العالم.هذه الاندفاعة والحماسة الإيمانية لدى الأتباع القلائل الذين التحقوا بالمصلح (المسيح ملك اليهود الموعود) اصطدمت أولا, برفض المجتمع اليهودي وقادته وسلطة المعبد للمسيح الجديد وتكذيبه لعدم مطابقته للشروط والمواصفات المذكورة في كتاب اليهود المقدس , وكانت الصدمة الكبرى التي تلقاها اتباع المصلح الجديد هي فقدانهم المبكر لزعيمهم التي انتهى به الأمر بالموت مصلوبا, وبموته تبخرت كل الآمال واهتز الاعتقاد بمسيحانيته وقيادته لليهود نحو الانتصارات الباهرة وتأسيس الملك العظيم وتحقيق الأمجاد المنتظرة.في بداية الأمر نجد المؤمنين المصدومين بفقدان المسيح الموعود يسلون أنفسهم بأن عودته وقيام مملكته وانقضاء الدهر ستكون سريعة وسوف يشهدها جيلهم (الحق اقول لكم لا يمضى هذا الجيل حتى يكون هذا كله) متى 24: 34 ولكن مع مرور السنين وتدهور أوضاع المؤمنين الجدد وازدياد الظلم والاضطهاد, بدأت تتبلور عقائد جديدة كرد فعل طبيعي لمواجهة الصدمة الإيمانية وإيجاد تبرير مقنع من أجل استدامة الحالة الإيمانية وضمان استمرار نمو بذور الأمل المغروسة.في تلك الحقبة الزمنية كانت اساطير ومعتقدات العديد من الاقوام والامم الوثنية المنتشرة في منطقة الشرق الأوسط والامبراطورية الرومانية تتضمن أساطير حول الآلهة المتجسدة والبشر انصاف الالهة واسطورة الرب المتأنس الذي يكون قربان وفداء للبشر مثل أوزوريس في مصر،وبعل في بابل وناموس في سوريا ، وديوس فيوس في اليونان وكرشنا في الهند وبوذا في الصين ومترا في فارس, وغيرها من الكثير من الأساطير الساذجة المنتشرة كتصور لاهوتي بدائي وطفولي للبشر حول الخلق والخليقة .ومن هنا نجد هذه العقيدة تتسرب تدريجيا الى الديانة الجديدة حيث تم استنساخها وإعادة صياغتها لتناسب الوضع الايماني المتأزم ولكي تكون مخرجا من المأزق الخانق الذي تسبب به الغياب المبكر للمسيح المنتظر وكالعادة تم اللجوء الى التأويلات و اجتزاء بعض فقرات النصوص والتلاعب بدلالة الألفاظ وتغيير معانيها من أجل إعطاء هذه العقيدة المستنسخة من الوثنية عمقا واصلا من كتاب اليهود المقدس ,كي يتم تمريرها وإقناع المؤمنين بها تعويضا عن الصدمة والقنوط المستشريان, من خلال غرس امل جميل يكون بنفس الوقت تبرير وتفسير لما جرى من أحداث صادمة وليتحول المسيح الموعود الذي غاب بشكل سريع إلى الرب الفادي الذي كان مقتله بشكل مفجع وصادم مجرد إجراء تدبيري منه من أجل خلاص المؤمنين به ودخولهم في عز ومجد مملكته التي انتقلت للسماء بعد فشله في إقامتها علي الأرض!
</post>
<signature>

</signature>
<external_links>

</external_links>
<country>GB</country>
<main_image>http://www.myelaph.com/Web/ImageHandlers/ResizeImageHandler.ashx?ImageUrl=/elaphweb/Resources/images/Politics/2016/12/week2/swicce_kada2.jpg&amp;amp;Width=600</main_image>
</document>
