<?xml version="1.0" encoding="UTF-8"?>
<document>
<type>mainstream</type>
<forum>http://bonde.com.br//rss</forum>
<forum_title>Bonde. O seu portal</forum_title>
<discussion_title>Internacional</discussion_title>
<language>portuguese</language>
<gmt_offset></gmt_offset>
<topic_url>http://www.bonde.com.br/bondenews/internacional/putin-assassinato-de-embaixador-mina-relacoes-russo-turcas-e-paz-na-siria-430177.html</topic_url>
<topic_text>
Add to Flipboard Magazine. mais opções O presidente russo, Vladimir Putin, qualificou o assassinato do embaixador russo na Turquia, nesta segunda-feira, de &quot;provocação&quot; destinada a minar os laços que eram refeitos entre Moscou e Ancara e aos esforços para solucionar o conflito na Síria. As informações são da AFP. &quot;O crime que foi cometido é, sem sombra de dúvida, uma provocação destinada a perturbar a normalização das relações turco-russas e o processo de paz na Síria&quot;, declarou à TV russa. Abaixo, usuários do Facebook que interagiram com as notícias no Bonde
</topic_text>
<spam_score>0.00</spam_score>
<post_num>1</post_num>
<post_id>post-1</post_id>
<post_url>http://www.bonde.com.br/bondenews/internacional/putin-assassinato-de-embaixador-mina-relacoes-russo-turcas-e-paz-na-siria-430177.html</post_url>
<post_date>20161219</post_date>
<post_time>2019</post_time>
<username></username>
<post>
Add to Flipboard Magazine. mais opções O presidente russo, Vladimir Putin, qualificou o assassinato do embaixador russo na Turquia, nesta segunda-feira, de &quot;provocação&quot; destinada a minar os laços que eram refeitos entre Moscou e Ancara e aos esforços para solucionar o conflito na Síria. As informações são da AFP. &quot;O crime que foi cometido é, sem sombra de dúvida, uma provocação destinada a perturbar a normalização das relações turco-russas e o processo de paz na Síria&quot;, declarou à TV russa. Abaixo, usuários do Facebook que interagiram com as notícias no Bonde
</post>
<signature>

</signature>
<external_links>

</external_links>
<country>BR</country>
<main_image>http://www.bonde.com.br/image_src/logo.jpg</main_image>
</document>
