<?xml version="1.0" encoding="UTF-8"?>
<document>
<type>mainstream</type>
<forum>http://rostovnadonu.bezformata.ru/rss.xml</forum>
<forum_title>Новости города БезФормата.Ru Ростовская область Ростов-на-Дону</forum_title>
<discussion_title>В Шахтах провели Первенство города по тхэквондо</discussion_title>
<language>russian</language>
<gmt_offset></gmt_offset>
<topic_url>http://shahti.bezformata.ru/listnews/proveli-pervenstvo-goroda-po-thekvondo/53374161/</topic_url>
<topic_text>
- всё это вас ждёт в Домбае! Выезд - каждый четверг! Почитать подробнее Тел.: 222-7-22, КРУИЗ.ШАХТЫ.SU 
Участниками стали порядка 180 спортсменов. Большинство из них – воспитанники клуба &quot; Кумган &quot; под руководством заслуженного тренера России по тхэквондо Александра Смирнова. В схватки вступили младшие юноши, юноши, кадеты, юниоры обоих полов. В итоге разыграли 40 комплектов медалей. 
По заявлению самого главного шахтинского тренера по тхэквондо, в конце декабря этого года спортсмены примут участие во Всероссийских состязаниях. Готовятся к ним порядка 30 тхэквондистов. Они выйдут на Первенство Южного Федерального округа вместе с представителями порядка 40 регионов России.
</topic_text>
<spam_score>0.00</spam_score>
<post_num>1</post_num>
<post_id>post-1</post_id>
<post_url>http://shahti.bezformata.ru/listnews/proveli-pervenstvo-goroda-po-thekvondo/53374161/</post_url>
<post_date>20161219</post_date>
<post_time>2007</post_time>
<username></username>
<post>
- всё это вас ждёт в Домбае! Выезд - каждый четверг! Почитать подробнее Тел.: 222-7-22, КРУИЗ.ШАХТЫ.SU 
Участниками стали порядка 180 спортсменов. Большинство из них – воспитанники клуба &quot; Кумган &quot; под руководством заслуженного тренера России по тхэквондо Александра Смирнова. В схватки вступили младшие юноши, юноши, кадеты, юниоры обоих полов. В итоге разыграли 40 комплектов медалей. 
По заявлению самого главного шахтинского тренера по тхэквондо, в конце декабря этого года спортсмены примут участие во Всероссийских состязаниях. Готовятся к ним порядка 30 тхэквондистов. Они выйдут на Первенство Южного Федерального округа вместе с представителями порядка 40 регионов России.
</post>
<signature>

</signature>
<external_links>

</external_links>
<country>RU</country>
<main_image>http://shahti.bezformata.ru/content/image223118410.jpg</main_image>
</document>
