<?xml version="1.0" encoding="UTF-8"?>
<document>
<type>mainstream</type>
<forum>http://feeds.feedburner.com/EuNews-GoogleNews</forum>
<forum_title>eu news - Google News</forum_title>
<discussion_title>EU in CRISIS: Russia could DESTROY &apos;poisoned&apos; member states &apos;by sparking infighting&apos; - Express.co.uk</discussion_title>
<language>english</language>
<gmt_offset></gmt_offset>
<topic_url>http://www.express.co.uk/news/world/745385/eu-crisis-russia-destroy-member-states-infighting</topic_url>
<topic_text>
The national states are now less alive in Europe than ever Dr Annegret Bendiek 
The researcher said: “With the EU the European governments have created an institutional order in which the executive burden of politics has made the gaps to citizens immense. 
&quot;This is how the completely paradoxical phenomenon was created, that those who have caused the crisis through their own actions are the ones who are the winners. 
“The national states are now less alive in Europe than ever, or since the end of the Second World War. PHOTOTHEK A Germany-focused EU could save the bloc, Dr Annegret Bendiek claims AFP French and German economic and foreign ministers set out plans to save Europe 
“It is therefore not surprising that non-liberal and nationalist parties increasingly have influence all over Europe. 
“A Europe whose security and the foreign policy is split will not be stabilised in the long term. 
“External conflicts between the 28 member states have already poisoned the political climate in the EU as a whole. AFP The superstate is now reliant on NATO for security 
“If the Russian influence on the non-liberal parties continues to grow in many member states, it will pose a major threat to the whole integration project. 
“These clashes are not exceptional in a democracy, and are being made smaller by the media and other infrastructures of democracy.” 
Claiming French and German economic and foreign ministers set out plans to save Europe in 2015 and 2016, Dr Bendiek says the Paris-Berlin proposals could create economic governance for the eurozone and provide security. The EU&apos;s craziest decisions Thu, February 18, 2016 THE European Union (EU) bureaucrats have come up with some bonkers directives. Here are the top eleven unusual rules proposed by Brussels that seem too barmy to be true. GETTY 1 of 13 The EU legislators have gone bananas over rules and directives - about bananas. European Commission President Jean-Claude Juncker and co have overseen some wacky laws. Here are the craziest: 
Dr Bendiek said: “Europe&apos;s security will be even more dependent on NATO, as the latest summit meetings show, while the US is simultaneously turning to China and the conflicts in the South China Sea. Europe will become more uncertain and at the same time more divided. 
“Europe, therefore, seems to have gone back to where it started 60 years ago due to the failure of a common foreign and security policy: in the international world of nations. 
“Europe needs a re-establishment, which forms its capacity to act to a degree that meets its challenges. 
“These include shifting skills at the EU level in the area of business, finance and migration policy, as well as the comprehensive introduction of majority procedures in foreign and security policy. 
“Such an initiative could be based on the proposals made by the two French and German economic and foreign ministers in the summer of 2015 and 2016 to establish a European economic governance for the euro area and to create a security union. 
“The idea of the core Europe, which is centred around France and Germany, must be revived and, at the same time, stripped of its technocratic character.” Related articles
</topic_text>
<spam_score>0.00</spam_score>
<post_num>1</post_num>
<post_id>post-1</post_id>
<post_url>http://www.express.co.uk/news/world/745385/eu-crisis-russia-destroy-member-states-infighting</post_url>
<post_date>20161219</post_date>
<post_time>2216</post_time>
<username></username>
<post>
The national states are now less alive in Europe than ever Dr Annegret Bendiek 
The researcher said: “With the EU the European governments have created an institutional order in which the executive burden of politics has made the gaps to citizens immense. 
&quot;This is how the completely paradoxical phenomenon was created, that those who have caused the crisis through their own actions are the ones who are the winners. 
“The national states are now less alive in Europe than ever, or since the end of the Second World War. PHOTOTHEK A Germany-focused EU could save the bloc, Dr Annegret Bendiek claims AFP French and German economic and foreign ministers set out plans to save Europe 
“It is therefore not surprising that non-liberal and nationalist parties increasingly have influence all over Europe. 
“A Europe whose security and the foreign policy is split will not be stabilised in the long term. 
“External conflicts between the 28 member states have already poisoned the political climate in the EU as a whole. AFP The superstate is now reliant on NATO for security 
“If the Russian influence on the non-liberal parties continues to grow in many member states, it will pose a major threat to the whole integration project. 
“These clashes are not exceptional in a democracy, and are being made smaller by the media and other infrastructures of democracy.” 
Claiming French and German economic and foreign ministers set out plans to save Europe in 2015 and 2016, Dr Bendiek says the Paris-Berlin proposals could create economic governance for the eurozone and provide security. The EU&apos;s craziest decisions Thu, February 18, 2016 THE European Union (EU) bureaucrats have come up with some bonkers directives. Here are the top eleven unusual rules proposed by Brussels that seem too barmy to be true. GETTY 1 of 13 The EU legislators have gone bananas over rules and directives - about bananas. European Commission President Jean-Claude Juncker and co have overseen some wacky laws. Here are the craziest: 
Dr Bendiek said: “Europe&apos;s security will be even more dependent on NATO, as the latest summit meetings show, while the US is simultaneously turning to China and the conflicts in the South China Sea. Europe will become more uncertain and at the same time more divided. 
“Europe, therefore, seems to have gone back to where it started 60 years ago due to the failure of a common foreign and security policy: in the international world of nations. 
“Europe needs a re-establishment, which forms its capacity to act to a degree that meets its challenges. 
“These include shifting skills at the EU level in the area of business, finance and migration policy, as well as the comprehensive introduction of majority procedures in foreign and security policy. 
“Such an initiative could be based on the proposals made by the two French and German economic and foreign ministers in the summer of 2015 and 2016 to establish a European economic governance for the euro area and to create a security union. 
“The idea of the core Europe, which is centred around France and Germany, must be revived and, at the same time, stripped of its technocratic character.” Related articles
</post>
<signature>

</signature>
<external_links>

</external_links>
<country>US</country>
<main_image>http://cdn.images.express.co.uk/img/dynamic/78/750x445/745385.jpg</main_image>
</document>
