<?xml version="1.0" encoding="UTF-8"?>
<document>
<type>mainstream</type>
<forum></forum>
<forum_title></forum_title>
<discussion_title>imagePROGRAF PRO-6000S | PrintingNews.com</discussion_title>
<language>english</language>
<gmt_offset></gmt_offset>
<topic_url>http://www.printingnews.com/product/12248754/canon-solutions-america-inc-large-format-printing-systems-imageprograf-pro-6000s</topic_url>
<topic_text>
| Share | Share 
The 8-color 60-inch wide imagePROGRAF PRO-6000S large format printer by Canon (Booth 1500), designed for the production signage and commercial photography markets, exceeds expectations for speed and color consistency in a large format production printer. By using a new 1.28-inch wide 12-channel integrated compact print head, LUCIA PRO ink set, a high-precision mechanical platform and the L-COA PRO high-speed image processing engine, the PRO-6000S achieves a balance between high-speed printing and exceptional print quality. Providing increased versatility, the imagePROGRAF PRO-6000S features a standard Multifunction Roll System. The Multifunction Roll System can be used in to different ways. It can enable you to load a second roll of a different media type and size at the same time so that you can automatically switch from printing on matte to gloss paper without interrupting your workflow, or the unit can be operator configured as a bi-directional Take-up Unit. Focused on providing the highest possible quality output, the PRO-6000S allows the end user to effortlessly load the media with “no touch” capabilities. After setting the roll holder and rotating the handles, the printer automatically feeds the media into the printer without the touch of the operator; helping avoid creases, blemishes and fingerprints. Continue Reading 
</topic_text>
<spam_score>0.20</spam_score>
<post_num>1</post_num>
<post_id>post-1</post_id>
<post_url>http://www.printingnews.com/product/12248754/canon-solutions-america-inc-large-format-printing-systems-imageprograf-pro-6000s</post_url>
<post_date>20160816</post_date>
<post_time></post_time>
<username></username>
<post>
| Share | Share 
The 8-color 60-inch wide imagePROGRAF PRO-6000S large format printer by Canon (Booth 1500), designed for the production signage and commercial photography markets, exceeds expectations for speed and color consistency in a large format production printer. By using a new 1.28-inch wide 12-channel integrated compact print head, LUCIA PRO ink set, a high-precision mechanical platform and the L-COA PRO high-speed image processing engine, the PRO-6000S achieves a balance between high-speed printing and exceptional print quality. Providing increased versatility, the imagePROGRAF PRO-6000S features a standard Multifunction Roll System. The Multifunction Roll System can be used in to different ways. It can enable you to load a second roll of a different media type and size at the same time so that you can automatically switch from printing on matte to gloss paper without interrupting your workflow, or the unit can be operator configured as a bi-directional Take-up Unit. Focused on providing the highest possible quality output, the PRO-6000S allows the end user to effortlessly load the media with “no touch” capabilities. After setting the roll holder and rotating the handles, the printer automatically feeds the media into the printer without the touch of the operator; helping avoid creases, blemishes and fingerprints. Continue Reading 
</post>
<signature>

</signature>
<external_links>

</external_links>
<country>US</country>
<main_image>http://r3.printingnews.com/files/base/CGN/image/2016/08/16x9/1280x720/imagePROGRAF_PRO_6000s.57ae3ebc00743.jpg</main_image>
</document>
