<?xml version="1.0" encoding="UTF-8"?>
<document>
<type>mainstream</type>
<forum>http://rostovnadonu.bezformata.ru/rss.xml</forum>
<forum_title>Новости города БезФормата.Ru Ростовская область Ростов-на-Дону</forum_title>
<discussion_title>В Николаевском приходе с. Николаевка отметили престольный праздник</discussion_title>
<language>russian</language>
<gmt_offset></gmt_offset>
<topic_url>http://rostovnadonu.bezformata.ru/listnews/nikolaevka-otmetili-prestolnij/53375077/</topic_url>
<topic_text>
Фото: rostoveparhia.ru 
19 декабря 2016 года в приходе храма святителя Николая Чудотворца села Николаевка отметили престольный праздник. 
Божественную литургию возглавил настоятель храма протоиерей Роман Романов в сослужении ректора Донской духовной семинарии протоиерея Тимофея Фетисова. 
За Литургией молящиеся вознесли особые молитвы о всех находящихся в заключении. По окончании Литургии был совершен крестный ход. Затем настоятель храма обратился ко всем молящимся с пастырским словом, поздравив собравшихся со светлым праздником. Закончились торжества праздничной трапезой для всех желающих.
</topic_text>
<spam_score>0.00</spam_score>
<post_num>1</post_num>
<post_id>post-1</post_id>
<post_url>http://rostovnadonu.bezformata.ru/listnews/nikolaevka-otmetili-prestolnij/53375077/</post_url>
<post_date>20161219</post_date>
<post_time>2238</post_time>
<username></username>
<post>
Фото: rostoveparhia.ru 
19 декабря 2016 года в приходе храма святителя Николая Чудотворца села Николаевка отметили престольный праздник. 
Божественную литургию возглавил настоятель храма протоиерей Роман Романов в сослужении ректора Донской духовной семинарии протоиерея Тимофея Фетисова. 
За Литургией молящиеся вознесли особые молитвы о всех находящихся в заключении. По окончании Литургии был совершен крестный ход. Затем настоятель храма обратился ко всем молящимся с пастырским словом, поздравив собравшихся со светлым праздником. Закончились торжества праздничной трапезой для всех желающих.
</post>
<signature>

</signature>
<external_links>

</external_links>
<country>RU</country>
<main_image>http://rostovnadonu.bezformata.ru/content/image223124740.jpg</main_image>
</document>
