<?xml version="1.0" encoding="UTF-8"?>
<document>
<type>mainstream</type>
<forum>http://www.1410wizm.com/index.php?format=feed&amp;type=rss</forum>
<forum_title>News</forum_title>
<discussion_title>Winona State professor arrested for third OWI</discussion_title>
<language>english</language>
<gmt_offset></gmt_offset>
<topic_url>http://www.1410wizm.com/index.php/item/29127-winona-state-professor-arrested-for-third-owi</topic_url>
<topic_text>
Tries to show steak he bought to officer. 
A Winona State University professor faces his third OWI after being arrested yesterday. 
Police received a call from an employee at Festival Foods who reported an intoxicated man leaving the parking lot in his car. She said she had offered to call the man a cab but he refused. 
Police got behind the driver, Roger Riley, on Rose Street and followed him for a few blocks, watching him swerve and almost hit the curb. 
Riley tried to show the officer a steak he had bought but had trouble even picking it up. 
Police say he failed several sobriety tests including reciting the alphabet. He got to I on the first try and P on the 2nd before getting confused and having to stop. He blew a .24 on a breathalyzer. Last modified on Monday - December 19, 2016 5:35 pm
</topic_text>
<spam_score>0.00</spam_score>
<post_num>1</post_num>
<post_id>post-1</post_id>
<post_url>http://www.1410wizm.com/index.php/item/29127-winona-state-professor-arrested-for-third-owi</post_url>
<post_date>20161219</post_date>
<post_time>2237</post_time>
<username>news@1410wizm.com (WIZM News)</username>
<post>
Tries to show steak he bought to officer. 
A Winona State University professor faces his third OWI after being arrested yesterday. 
Police received a call from an employee at Festival Foods who reported an intoxicated man leaving the parking lot in his car. She said she had offered to call the man a cab but he refused. 
Police got behind the driver, Roger Riley, on Rose Street and followed him for a few blocks, watching him swerve and almost hit the curb. 
Riley tried to show the officer a steak he had bought but had trouble even picking it up. 
Police say he failed several sobriety tests including reciting the alphabet. He got to I on the first try and P on the 2nd before getting confused and having to stop. He blew a .24 on a breathalyzer. Last modified on Monday - December 19, 2016 5:35 pm
</post>
<signature>

</signature>
<external_links>

</external_links>
<country>US</country>
<main_image>http://www.1410wizm.com/media/k2/items/cache/65c445ea7c8c66ddeae51478bf8a1359_M.jpg</main_image>
</document>
