<?xml version="1.0" encoding="UTF-8"?>
<document>
<type>mainstream</type>
<forum></forum>
<forum_title></forum_title>
<discussion_title>AMAZING!! Checkout This New Facebook Messenger Feature | Akpraise.com</discussion_title>
<language>english</language>
<gmt_offset></gmt_offset>
<topic_url>http://akpraise.com/amazing-checkout-this-new-facebook-messenger-feature/</topic_url>
<topic_text>
AMAZING!! Checkout This New Facebook Messenger Feature By SHARE 
​ 
Facebook just added a feature to Messenger that may make even the most ardent skeptics want to use the app: group video calling. 
The chat app now allows groups of up to six friends to make video calls directly from their messages. 
The feature, available now to anyone with the latest version of the app, also includes the Snapchat-like animated masks Facebook has been experimenting with on the iOS version of Messenger. (The company says Android support for the feature is “coming soon.”) 
Starting a group call works the same way as it does for one-to-one video calls in the app: tapping the camera icon in the top right corner while in a chat will begin the video call. 
Facebook has limited the calls to groups of six, though up to 50 other participants to join in without video once the limit is reached. (If you want to have a wider group where everyone has video, you’ll need to use another app like Skype.) 
Though Messenger is still the app that many people love to hate, the addition of group video calling makes the app more useful than WhatsApp, which only just added one-to-pne video calling last month. 
</topic_text>
<spam_score>0.06</spam_score>
<post_num>1</post_num>
<post_id>post-1</post_id>
<post_url>http://akpraise.com/amazing-checkout-this-new-facebook-messenger-feature/</post_url>
<post_date>20161220</post_date>
<post_time></post_time>
<username></username>
<post>
AMAZING!! Checkout This New Facebook Messenger Feature By SHARE 
​ 
Facebook just added a feature to Messenger that may make even the most ardent skeptics want to use the app: group video calling. 
The chat app now allows groups of up to six friends to make video calls directly from their messages. 
The feature, available now to anyone with the latest version of the app, also includes the Snapchat-like animated masks Facebook has been experimenting with on the iOS version of Messenger. (The company says Android support for the feature is “coming soon.”) 
Starting a group call works the same way as it does for one-to-one video calls in the app: tapping the camera icon in the top right corner while in a chat will begin the video call. 
Facebook has limited the calls to groups of six, though up to 50 other participants to join in without video once the limit is reached. (If you want to have a wider group where everyone has video, you’ll need to use another app like Skype.) 
Though Messenger is still the app that many people love to hate, the addition of group video calling makes the app more useful than WhatsApp, which only just added one-to-pne video calling last month. 
</post>
<signature>

</signature>
<external_links>

</external_links>
<country>US</country>
<main_image>http://akpraise.com/wp-content/uploads/2016/12/wp-1482191472226.jpg</main_image>
</document>
