<?xml version="1.0" encoding="UTF-8"?>
<document>
<type>mainstream</type>
<forum>http://www.businesswire.com//portal/site/home/template.PAGE/news/?javax.portlet.tpst=ccf123a93466ea4c882a06a9149550fd&amp;javax.portlet.prp_ccf123a93466ea4c882a06a9149550fd_viewID=MY_PORTAL_VIEW&amp;javax.portlet.prp_ccf123a93466ea4c882a06a9149550fd_ndmHsc=v2*A1479560400000*B1482192316177*DgroupByDate*G525*N1000003&amp;javax.portlet.begCacheTok=com.vignette.cachetoken&amp;javax.portlet.endCacheTok=com.vignette.cachetoken</forum>
<forum_title>All News | Business Wire</forum_title>
<discussion_title>BARCLAYS PLC UK Regulatory Announcement: Form 8.3 - ALTERNATIVE NETWORKS PLC</discussion_title>
<language>english</language>
<gmt_offset>-6</gmt_offset>
<topic_url>http://www.businesswire.com/news/home/20161125005181/en/BARCLAYS-PLC-UK-Regulatory-Announcement-Form-8.3</topic_url>
<topic_text>
LONDON--( BUSINESS WIRE )--
FORM 8.3
PUBLIC OPENING POSITION DISCLOSURE/DEALING DISCLOSURE BY
A PERSON WITH INTERESTS IN RELEVANT SECURITIES REPRESENTING 1% OR MORE
Rule 8.3 of the Takeover Code (the “Code”)
1. KEY INFORMATION
(a) Full name of discloser: Barclays PLC. (b) Owner or controller of interest and short positions disclosed, if different from 1(a): (c) Name of offeror/offeree in relation to whose ALTERNATIVE NETWORKS PLC relevant securities this form relates: (d) If an exempt fund manager connected with an offeror/offeree, state this and specify identity of offeror/offeree: (e) Date position held/dealing undertaken: 24 November 2016 (f) In addition to the company in 1(c) above, is the discloser making NO disclosures in respect of any other party to the offer? 2. POSITIONS OF THE PERSON MAKING THE DISCLOSURE
If there are positions or rights to subscribe to disclose in more than one class of relevant securities of the offeror or offeree named in 1(c), copy table 2(a) or (b) (as appropriate) for each additional class of relevant security.
(a) Interests and short positions in the relevant securities of the offeror or offeree to which the disclosure relates following the dealing (if any)
Class of relevant security: ORD Interests Short Positions Number (%) Number (%) (1) Relevant securities owned and/or controlled: 523,548 1.05% 0 0.00% (2) Cash-settled derivatives: 0 0.00% 389,849 0.78% (3) Stock-settled derivatives (including options)
and agreements to purchase/sell: 0 0.00% 0 0.00% (4) TOTAL: 523,548 1.05% 389,849 0.78% All interests and all short positions should be disclosed.
Details of any open stock-settled derivative positions (including traded options), or agreements to purchase or sell relevant securities, should be given on a Supplemental Form 8 (Open Positions).
(b) Rights to subscribe for new securities (including directors’ and other employee options)
Class of relevant security in relation to which subscription right exists: Details, including nature of the rights concerned and relevant percentages: 3. DEALINGS (IF ANY) BY THE PERSON MAKING THE DISCLOSURE
Where there have been dealings in more than one class of relevant securities of the offeror or offeree named in 1(c), copy table 3(a), (b), (c) or (d) (as appropriate) for each additional class of relevant security dealt in.
The currency of all prices and other monetary amounts should be stated.
(a) Purchases and sales
Class of relevant Purchase/sale Number of Price per unit security securities ORD Purchase 49,046 3.3250 GBP (b) Cash-settled derivative transactions
Class of Product Nature of dealing Number of Price per relevant description reference unit security securities ORD CFD Short 49,046 3.3252 GBP (c) Stock-settled derivative transactions (including options)
(i) Writing, selling, purchasing or varying
Class of relevant security Product description e.g. call option Writing, purchasing, selling, varying etc. Number of securities to which option relates Exercise price per unit Type e.g. American, European etc.
Expiry date Option money paid/ received per unit (ii) Exercise
Class of relevant security Product description e.g. call option
Exercising/ exercised against Number of securities Exercise price per unit (d) Other dealings (including subscribing for new securities)
Class of relevant security Nature of dealing e.g. subscription, conversion
Details Price per unit (if applicable) 4. OTHER INFORMATION
(a) Indemnity and other dealing arrangements
Details of any indemnity or option arrangement, or any agreement or understanding, formal or informal, relating to relevant securities which may be an inducement to deal or refrain from dealing entered into by the person making the disclosure and any party to the offer or any person acting in concert with a party to the offer: Irrevocable commitments and letters of intent should not be included. If there are no such agreements, arrangements or understandings, state “none”
None
(b) Agreements, arrangements or understandings relating to options or derivatives
Details of any agreement, arrangement or understanding, formal or informal, between the person making the disclosure and any other person relating to: (i) the voting rights of any relevant securities under any option; or
(ii) the voting rights or future acquisition or disposal of any relevant securities to which any derivative is referenced:
If there are no such agreements, arrangements or understandings, state “none”
None
(c) Attachments
Is a Supplemental Form 8 (Open Positions) attached? NO Date of disclosure: 25 Nov 2016 Contact name: Hemika Mistry Telephone number: 020 7116 3891 Public disclosures under Rule 8 of the Code must be made to a Regulatory Information Service.
The Panel’s Market Surveillance Unit is available for consultation in relation to the Code’s disclosure requirements on +44 (0)20 7638 0129.
The Code can be viewed on the Panel’s website at www.thetakeoverpanel.org.uk .
Short Name: BARCLAYS PLC Category Code: RET Sequence Number: 566242 Time of Receipt (offset from UTC): 20161125T130531+0000 Contacts BARCLAYS PLC
</topic_text>
<spam_score>0.00</spam_score>
<post_num>1</post_num>
<post_id>post-1</post_id>
<post_url>http://www.businesswire.com/news/home/20161125005181/en/BARCLAYS-PLC-UK-Regulatory-Announcement-Form-8.3</post_url>
<post_date>20161125</post_date>
<post_time>1320</post_time>
<username>http://www.businesswire.com/</username>
<post>
LONDON--( BUSINESS WIRE )--
FORM 8.3
PUBLIC OPENING POSITION DISCLOSURE/DEALING DISCLOSURE BY
A PERSON WITH INTERESTS IN RELEVANT SECURITIES REPRESENTING 1% OR MORE
Rule 8.3 of the Takeover Code (the “Code”)
1. KEY INFORMATION
(a) Full name of discloser: Barclays PLC. (b) Owner or controller of interest and short positions disclosed, if different from 1(a): (c) Name of offeror/offeree in relation to whose ALTERNATIVE NETWORKS PLC relevant securities this form relates: (d) If an exempt fund manager connected with an offeror/offeree, state this and specify identity of offeror/offeree: (e) Date position held/dealing undertaken: 24 November 2016 (f) In addition to the company in 1(c) above, is the discloser making NO disclosures in respect of any other party to the offer? 2. POSITIONS OF THE PERSON MAKING THE DISCLOSURE
If there are positions or rights to subscribe to disclose in more than one class of relevant securities of the offeror or offeree named in 1(c), copy table 2(a) or (b) (as appropriate) for each additional class of relevant security.
(a) Interests and short positions in the relevant securities of the offeror or offeree to which the disclosure relates following the dealing (if any)
Class of relevant security: ORD Interests Short Positions Number (%) Number (%) (1) Relevant securities owned and/or controlled: 523,548 1.05% 0 0.00% (2) Cash-settled derivatives: 0 0.00% 389,849 0.78% (3) Stock-settled derivatives (including options)
and agreements to purchase/sell: 0 0.00% 0 0.00% (4) TOTAL: 523,548 1.05% 389,849 0.78% All interests and all short positions should be disclosed.
Details of any open stock-settled derivative positions (including traded options), or agreements to purchase or sell relevant securities, should be given on a Supplemental Form 8 (Open Positions).
(b) Rights to subscribe for new securities (including directors’ and other employee options)
Class of relevant security in relation to which subscription right exists: Details, including nature of the rights concerned and relevant percentages: 3. DEALINGS (IF ANY) BY THE PERSON MAKING THE DISCLOSURE
Where there have been dealings in more than one class of relevant securities of the offeror or offeree named in 1(c), copy table 3(a), (b), (c) or (d) (as appropriate) for each additional class of relevant security dealt in.
The currency of all prices and other monetary amounts should be stated.
(a) Purchases and sales
Class of relevant Purchase/sale Number of Price per unit security securities ORD Purchase 49,046 3.3250 GBP (b) Cash-settled derivative transactions
Class of Product Nature of dealing Number of Price per relevant description reference unit security securities ORD CFD Short 49,046 3.3252 GBP (c) Stock-settled derivative transactions (including options)
(i) Writing, selling, purchasing or varying
Class of relevant security Product description e.g. call option Writing, purchasing, selling, varying etc. Number of securities to which option relates Exercise price per unit Type e.g. American, European etc.
Expiry date Option money paid/ received per unit (ii) Exercise
Class of relevant security Product description e.g. call option
Exercising/ exercised against Number of securities Exercise price per unit (d) Other dealings (including subscribing for new securities)
Class of relevant security Nature of dealing e.g. subscription, conversion
Details Price per unit (if applicable) 4. OTHER INFORMATION
(a) Indemnity and other dealing arrangements
Details of any indemnity or option arrangement, or any agreement or understanding, formal or informal, relating to relevant securities which may be an inducement to deal or refrain from dealing entered into by the person making the disclosure and any party to the offer or any person acting in concert with a party to the offer: Irrevocable commitments and letters of intent should not be included. If there are no such agreements, arrangements or understandings, state “none”
None
(b) Agreements, arrangements or understandings relating to options or derivatives
Details of any agreement, arrangement or understanding, formal or informal, between the person making the disclosure and any other person relating to: (i) the voting rights of any relevant securities under any option; or
(ii) the voting rights or future acquisition or disposal of any relevant securities to which any derivative is referenced:
If there are no such agreements, arrangements or understandings, state “none”
None
(c) Attachments
Is a Supplemental Form 8 (Open Positions) attached? NO Date of disclosure: 25 Nov 2016 Contact name: Hemika Mistry Telephone number: 020 7116 3891 Public disclosures under Rule 8 of the Code must be made to a Regulatory Information Service.
The Panel’s Market Surveillance Unit is available for consultation in relation to the Code’s disclosure requirements on +44 (0)20 7638 0129.
The Code can be viewed on the Panel’s website at www.thetakeoverpanel.org.uk .
Short Name: BARCLAYS PLC Category Code: RET Sequence Number: 566242 Time of Receipt (offset from UTC): 20161125T130531+0000 Contacts BARCLAYS PLC
</post>
<signature>

</signature>
<external_links>

</external_links>
<country>US</country>
<main_image>http://www.businesswire.com/images/bwlogo_square.png</main_image>
</document>
