<?xml version="1.0" encoding="UTF-8"?>
<document>
<type>mainstream</type>
<forum>http://www.energiadiario.com/publicacion/feed/</forum>
<forum_title>Energía Diario</forum_title>
<discussion_title>La central nuclear de Vandellós II se mantiene estable tras una parada no programada de su reactor</discussion_title>
<language>spanish</language>
<gmt_offset></gmt_offset>
<topic_url>http://www.energiadiario.com/publicacion/la-central-nuclear-de-vandellos-ii-se-mantiene-estable-tras-una-parada-no-programada-de-su-reactor/</topic_url>
<topic_text>
La central nuclear de Vandellós II se mantiene estable tras una parada no programada de su reactor Publicado en dic 19 2016 - 9:00pm por Energía Diario 89 Etiquetado como Japón reactiva el reactor nuclear de Sendai a pesar de la oposición local 
EFE / Europa Press.- La nuclear de Vandellós II (Tarragona) ha sufrido una parada no programada en el reactor durante el proceso de rodaje de la turbina y se mantiene en condiciones estables, según el Consejo de Seguridad Nuclear (CSN). La parada, que se produjo tras finalizar la recarga número 21, se ha debido a una señal de “alto flujo neutrónico” en el reactor, ocasionada por la pérdida de la alimentación eléctrica en uno de los armarios del sistema de protección “por la actuación de un fusible”. 
Los sistemas han actuado según lo previsto en el diseño y los procedimientos establecidos. El reactor se mantiene en condiciones estables, parado y con la temperatura y presión necesaria para volver a reanudar su conexión a la red y operar a plena potencia. El Consejo ha asegurado que se están investigando las posibles causas que han provocado el problema del fusible. El suceso no ha tenido ningún impacto en la seguridad de los trabajadores, ni en el público ni en el medio ambiente. La incidencia se ha clasificado provisionalmente con nivel 0 en la Escala Internacional de Sucesos Nucleares (INES). 
Nuevo secretario general del CSN 
Por otro lado, el CSN ha propuesto al Gobierno y al Congreso al subdirector de instalaciones radiactivas, Mariano Rodríguez, como secretario general del organismo regulador, una vez que María Luisa Rodríguez, solicitó su cese “por motivos personales”, según lo previsto en el Estatuto del regulador , y aseguró que esta decisión es “en todo compatible con la satisfacción de haber podido contribuir, en la medida de las competencias del cargo, en la misión del CSN en defensa de la seguridad nuclear y la protección radiológica. En ese contexto, los miembros del pleno le agradecieron su dedicación y esfuerzo, de modo que una vez aceptado, el cese se elevará al Gobierno a través del Ministerio de Energía. 
Además, en la reunión se convino la necesidad de abrir el debate para nombrar al sucesor de María Luisa Rodríguez y se plantearon diferentes alternativas, que según indicaron fuentes del CSN, fueron cuatro candidatos distintos entre los funcionarios del organismo. Tras un debate del pleno, finalmente se ha propuesto por unanimidad como candidato a ocupar la secretaría general a Manuel Rodríguez Martí, el actual subdirector de Instalaciones Nucleares en la dirección técnica de seguridad nuclear. 
El nombramiento de Rodríguez Martí ha sido trasladado al Ministro de Energía, para su valoración y, si lo estima oportuno, elevar la propuesta al Consejo de Ministros. De ser aprobado el nombramiento, se dará traslado al Congreso de los Diputados para su visto bueno definitivo tras comprobar su idoneidad como alto cargo y la ausencia de conflicto de intereses, de acuerdo con el artículo 1 de la Ley de 2015 reguladora del ejercicio de Alto Cargo de la Administración General del Estado, en el que de manera específica se establece el procedimiento en el caso de la Secretaría General de un organismo regulador estatal , como es el caso del CSN. 
Según indicaron fuentes del CSN, Manuel Rodríguez Martí es un ingeniero industrial nacido en 1959 que se incorporó al organismo regulador casi desde su fundación en 1980. Como técnico ha ocupado cargos en el ámbito de protección radiológica y seguridad nuclear; ha sido jefe de proyecto de la central nuclear de Trillo (Guadalajara); jefe de Gabinete del departamento que antiguamente aglutinaba seguridad nuclear y protección radiológica. Posteriormente y en la actualidad es el subdirector de Instalaciones Radiactivas . Desde el regulador han valorado su dilatada experiencia en todos los ámbitos relacionados con las tareas del CSN. Sobre el Autor
</topic_text>
<spam_score>0.00</spam_score>
<post_num>1</post_num>
<post_id>post-1</post_id>
<post_url>http://www.energiadiario.com/publicacion/la-central-nuclear-de-vandellos-ii-se-mantiene-estable-tras-una-parada-no-programada-de-su-reactor/</post_url>
<post_date>20161219</post_date>
<post_time>2100</post_time>
<username>Energía Diario</username>
<post>
La central nuclear de Vandellós II se mantiene estable tras una parada no programada de su reactor Publicado en dic 19 2016 - 9:00pm por Energía Diario 89 Etiquetado como Japón reactiva el reactor nuclear de Sendai a pesar de la oposición local 
EFE / Europa Press.- La nuclear de Vandellós II (Tarragona) ha sufrido una parada no programada en el reactor durante el proceso de rodaje de la turbina y se mantiene en condiciones estables, según el Consejo de Seguridad Nuclear (CSN). La parada, que se produjo tras finalizar la recarga número 21, se ha debido a una señal de “alto flujo neutrónico” en el reactor, ocasionada por la pérdida de la alimentación eléctrica en uno de los armarios del sistema de protección “por la actuación de un fusible”. 
Los sistemas han actuado según lo previsto en el diseño y los procedimientos establecidos. El reactor se mantiene en condiciones estables, parado y con la temperatura y presión necesaria para volver a reanudar su conexión a la red y operar a plena potencia. El Consejo ha asegurado que se están investigando las posibles causas que han provocado el problema del fusible. El suceso no ha tenido ningún impacto en la seguridad de los trabajadores, ni en el público ni en el medio ambiente. La incidencia se ha clasificado provisionalmente con nivel 0 en la Escala Internacional de Sucesos Nucleares (INES). 
Nuevo secretario general del CSN 
Por otro lado, el CSN ha propuesto al Gobierno y al Congreso al subdirector de instalaciones radiactivas, Mariano Rodríguez, como secretario general del organismo regulador, una vez que María Luisa Rodríguez, solicitó su cese “por motivos personales”, según lo previsto en el Estatuto del regulador , y aseguró que esta decisión es “en todo compatible con la satisfacción de haber podido contribuir, en la medida de las competencias del cargo, en la misión del CSN en defensa de la seguridad nuclear y la protección radiológica. En ese contexto, los miembros del pleno le agradecieron su dedicación y esfuerzo, de modo que una vez aceptado, el cese se elevará al Gobierno a través del Ministerio de Energía. 
Además, en la reunión se convino la necesidad de abrir el debate para nombrar al sucesor de María Luisa Rodríguez y se plantearon diferentes alternativas, que según indicaron fuentes del CSN, fueron cuatro candidatos distintos entre los funcionarios del organismo. Tras un debate del pleno, finalmente se ha propuesto por unanimidad como candidato a ocupar la secretaría general a Manuel Rodríguez Martí, el actual subdirector de Instalaciones Nucleares en la dirección técnica de seguridad nuclear. 
El nombramiento de Rodríguez Martí ha sido trasladado al Ministro de Energía, para su valoración y, si lo estima oportuno, elevar la propuesta al Consejo de Ministros. De ser aprobado el nombramiento, se dará traslado al Congreso de los Diputados para su visto bueno definitivo tras comprobar su idoneidad como alto cargo y la ausencia de conflicto de intereses, de acuerdo con el artículo 1 de la Ley de 2015 reguladora del ejercicio de Alto Cargo de la Administración General del Estado, en el que de manera específica se establece el procedimiento en el caso de la Secretaría General de un organismo regulador estatal , como es el caso del CSN. 
Según indicaron fuentes del CSN, Manuel Rodríguez Martí es un ingeniero industrial nacido en 1959 que se incorporó al organismo regulador casi desde su fundación en 1980. Como técnico ha ocupado cargos en el ámbito de protección radiológica y seguridad nuclear; ha sido jefe de proyecto de la central nuclear de Trillo (Guadalajara); jefe de Gabinete del departamento que antiguamente aglutinaba seguridad nuclear y protección radiológica. Posteriormente y en la actualidad es el subdirector de Instalaciones Radiactivas . Desde el regulador han valorado su dilatada experiencia en todos los ámbitos relacionados con las tareas del CSN. Sobre el Autor
</post>
<signature>

</signature>
<external_links>

</external_links>
<country>ES</country>
<main_image>http://www.energiadiario.com/publicacion/wp-content/uploads/2015/05/Nuclear-Bajo-Control-Vandellós-II-150x150.jpg</main_image>
</document>
