<?xml version="1.0" encoding="UTF-8"?>
<document>
<type>mainstream</type>
<forum>http://www.ooyuz.com/newsanalysis?term=matt mortensen</forum>
<forum_title>matt mortensen News Results and Analysis |OOYUZ</forum_title>
<discussion_title>Germans win World Cup doubles, US ends medal drought - SFGate</discussion_title>
<language>english</language>
<gmt_offset>-6</gmt_offset>
<topic_url>http://www.ooyuz.com/geturl?aid=14127877</topic_url>
<topic_text>
LAKE PLACID, N.Y. (AP) — Toni Eggert and Sascha Benecken of Germany won a World Cup luge doubles race at Mount Van Hoevenberg on Friday, and Matt Mortensen and Jayson Terdiman finished second to give USA Luge its first doubles medal on the circuit in six years. Eggert and Benecken finished their two runs in 1 minute, 28.382 seconds. Mortensen and Terdiman took the silver in 1:28.545, and Germany&apos;s Robin Johannes Geueke and David Gamm were third in 1:28.726. Eggert and Benecken are now 3-for-3 th.. Advertisement
</topic_text>
<spam_score>0.00</spam_score>
<post_num>1</post_num>
<post_id>post-1</post_id>
<post_url>http://www.ooyuz.com/geturl?aid=14127877</post_url>
<post_date>20161202</post_date>
<post_time>0732</post_time>
<username>SFgate</username>
<post>
LAKE PLACID, N.Y. (AP) — Toni Eggert and Sascha Benecken of Germany won a World Cup luge doubles race at Mount Van Hoevenberg on Friday, and Matt Mortensen and Jayson Terdiman finished second to give USA Luge its first doubles medal on the circuit in six years. Eggert and Benecken finished their two runs in 1 minute, 28.382 seconds. Mortensen and Terdiman took the silver in 1:28.545, and Germany&apos;s Robin Johannes Geueke and David Gamm were third in 1:28.726. Eggert and Benecken are now 3-for-3 th.. Advertisement
</post>
<signature>

</signature>
<external_links>

</external_links>
<country>US</country>
<main_image></main_image>
</document>
