<?xml version="1.0" encoding="UTF-8"?>
<document>
<type>mainstream</type>
<forum>http://slon.ru/rss/all.php</forum>
<forum_title>Все материалы Republic</forum_title>
<discussion_title>Убийство посла России в Турции. Главное.</discussion_title>
<language>russian</language>
<gmt_offset></gmt_offset>
<topic_url>https://republic.ru/posts/77648</topic_url>
<topic_text>
Сохранить 133 
Вечером 19 сентября в Анкаре убит российский посол Андрей Карлов. Это произошло на выставке в Галерее современного искусства. Убийца – бывший сотрудник местной полиции – несколько раз выкрикнул «Алеппо! Мы не забудем про Сирию!». Предполагается, что он был сторонником радикальной оппозиции. 
Убийство было совершено накануне российско-турецких переговоров по Сирии, которые должны пройти в Москве 20 декабря. Москва назвала произошедшее терактом. При этом российские власти согласились с трактовкой Анкары, назвавшей убийство провокацией. Официальных обвинений в адрес турецкого руководства не последовало. Теракт 
Нападение было совершено в Галерее современного искусства, где Андрей Карлов выступал на открытие выставки «Россия глазами турок». Сообщалось , что на такие мероприятия он ходил без охраны. На входе были установлены металлоискатели, но, по словам очевидца, особых мер безопасности не было. 
Убийца пришел на выставку, имея при себе пистолет, и на входе показал удостоверение полицейского. Террорист, одетый в строгий костюм с белой рубашкой и галстуком, стоял за спиной посла, и через несколько минут после начала выступления Карлова неожиданно открыл стрельбу. Первый выстрел преступник сделал в воздух, а потом смертельно ранил посла в спину . Всего террорист сделал не меньше восьми выстрелов. После этого он начал выкрикивать: «Мы не забудем про Алеппо! Мы не забудем про Сирию! Пока наши братья в опасности – никому не будет покоя!». 
Террорист также процитировал одного из последователей пророка Мохаммеда, заявив о готовности к джихаду. Эту фразу, как сообщалось , нередко используют сторонники запрещенной террористической группировки «Исламское государство». 
Очевидцы рассказывали , что преступник не стал преследовать других посетителей выставки, хотя позже стало известно, что три человека все же были ранены. 
Сразу после убийства здание было оцеплено спецназом. В ходе полицейской операции террориста застрелили. Убийца 
Террористом оказался 22-летний гражданин Турции Мевлют Алтынташ. Он окончил полицейскую академию, проработал в полиции Анкары около двух с половиной лет. Был сотрудником спецподразделения – аналога российского ОМОНа, но, по данным турецких СМИ, уволился из полиции после неудавшегося государственного переворота в середине июля 2016 года. 
Источники, близкие к турецкому правительству, уже заявили , что Алтынташ был радикальным сторонником Фетуллаха Гюлена – проповедника, которого турецкие власти называют вдохновителем июльского переворота. Сейчас эту версию проверяет следствие. В окружении Гюлена, живущего в США, причастность к теракту отрицают. 
По другой неофициальной версии , террорист мог быть связан и с террористической группировкой «Ан-Нусра», действующей в Сирии. 
Отец, мать, сестра и еще два родственника убийцы были задержаны вечером 19 декабря, сообщили турецкие СМИ. В его доме прошел обыск. Реакция 
Москва и Анкара назвали произошедшее терактом. Президент Турции Реджеп Эрдоган записал спцеиальное видеообращение, в котором заявил, что цель убийства – испортить отношения между Россией и Турцией. Глава МИДа Турции Мевлют Чавушоглу, прибывший на переговоры в Москву, заявил, что Турция осуждает теракт. Он добавил, что это не должно повредить двусторонним отношениям. 
В России в связи с убийством завели уголовное дело по статье о международном терроризме. Владимир Путин, прервавший после информации о теракте встречу с бизнесменами, назвал убийство «подлым» и пообещал усилить борьбу с террором. 
Убийство посла также осудили представители европейских стран, США и ООН. Атаки на дипломатов 
Последнее крупное вооруженное нападение на российских дипломатов, связанное с их профессиональной деятельностью, произошло в Ираке в 2006 году. Тогда один из сотрудников российской дипмссии погиб на месте, а еще четыре были похищены и впоследствии убиты сторонниками террористической группировки «Аль-Каида». 
Российские власти тогда пообещали принять меры «для поиска и уничтожения» виновных. Позднее один из лидеров «Аль-Каиды», которого считали причастным к преступлению, действительно был убит, хотя и не российскими силовиками, а американскими военными в ходе операции в Багдаде. Republic
</topic_text>
<spam_score>0.00</spam_score>
<post_num>1</post_num>
<post_id>post-1</post_id>
<post_url>https://republic.ru/posts/77648</post_url>
<post_date>20161219</post_date>
<post_time>2348</post_time>
<username>Republic</username>
<post>
Сохранить 133 
Вечером 19 сентября в Анкаре убит российский посол Андрей Карлов. Это произошло на выставке в Галерее современного искусства. Убийца – бывший сотрудник местной полиции – несколько раз выкрикнул «Алеппо! Мы не забудем про Сирию!». Предполагается, что он был сторонником радикальной оппозиции. 
Убийство было совершено накануне российско-турецких переговоров по Сирии, которые должны пройти в Москве 20 декабря. Москва назвала произошедшее терактом. При этом российские власти согласились с трактовкой Анкары, назвавшей убийство провокацией. Официальных обвинений в адрес турецкого руководства не последовало. Теракт 
Нападение было совершено в Галерее современного искусства, где Андрей Карлов выступал на открытие выставки «Россия глазами турок». Сообщалось , что на такие мероприятия он ходил без охраны. На входе были установлены металлоискатели, но, по словам очевидца, особых мер безопасности не было. 
Убийца пришел на выставку, имея при себе пистолет, и на входе показал удостоверение полицейского. Террорист, одетый в строгий костюм с белой рубашкой и галстуком, стоял за спиной посла, и через несколько минут после начала выступления Карлова неожиданно открыл стрельбу. Первый выстрел преступник сделал в воздух, а потом смертельно ранил посла в спину . Всего террорист сделал не меньше восьми выстрелов. После этого он начал выкрикивать: «Мы не забудем про Алеппо! Мы не забудем про Сирию! Пока наши братья в опасности – никому не будет покоя!». 
Террорист также процитировал одного из последователей пророка Мохаммеда, заявив о готовности к джихаду. Эту фразу, как сообщалось , нередко используют сторонники запрещенной террористической группировки «Исламское государство». 
Очевидцы рассказывали , что преступник не стал преследовать других посетителей выставки, хотя позже стало известно, что три человека все же были ранены. 
Сразу после убийства здание было оцеплено спецназом. В ходе полицейской операции террориста застрелили. Убийца 
Террористом оказался 22-летний гражданин Турции Мевлют Алтынташ. Он окончил полицейскую академию, проработал в полиции Анкары около двух с половиной лет. Был сотрудником спецподразделения – аналога российского ОМОНа, но, по данным турецких СМИ, уволился из полиции после неудавшегося государственного переворота в середине июля 2016 года. 
Источники, близкие к турецкому правительству, уже заявили , что Алтынташ был радикальным сторонником Фетуллаха Гюлена – проповедника, которого турецкие власти называют вдохновителем июльского переворота. Сейчас эту версию проверяет следствие. В окружении Гюлена, живущего в США, причастность к теракту отрицают. 
По другой неофициальной версии , террорист мог быть связан и с террористической группировкой «Ан-Нусра», действующей в Сирии. 
Отец, мать, сестра и еще два родственника убийцы были задержаны вечером 19 декабря, сообщили турецкие СМИ. В его доме прошел обыск. Реакция 
Москва и Анкара назвали произошедшее терактом. Президент Турции Реджеп Эрдоган записал спцеиальное видеообращение, в котором заявил, что цель убийства – испортить отношения между Россией и Турцией. Глава МИДа Турции Мевлют Чавушоглу, прибывший на переговоры в Москву, заявил, что Турция осуждает теракт. Он добавил, что это не должно повредить двусторонним отношениям. 
В России в связи с убийством завели уголовное дело по статье о международном терроризме. Владимир Путин, прервавший после информации о теракте встречу с бизнесменами, назвал убийство «подлым» и пообещал усилить борьбу с террором. 
Убийство посла также осудили представители европейских стран, США и ООН. Атаки на дипломатов 
Последнее крупное вооруженное нападение на российских дипломатов, связанное с их профессиональной деятельностью, произошло в Ираке в 2006 году. Тогда один из сотрудников российской дипмссии погиб на месте, а еще четыре были похищены и впоследствии убиты сторонниками террористической группировки «Аль-Каида». 
Российские власти тогда пообещали принять меры «для поиска и уничтожения» виновных. Позднее один из лидеров «Аль-Каиды», которого считали причастным к преступлению, действительно был убит, хотя и не российскими силовиками, а американскими военными в ходе операции в Багдаде. Republic
</post>
<signature>

</signature>
<external_links>

</external_links>
<country>RU</country>
<main_image>https://republic.ru/uploads/og-image/77648.png?t=1482192265</main_image>
</document>
