<?xml version="1.0" encoding="UTF-8"?>
<document>
<type>mainstream</type>
<forum>http://wartakota.tribunnews.com/rss</forum>
<forum_title>Wartakota</forum_title>
<discussion_title>BREAKING NEWS: Duta Besar Rusia Ditembak Mati di Ankara Turki</discussion_title>
<language>malay</language>
<gmt_offset></gmt_offset>
<topic_url>http://wartakota.tribunnews.com/2016/12/20/breaking-news-duta-besar-rusia-ditembak-mati-di-ankara-turki</topic_url>
<topic_text>
» Internasional BREAKING NEWS: Duta Besar Rusia Ditembak Mati di Ankara Turki Duta Besar Rusia untuk Ankara ditembak mati dalam serangan di sanggar seni di ibukota Turki itu pada Senin oleh pria bersenjata. Selasa, 20 Desember 2016 07:02 AP PHOTO / NARCISO CONTRERAS FILE - Saat petang di daerah yang dikuasai oposisi Suriah di Aleppo, 29 November 2012. Bangunan tampak hancur termasuk RS Dar Al-Shifa. Foto ini salah satu dari 20 foto karya fotografer AP yang memenangkan Pulitzer Prize 2013 kategori foto Breaking News. 
WARTA KOTA, ANKARA - Duta Besar Rusia untuk Ankara ditembak mati dalam serangan di sanggar seni di Ibu Kota Turki itu pada Senin oleh pria bersenjata berteriak, &quot;Jangan lupakan Aleppo&quot;. 
Juru bicara kementerian luar negeri Rusia memastikan kematian Andrei Karlov itu, yang menandai salah satu dari limpasan paling parah dari perang Suriah ke Turki , lapor Reuters . 
Rusia adalah sekutu dekat Presiden Suriah Bashar al-Assad dan serangan udaranya berperan dalam membantu pasukan Suriah mengakhiri perlawanan pemberontak pada pekan lalu di kota utara, Aleppo. 
Kantor berita Anadolu menyatakan, pria bersenjata tersebut dilumpuhkan segera setelah serangan itu. 
Hubungan Moskow dengan Ankara sejak lama bermasalah atas perang itu, dengan keduanya mendukung pihak berlawanan. 
Penyerang itu berpakaian rapi dengan jas hitam dan dasi serta berdiri di belakang duta besar tersebut saat ia berpidato di pameran di sanggar tersebut, kata orang di tempat kejadian itu kepada Reuters . 
&quot;Dia mengambil pistol dan menembak duta besar itu dari belakang. Kami melihatnya terbaring di lantai dan kemudian kami berlari keluar,&quot; kata saksi itu, yang meminta tidak dikenali. 
Saksi lain di tempat kejadian itu mengatakan, tembakan terdengar untuk beberapa saat setelah serangan tersebut. 
Video menunjukkan penyerang berteriak, &quot;Jangan lupakan Aleppo. Jangan lupakan Suriah!&quot; 
Saat jeritan terdengar, pria bersenjata itu kemudian terlihat mondar-mandir dan berteriak sambil memegang pistol di satu tangan dan melambaikan tangan lain di udara.
</topic_text>
<spam_score>0.00</spam_score>
<post_num>1</post_num>
<post_id>post-1</post_id>
<post_url>http://wartakota.tribunnews.com/2016/12/20/breaking-news-duta-besar-rusia-ditembak-mati-di-ankara-turki</post_url>
<post_date>20161220</post_date>
<post_time>0002</post_time>
<username></username>
<post>
» Internasional BREAKING NEWS: Duta Besar Rusia Ditembak Mati di Ankara Turki Duta Besar Rusia untuk Ankara ditembak mati dalam serangan di sanggar seni di ibukota Turki itu pada Senin oleh pria bersenjata. Selasa, 20 Desember 2016 07:02 AP PHOTO / NARCISO CONTRERAS FILE - Saat petang di daerah yang dikuasai oposisi Suriah di Aleppo, 29 November 2012. Bangunan tampak hancur termasuk RS Dar Al-Shifa. Foto ini salah satu dari 20 foto karya fotografer AP yang memenangkan Pulitzer Prize 2013 kategori foto Breaking News. 
WARTA KOTA, ANKARA - Duta Besar Rusia untuk Ankara ditembak mati dalam serangan di sanggar seni di Ibu Kota Turki itu pada Senin oleh pria bersenjata berteriak, &quot;Jangan lupakan Aleppo&quot;. 
Juru bicara kementerian luar negeri Rusia memastikan kematian Andrei Karlov itu, yang menandai salah satu dari limpasan paling parah dari perang Suriah ke Turki , lapor Reuters . 
Rusia adalah sekutu dekat Presiden Suriah Bashar al-Assad dan serangan udaranya berperan dalam membantu pasukan Suriah mengakhiri perlawanan pemberontak pada pekan lalu di kota utara, Aleppo. 
Kantor berita Anadolu menyatakan, pria bersenjata tersebut dilumpuhkan segera setelah serangan itu. 
Hubungan Moskow dengan Ankara sejak lama bermasalah atas perang itu, dengan keduanya mendukung pihak berlawanan. 
Penyerang itu berpakaian rapi dengan jas hitam dan dasi serta berdiri di belakang duta besar tersebut saat ia berpidato di pameran di sanggar tersebut, kata orang di tempat kejadian itu kepada Reuters . 
&quot;Dia mengambil pistol dan menembak duta besar itu dari belakang. Kami melihatnya terbaring di lantai dan kemudian kami berlari keluar,&quot; kata saksi itu, yang meminta tidak dikenali. 
Saksi lain di tempat kejadian itu mengatakan, tembakan terdengar untuk beberapa saat setelah serangan tersebut. 
Video menunjukkan penyerang berteriak, &quot;Jangan lupakan Aleppo. Jangan lupakan Suriah!&quot; 
Saat jeritan terdengar, pria bersenjata itu kemudian terlihat mondar-mandir dan berteriak sambil memegang pistol di satu tangan dan melambaikan tangan lain di udara.
</post>
<signature>

</signature>
<external_links>

</external_links>
<country>US</country>
<main_image>http://cdn2.tstatic.net/wartakota/foto/bank/images/17112013-suriah-1.jpg</main_image>
</document>
