<?xml version="1.0" encoding="UTF-8"?>
<document>
<type>mainstream</type>
<forum>http://www.businesswire.com//portal/site/home/template.PAGE/news/?javax.portlet.tpst=ccf123a93466ea4c882a06a9149550fd&amp;javax.portlet.prp_ccf123a93466ea4c882a06a9149550fd_viewID=MY_PORTAL_VIEW&amp;javax.portlet.prp_ccf123a93466ea4c882a06a9149550fd_ndmHsc=v2*A1479560400000*B1482192316177*DgroupByDate*G525*N1000003&amp;javax.portlet.begCacheTok=com.vignette.cachetoken&amp;javax.portlet.endCacheTok=com.vignette.cachetoken</forum>
<forum_title>All News | Business Wire</forum_title>
<discussion_title>Global Nickel Bar, Profile and Rod to 2020 - Market Size, Growth, and Forecasts in Over 60 Countries</discussion_title>
<language>english</language>
<gmt_offset>-6</gmt_offset>
<topic_url>http://www.businesswire.com/news/home/20161125005173/en/Global-Nickel-Bar-Profile-Rod-Market-2020</topic_url>
<topic_text>
 &quot;Global Nickel Bar, Profile and Rod Market to 2020 - Market Size, Growth, and Forecasts in Over 60 Countries&quot;
The market data covers the years 2009-2020. The major questions answered in this comprehensive publication include:
What is the global market size for nickel bars, profiles and rods?
What is the nickel bar, profile and rod market size in different countries around the world?
Are the markets growing or decreasing?
How are the markets divided into different kinds of products?
How are different product groups developing?
How are the markets forecast to develop in the future?
Which are the most potential countries and markets?
The market information includes the total market size for nickel bars, profiles and rods as well as the market size and trends for the following kinds of products:
Nickel bars, profiles and rods (not alloyed)
Nickel bars, profiles and rods (alloyed)
The publication is designed for companies who want to gain a comprehensive perspective on the global nickel bar, profile and rod market. This publication makes it easy to compare across different countries and product groups to be able to find new market opportunities and make more profitable business decisions.
Key Topics Covered:
1. Argentina
2. Armenia
3. Australia
4. Austria
5. Azerbaijan
6. Bangladesh
7. Belgium
8. Brazil
9. Bulgaria
10. Canada
11. Chile
12. China
13. Colombia
14. Czech Republic
15. Denmark
16. Ecuador
17. Egypt
18. Estonia
19. Finland
20. France
21. Georgia
22. Germany
23. Greece
24. Hungary
25. India
26. Iran
27. Ireland
28. Israel
29. Italy
30. Japan
31. Jordan
32. Kazakhstan
33. Kuwait
34. Lithuania
35. Macedonia
36. Madagascar
37. Malaysia
38. Mexico
39. Morocco
40. Nepal
41. Netherlands
42. Norway
43. Oman
44. Pakistan
45. Panama
46. Philippines
47. Poland
48. Portugal
49. Romania
50. Russia
51. Slovakia
52. Slovenia
53. South Korea
54. Spain
55. Sri Lanka
56. Sweden
57. Thailand
58. Turkey
59. Ukraine
60. United Kingdom
61. United States
62. Vietnam
63. the World
 //www.researchandmarkets.com/research/622xx9/global_nickel
 Nickel
</topic_text>
<spam_score>0.01</spam_score>
<post_num>1</post_num>
<post_id>post-1</post_id>
<post_url>http://www.businesswire.com/news/home/20161125005173/en/Global-Nickel-Bar-Profile-Rod-Market-2020</post_url>
<post_date>20161125</post_date>
<post_time>1254</post_time>
<username>http://www.businesswire.com/</username>
<post>
 &quot;Global Nickel Bar, Profile and Rod Market to 2020 - Market Size, Growth, and Forecasts in Over 60 Countries&quot;
The market data covers the years 2009-2020. The major questions answered in this comprehensive publication include:
What is the global market size for nickel bars, profiles and rods?
What is the nickel bar, profile and rod market size in different countries around the world?
Are the markets growing or decreasing?
How are the markets divided into different kinds of products?
How are different product groups developing?
How are the markets forecast to develop in the future?
Which are the most potential countries and markets?
The market information includes the total market size for nickel bars, profiles and rods as well as the market size and trends for the following kinds of products:
Nickel bars, profiles and rods (not alloyed)
Nickel bars, profiles and rods (alloyed)
The publication is designed for companies who want to gain a comprehensive perspective on the global nickel bar, profile and rod market. This publication makes it easy to compare across different countries and product groups to be able to find new market opportunities and make more profitable business decisions.
Key Topics Covered:
1. Argentina
2. Armenia
3. Australia
4. Austria
5. Azerbaijan
6. Bangladesh
7. Belgium
8. Brazil
9. Bulgaria
10. Canada
11. Chile
12. China
13. Colombia
14. Czech Republic
15. Denmark
16. Ecuador
17. Egypt
18. Estonia
19. Finland
20. France
21. Georgia
22. Germany
23. Greece
24. Hungary
25. India
26. Iran
27. Ireland
28. Israel
29. Italy
30. Japan
31. Jordan
32. Kazakhstan
33. Kuwait
34. Lithuania
35. Macedonia
36. Madagascar
37. Malaysia
38. Mexico
39. Morocco
40. Nepal
41. Netherlands
42. Norway
43. Oman
44. Pakistan
45. Panama
46. Philippines
47. Poland
48. Portugal
49. Romania
50. Russia
51. Slovakia
52. Slovenia
53. South Korea
54. Spain
55. Sri Lanka
56. Sweden
57. Thailand
58. Turkey
59. Ukraine
60. United Kingdom
61. United States
62. Vietnam
63. the World
 //www.researchandmarkets.com/research/622xx9/global_nickel
 Nickel
</post>
<signature>

</signature>
<external_links>
<external_link>http://www.researchandmarkets.com/categories.asp?cat_id=767&amp;campaign_id=622xx9</external_link><external_link>http://www.researchandmarkets.com/research/622xx9/global_nickel</external_link>
</external_links>
<country>US</country>
<main_image>http://www.businesswire.com/images/bwlogo_square.png</main_image>
</document>
