<?xml version="1.0" encoding="UTF-8"?>
<document>
<type>mainstream</type>
<forum>http://www.boqnews.com/rss</forum>
<forum_title>Boqnews</forum_title>
<discussion_title>Branca de Neve</discussion_title>
<language>portuguese</language>
<gmt_offset></gmt_offset>
<topic_url>http://www.boqnews.com/agende-se/branca-de-neve/</topic_url>
<topic_text>
No Cine Arte – Posto 4, às 16h, 18h30 e 21h.   13:56 Da Redação 
Compartilhe 
Releitura do clássico dos Irmãos Grimm, “Branca de Neve” foge dos padrões e, usando a arte do cinema mudo, conta a história de Carmen (Macarena García) orfã, criada pela madrasta, Encarna (Maribel Verdú), com quem tem uma relação conturbada. Fugindo de seu passado e dos maus tratos, Carmen viaja para realizar o sonho de ser toureira e, para isso, contará com a ajuda de sete anões, que irão protegê-la. 
Programação em celebração aos 25 anos. Tradicional espaço cultural na orla do Gonzaga, o Cine Arte Posto 4 – Sala Rubens Ewald Filho comemora 25 anos neste mês de dezembro. Para festejar, exibe os 25 principais filmes que apresentou ao longo de sua trajetória, que compreendem as maiores bilheterias e produções raras. As sessões, com um filme apresentado por dia, ocorrem entre os dias 4 e 30, exceto nos dias 24 e 25. Agende-se: 25 anos de Cine Arte Posto 4 
Quando : Quarta-feira (28), às 16h, 18h30 e 21h. Classificação: 12 anos
</topic_text>
<spam_score>0.00</spam_score>
<post_num>1</post_num>
<post_id>post-1</post_id>
<post_url>http://www.boqnews.com/agende-se/branca-de-neve/</post_url>
<post_date>20161219</post_date>
<post_time>1556</post_time>
<username>Da Redação</username>
<post>
No Cine Arte – Posto 4, às 16h, 18h30 e 21h.   13:56 Da Redação 
Compartilhe 
Releitura do clássico dos Irmãos Grimm, “Branca de Neve” foge dos padrões e, usando a arte do cinema mudo, conta a história de Carmen (Macarena García) orfã, criada pela madrasta, Encarna (Maribel Verdú), com quem tem uma relação conturbada. Fugindo de seu passado e dos maus tratos, Carmen viaja para realizar o sonho de ser toureira e, para isso, contará com a ajuda de sete anões, que irão protegê-la. 
Programação em celebração aos 25 anos. Tradicional espaço cultural na orla do Gonzaga, o Cine Arte Posto 4 – Sala Rubens Ewald Filho comemora 25 anos neste mês de dezembro. Para festejar, exibe os 25 principais filmes que apresentou ao longo de sua trajetória, que compreendem as maiores bilheterias e produções raras. As sessões, com um filme apresentado por dia, ocorrem entre os dias 4 e 30, exceto nos dias 24 e 25. Agende-se: 25 anos de Cine Arte Posto 4 
Quando : Quarta-feira (28), às 16h, 18h30 e 21h. Classificação: 12 anos
</post>
<signature>

</signature>
<external_links>

</external_links>
<country>US</country>
<main_image>http://www.boqnews.com/wp-content/uploads/2016/12/369056.jpg-c_640_360_x-f_jpg-q_x-xxyxx.jpg</main_image>
</document>
