<?xml version="1.0" encoding="UTF-8"?>
<document>
<type>mainstream</type>
<forum>http://www.nieuws.be/rss/nieuws/Regio.rss</forum>
<forum_title>Nieuws.be - Rubriek &apos;Regio&apos;</forum_title>
<discussion_title>Prijs voor Dixie Dickx, Kapucijnenplein, Orgelkring</discussion_title>
<language>dutch</language>
<gmt_offset></gmt_offset>
<topic_url>http://www.nieuws.be/nieuws/Prijs_voor_Dixie_Dickx_Kapucijnenplein_Orgelkring_3f783331.aspx</topic_url>
<topic_text>
Prijs voor Dixie Dickx, Kapucijnenplein, Orgelkring Voor de twintigste keer heeft het Kommetéét va Pikke Stijkès haar jaarlijkse ordes uitgereikt. De laureaten zijn Etienne Blondeau die de Orde va Pikke Stijkès ontving, Roger Vanderweyden kreeg de Orde van den Dreepikkel en de Tiense Orgelkring werd Sosjetéét van &apos;t Joër. Lees meer » maandag 19 dec 20u56
</topic_text>
<spam_score>0.00</spam_score>
<post_num>1</post_num>
<post_id>post-1</post_id>
<post_url>http://www.nieuws.be/nieuws/Prijs_voor_Dixie_Dickx_Kapucijnenplein_Orgelkring_3f783331.aspx</post_url>
<post_date>20161219</post_date>
<post_time>1956</post_time>
<username>Nieuws.be</username>
<post>
Prijs voor Dixie Dickx, Kapucijnenplein, Orgelkring Voor de twintigste keer heeft het Kommetéét va Pikke Stijkès haar jaarlijkse ordes uitgereikt. De laureaten zijn Etienne Blondeau die de Orde va Pikke Stijkès ontving, Roger Vanderweyden kreeg de Orde van den Dreepikkel en de Tiense Orgelkring werd Sosjetéét van &apos;t Joër. Lees meer » maandag 19 dec 20u56
</post>
<signature>

</signature>
<external_links>

</external_links>
<country>BE</country>
<main_image></main_image>
</document>
