<?xml version="1.0" encoding="UTF-8"?>
<document>
<type>mainstream</type>
<forum>http://businessrecord.com/RSS/248</forum>
<forum_title>RSS Feed businessrecord.com : All Latest News</forum_title>
<discussion_title>Settlements reached in Medicare supplements mailing case</discussion_title>
<language>english</language>
<gmt_offset></gmt_offset>
<topic_url>http://www.businessrecord.com:80/Content/Default/-All-Latest-News/Article/Settlements-reached-in-Medicare-supplements-mailing-case/-3/248/75870</topic_url>
<topic_text>
Settlements reached in Medicare supplements mailing case Monday, December 19, 2016 3:40 PM The Iowa Insurance Division has reached settlements with Cynthia Fitzgerald, the Robert J. Stillwell Agency and Senior Direct Inc., requiring the payment of civil penalties to the state&apos;s Insurance Enforcement Fund, Insurance Commissioner Nick Gerhart announced. The enforcement actions, filed Oct. 17, alleged that mailings created and sent by Fitzgerald, the Robert J. Stillwell Agency, and Senior Direct misrepresented the terms of insurance policies and failed to make a required disclosure in the mailings, in addition to other violations. Senior Direct was ordered to pay $15,000 in civil penalties and is prohibited from misrepresenting the terms of insurance policies in its mailings. Fitzgerald and the Robert J. Stillwell Agency were ordered to pay $4,700 in civil penalties and are subject to additional supervision and terms during a one-year probation. Iowans with questions about Medicare supplement policies can contact the division&apos;s Senior Health Insurance Information Program by calling 800-351-4664.
</topic_text>
<spam_score>0.00</spam_score>
<post_num>1</post_num>
<post_id>post-1</post_id>
<post_url>http://www.businessrecord.com:80/Content/Default/-All-Latest-News/Article/Settlements-reached-in-Medicare-supplements-mailing-case/-3/248/75870</post_url>
<post_date>20161219</post_date>
<post_time>2140</post_time>
<username></username>
<post>
Settlements reached in Medicare supplements mailing case Monday, December 19, 2016 3:40 PM The Iowa Insurance Division has reached settlements with Cynthia Fitzgerald, the Robert J. Stillwell Agency and Senior Direct Inc., requiring the payment of civil penalties to the state&apos;s Insurance Enforcement Fund, Insurance Commissioner Nick Gerhart announced. The enforcement actions, filed Oct. 17, alleged that mailings created and sent by Fitzgerald, the Robert J. Stillwell Agency, and Senior Direct misrepresented the terms of insurance policies and failed to make a required disclosure in the mailings, in addition to other violations. Senior Direct was ordered to pay $15,000 in civil penalties and is prohibited from misrepresenting the terms of insurance policies in its mailings. Fitzgerald and the Robert J. Stillwell Agency were ordered to pay $4,700 in civil penalties and are subject to additional supervision and terms during a one-year probation. Iowans with questions about Medicare supplement policies can contact the division&apos;s Senior Health Insurance Information Program by calling 800-351-4664.
</post>
<signature>

</signature>
<external_links>

</external_links>
<country>US</country>
<main_image></main_image>
</document>
