<?xml version="1.0" encoding="UTF-8"?>
<document>
<type>mainstream</type>
<forum>http://ewallstreeter.com/rss.php?c=277</forum>
<forum_title>eWallstreeter</forum_title>
<discussion_title>Study Finds Social Media Detrimental To Self Body Image</discussion_title>
<language>english</language>
<gmt_offset></gmt_offset>
<topic_url>http://ewallstreeter.com/study-finds-social-media-detrimental-to-self-body-image-4991/</topic_url>
<topic_text>
Study Finds Social Media Detrimental To Self Body Image From CBS DenverDecember 19, 2016 - 12:40pm A study conducted on young women found that they regularly compare themselves to what they see on social media.
</topic_text>
<spam_score>0.00</spam_score>
<post_num>1</post_num>
<post_id>post-1</post_id>
<post_url>http://ewallstreeter.com/study-finds-social-media-detrimental-to-self-body-image-4991/</post_url>
<post_date>20161219</post_date>
<post_time>1740</post_time>
<username></username>
<post>
Study Finds Social Media Detrimental To Self Body Image From CBS DenverDecember 19, 2016 - 12:40pm A study conducted on young women found that they regularly compare themselves to what they see on social media.
</post>
<signature>

</signature>
<external_links>

</external_links>
<country>US</country>
<main_image>http://ewallstreeter.com/post-images/denver/study-finds-social-media-detrimental-to-self-body-image.jpg</main_image>
</document>
