<?xml version="1.0" encoding="UTF-8"?>
<document>
<type>mainstream</type>
<forum>http://espresso.repubblica.it/rss?sezione=espresso</forum>
<forum_title>Rss l&apos;Espresso</forum_title>
<discussion_title>Il viaggio di Frida: &quot;Baires&quot;, il romanzo firmato Rap</discussion_title>
<language>italian</language>
<gmt_offset></gmt_offset>
<topic_url>http://espresso.repubblica.it/visioni/cultura/2016/12/19/news/il-viaggio-di-frida-baires-il-romanzo-firmato-rap-1.291427</topic_url>
<topic_text>
Il viaggio di Frida: &quot;Baires&quot;, il... Libri Il viaggio di Frida: &quot;Baires&quot;, il romanzo firmato Rap Ricominciare. Da nuovi incontri. E da una terra lontana. Edita da Fazi l’opera più impudicamente autobiografica di Chiara Rapaccini di Oscar Cosulich 19 dicembre 2016 Gli “Amori Sfigati” di Chiara Rapaccini, in arte RAP, sono un appuntamento fisso per i lettori dell’Espresso. La cartoonist, affermata designer, pittrice e scultrice, affianca all’attività di illustratrice quella di scrittrice. Il suo “Le mosche del deserto” (2006, Maschietto editore) è il prezioso diario di lavorazione di “Le rose del deserto”, ultimo film diretto dal compianto Mario Monicelli, compagno dell’autrice: un testo illustrato che è una gioia per gli appassionati di cinema. Il romanzo “Baires” (Fazi Editore pp. 240, € 18), è l’opera più impudicamente autobiografica di Rapaccini, ma allo stesso tempo è aperta ad altre influenze, che vanno dalla “santeria” fino al noir. L’autrice racconta qui l’elaborazione del lutto per la perdita del compagno (chiamato semplicemente “il Vecchio”), attraverso il complicato viaggio in Argentina di Frida, stilista e disegnatrice per bambini (suo evidente alterego). Frida, annientata dalla perdita del marito, fugge in Argentina per allontanare i dolorosi flash che la perseguitano: incubi in cui il Vecchio è esanime tra le sue braccia, in una crudele rivisitazione della “Pietà” michelangiolesca; o teneri ma dolorosi ricordi delle notti trascorse insieme nel deserto, all’epoca delle riprese del suo ultimo film. Lo smarrimento della perdita è reso ancor più concreto dalle percezioni di Frida, sempre in bilico tra realtà e allucinazione. Sarà una sciamana, forse solo sognata, a dare a Frida la forza per tornare alla vita. © Riproduzione riservata
</topic_text>
<spam_score>0.00</spam_score>
<post_num>1</post_num>
<post_id>post-1</post_id>
<post_url>http://espresso.repubblica.it/visioni/cultura/2016/12/19/news/il-viaggio-di-frida-baires-il-romanzo-firmato-rap-1.291427</post_url>
<post_date>20161219</post_date>
<post_time>1203</post_time>
<username></username>
<post>
Il viaggio di Frida: &quot;Baires&quot;, il... Libri Il viaggio di Frida: &quot;Baires&quot;, il romanzo firmato Rap Ricominciare. Da nuovi incontri. E da una terra lontana. Edita da Fazi l’opera più impudicamente autobiografica di Chiara Rapaccini di Oscar Cosulich 19 dicembre 2016 Gli “Amori Sfigati” di Chiara Rapaccini, in arte RAP, sono un appuntamento fisso per i lettori dell’Espresso. La cartoonist, affermata designer, pittrice e scultrice, affianca all’attività di illustratrice quella di scrittrice. Il suo “Le mosche del deserto” (2006, Maschietto editore) è il prezioso diario di lavorazione di “Le rose del deserto”, ultimo film diretto dal compianto Mario Monicelli, compagno dell’autrice: un testo illustrato che è una gioia per gli appassionati di cinema. Il romanzo “Baires” (Fazi Editore pp. 240, € 18), è l’opera più impudicamente autobiografica di Rapaccini, ma allo stesso tempo è aperta ad altre influenze, che vanno dalla “santeria” fino al noir. L’autrice racconta qui l’elaborazione del lutto per la perdita del compagno (chiamato semplicemente “il Vecchio”), attraverso il complicato viaggio in Argentina di Frida, stilista e disegnatrice per bambini (suo evidente alterego). Frida, annientata dalla perdita del marito, fugge in Argentina per allontanare i dolorosi flash che la perseguitano: incubi in cui il Vecchio è esanime tra le sue braccia, in una crudele rivisitazione della “Pietà” michelangiolesca; o teneri ma dolorosi ricordi delle notti trascorse insieme nel deserto, all’epoca delle riprese del suo ultimo film. Lo smarrimento della perdita è reso ancor più concreto dalle percezioni di Frida, sempre in bilico tra realtà e allucinazione. Sarà una sciamana, forse solo sognata, a dare a Frida la forza per tornare alla vita. © Riproduzione riservata
</post>
<signature>

</signature>
<external_links>

</external_links>
<country>IT</country>
<main_image>http://espresso.repubblica.it/polopoly_fs/1.291457.1482159403!/httpImage/image.jpg_gen/derivatives/articolo_222/image.jpg</main_image>
</document>
