<?xml version="1.0" encoding="UTF-8"?>
<document>
<type>mainstream</type>
<forum>http://news.money.ca/</forum>
<forum_title>MONEY News - Canadian Money News - Financial News Canada</forum_title>
<discussion_title>Independent Bank Corporation Announces Appointment of Christina Keller to Its Board of Directors</discussion_title>
<language>english</language>
<gmt_offset>-6</gmt_offset>
<topic_url>http://money.ca/news/2016/12/19/independent-bank-corporation-announces-appointment-of-christina-keller-to-its-board-of-directors/</topic_url>
<topic_text>
GRAND RAPIDS, Mich., Dec. 19, 2016 (GLOBE NEWSWIRE) — Independent Bank Corporation (NASDAQ:IBCP), the holding company of Independent Bank, a Michigan-based community bank, announced that its Board of Directors appointed Christina Keller to the boards of the Corporation and the Bank. Ms. Keller is the President of the Cascade Business Team (CBT) of Cascade Engineering (CE), serving in this role since August of 2016. CBT consists of four of CE’s nine business units. CE is based in Grand Rapids and is a global manufacturing company supporting a diversity of strategic markets, including transportation, environmental services, office seating, material handling, polymer compounding, and radio frequency identification technology. CE employs approximately 1,600 people. Christina joined CE in 2009 after working in consulting in New York City and Washington, DC.
William B. (“Brad”) Kessel, the President and Chief Executive Officer of Independent Bank Corporation, commented: “We are pleased to add Christina to the Boards of Directors of both our parent company and the Bank. Her experience and leadership roles with a West Michigan based global manufacturing enterprise, as well as her strong educational background, make her an important addition to our organization.”
Christina Keller commented: “I am honored and excited to join the Board of Directors of Independent Bank Corporation. The Company has a strong dedication to the communities it serves. I look forward to working with such a talented and committed Board and management team.”
Ms. Keller is a graduate of Boston College with a Bachelor of Arts Degree in International Studies and also earned a Masters of Business Administration Degree from the Johnson School of Management at Cornell University.
Ms. Keller’s community activities include serving on the board of the Grand Rapids Community Foundation as well as involvement in Grand Angels, the Young President’s Organization and the Family Business Alliance. She holds a Master Black Belt Certificate in Lean Six Sigma from Villanova University.
About Independent Bank Corporation
Independent Bank Corporation (NASDAQ:IBCP) is a Michigan-based bank holding company with total assets of approximately $2.5 billion. Founded as First National Bank of Ionia in 1864, Independent Bank Corporation operates a branch network across Michigan’s Lower Peninsula through one state-chartered bank subsidiary. This subsidiary (Independent Bank) provides a full range of financial services, including commercial banking, mortgage lending, investments and title services. Independent Bank Corporation is committed to providing exceptional personal service and value to its customers, stockholders and the communities it serves.
For more information, please visit our website at: IndependentBank.com .
Contact: William B. Kessel, President and CEO, 616.447.3933 Robert N. Shuster, Chief Financial Officer, 616.522.1765
 Financial Services , Stock/Other Market News .
</topic_text>
<spam_score>0.00</spam_score>
<post_num>1</post_num>
<post_id>post-1</post_id>
<post_url>http://money.ca/news/2016/12/19/independent-bank-corporation-announces-appointment-of-christina-keller-to-its-board-of-directors/</post_url>
<post_date>20161219</post_date>
<post_time></post_time>
<username>money.ca</username>
<post>
GRAND RAPIDS, Mich., Dec. 19, 2016 (GLOBE NEWSWIRE) — Independent Bank Corporation (NASDAQ:IBCP), the holding company of Independent Bank, a Michigan-based community bank, announced that its Board of Directors appointed Christina Keller to the boards of the Corporation and the Bank. Ms. Keller is the President of the Cascade Business Team (CBT) of Cascade Engineering (CE), serving in this role since August of 2016. CBT consists of four of CE’s nine business units. CE is based in Grand Rapids and is a global manufacturing company supporting a diversity of strategic markets, including transportation, environmental services, office seating, material handling, polymer compounding, and radio frequency identification technology. CE employs approximately 1,600 people. Christina joined CE in 2009 after working in consulting in New York City and Washington, DC.
William B. (“Brad”) Kessel, the President and Chief Executive Officer of Independent Bank Corporation, commented: “We are pleased to add Christina to the Boards of Directors of both our parent company and the Bank. Her experience and leadership roles with a West Michigan based global manufacturing enterprise, as well as her strong educational background, make her an important addition to our organization.”
Christina Keller commented: “I am honored and excited to join the Board of Directors of Independent Bank Corporation. The Company has a strong dedication to the communities it serves. I look forward to working with such a talented and committed Board and management team.”
Ms. Keller is a graduate of Boston College with a Bachelor of Arts Degree in International Studies and also earned a Masters of Business Administration Degree from the Johnson School of Management at Cornell University.
Ms. Keller’s community activities include serving on the board of the Grand Rapids Community Foundation as well as involvement in Grand Angels, the Young President’s Organization and the Family Business Alliance. She holds a Master Black Belt Certificate in Lean Six Sigma from Villanova University.
About Independent Bank Corporation
Independent Bank Corporation (NASDAQ:IBCP) is a Michigan-based bank holding company with total assets of approximately $2.5 billion. Founded as First National Bank of Ionia in 1864, Independent Bank Corporation operates a branch network across Michigan’s Lower Peninsula through one state-chartered bank subsidiary. This subsidiary (Independent Bank) provides a full range of financial services, including commercial banking, mortgage lending, investments and title services. Independent Bank Corporation is committed to providing exceptional personal service and value to its customers, stockholders and the communities it serves.
For more information, please visit our website at: IndependentBank.com .
Contact: William B. Kessel, President and CEO, 616.447.3933 Robert N. Shuster, Chief Financial Officer, 616.522.1765
 Financial Services , Stock/Other Market News .
</post>
<signature>

</signature>
<external_links>
<external_link>http://cdn.nmcdn.us/js/connectV2.js</external_link><external_link>https://www.globenewswire.com/newsroom/ti?nf=NjY1NDMyMyMxNDM2MjEyIzIwMTk3MjY=</external_link><external_link>https://www.globenewswire.com/Tracker?data=qZN3WwGDwlF9YZWRUQRDODYC69N6YN0bkfMQDJuSguMDQuRswPWRljbaACzULztygNEFc9T9A0J5trhdZnWUyqQbZIPkK0BZbHHCRUGx9Uw=</external_link>
</external_links>
<country>US</country>
<main_image>https://www.globenewswire.com/newsroom/ti?nf=NjY1NDMyMyMxNDM2MjEyIzIwMTk3MjY=</main_image>
</document>
