<?xml version="1.0" encoding="UTF-8"?>
<document>
<type>mainstream</type>
<forum>http://paginanoticias.com/topnewsRSS.php</forum>
<forum_title>Una Página de Noticias - titulares principales</forum_title>
<discussion_title>Camila Cabello se separa de Fifth Harmony</discussion_title>
<language>spanish</language>
<gmt_offset></gmt_offset>
<topic_url>http://www.paginanoticias.com/n/Deportes/759xp0lgu/Camila-Cabello-se-separa-de-Fifth-Harmony.htm</topic_url>
<topic_text>
Camila Cabello se separa de Fifth Harmony   3 horas Richard ⚡️ “Camila Cabello se separa de Fifth Harmony” https://t.co/JZjB41LsBi https://t.co/ZghpAaQiJs hace 4 minutos RT vía: ElNacionalWeb Camila Cabello se separa de Fifth Harmony https://t.co/Zc77BonHKc hace 12 minutos El Nacional Camila Cabello se separa de Fifth Harmony https://t.co/oT5nX5o5L3 hace 15 minutos claudia 27/09 RT @twdftcamren : &quot;Camila Cabello se separa de Fifth Harmony&quot; Como la dejaron mal parada a Camila los manager la puta madre #5hChangeYourMa … hace 52 minutos AdiZღ Osornღ RT @aztecatrends : No, no se trata de una mala broma 😱 ¡ @camilacabello97 se separa de @FifthHarmony ! 👉🏼 https://t.co/n18MIztKTQ https://t.co… hace 54 minutos Florencia Airale 💗 ⚡ Camila Cabello se separa de Fifth Harmony https://t.co/5ZxHwQMYUv hace 1 hora
</topic_text>
<spam_score>0.00</spam_score>
<post_num>1</post_num>
<post_id>post-1</post_id>
<post_url>http://www.paginanoticias.com/n/Deportes/759xp0lgu/Camila-Cabello-se-separa-de-Fifth-Harmony.htm</post_url>
<post_date>20161219</post_date>
<post_time>2041</post_time>
<username></username>
<post>
Camila Cabello se separa de Fifth Harmony   3 horas Richard ⚡️ “Camila Cabello se separa de Fifth Harmony” https://t.co/JZjB41LsBi https://t.co/ZghpAaQiJs hace 4 minutos RT vía: ElNacionalWeb Camila Cabello se separa de Fifth Harmony https://t.co/Zc77BonHKc hace 12 minutos El Nacional Camila Cabello se separa de Fifth Harmony https://t.co/oT5nX5o5L3 hace 15 minutos claudia 27/09 RT @twdftcamren : &quot;Camila Cabello se separa de Fifth Harmony&quot; Como la dejaron mal parada a Camila los manager la puta madre #5hChangeYourMa … hace 52 minutos AdiZღ Osornღ RT @aztecatrends : No, no se trata de una mala broma 😱 ¡ @camilacabello97 se separa de @FifthHarmony ! 👉🏼 https://t.co/n18MIztKTQ https://t.co… hace 54 minutos Florencia Airale 💗 ⚡ Camila Cabello se separa de Fifth Harmony https://t.co/5ZxHwQMYUv hace 1 hora
</post>
<signature>

</signature>
<external_links>

</external_links>
<country>US</country>
<main_image>http://cdnes.newsserve.net/ONPglobe128.png</main_image>
</document>
