<?xml version="1.0" encoding="UTF-8"?>
<document>
<type>mainstream</type>
<forum>http://espresso.repubblica.it/rss?sezione=espresso</forum>
<forum_title>Rss l&apos;Espresso</forum_title>
<discussion_title>Birra artigianale, benefici fiscali addio</discussion_title>
<language>italian</language>
<gmt_offset></gmt_offset>
<topic_url>http://espresso.repubblica.it/attualita/2016/12/15/news/birra-artigianale-benefici-fiscali-addio-1.291276</topic_url>
<topic_text>
Imprese Birra artigianale, benefici fiscali addio Alla riduzione delle accise prevista dalla legge di Stabilità avrebbero dovuto seguire ulteriori norme ad hoc per sostenere il settore dei piccoli birrifici. Ma la discussione lampo imposta al Senato dalle dimissioni di Renzi ha fatto tramontare tutte le speranze. E un sorso su due se lo beve il fisco di Sara Dellabella 19 dicembre 2016 500 microbirrifici presenti in Italia possono dire addio ai benefici fiscali promessi dal governo. La bocciatura del referendum costituzionale ha travolto anche loro che aspettavano delle misure concrete per un settore che da solo porta nelle casse dello Stato circa 4 miliardi di euro tra accise, iva e imposte di varia natura. Il comparto in Italia dà lavoro a 137 mila persone e il numero dei microbirrifici è quintiplicato negli ultimi cinque anni. Dopo la riduzione delle accise introdotta nella prima, e ultima, lettura della legge di stabilità, il Sottosegretario al Ministero dell&apos;Economia, Pierpaolo Baretta, aveva promesso ulteriori norme ad hoc per sostenere il settore dei piccoli birrifici, ma la discussione lampo imposta al Senato dalle dimissioni di Renzi ha fatto tramontare tutte le speranze. Tuttavia i diretti interessati sono tutt&apos;altro che sollevati dalla riduzione delle accise che finiranno per agevolare solo i grandi produttori. Elio Miceli , tra i fondatori di Birradamare , esperienza nata a Fiumicino, lo dice chiaramente “0,02 centesimi di sconto per me che produco 4000 ettolitri l&apos;anno, cosa volete che siano? piuttosto i problemi sono altrove&quot;. E in effetti, a conti fatti, l’anno prossimo risparmierà appena 8 mila euro. Di diverso avviso è Tommaso Norsa , uno dei primi a produrre birra artigianale in Italia e oggi proprietario di Hibu . “Sono deluso, ma c’è da dire che si è aperto uno spiraglio di attenzione sul nostro settore. E poi è la prima volta che si riducono le accise”. Le nostre birre artigianali oltre a prendere piede in Italia, sono molto apprezzate anche all’estero. Soprattutto in Usa, Canada, Australia e Giappone e qui iniziano i veri problemi. Le burocrazie doganali per questi piccoli artigiani sono il vero cruccio. Spesso da una dogana all&apos;altra è complicato farsi riconoscere i documenti di trasporto, magari per un timbro poco leggibile, e così ottenere il rimborso delle accise pagate alla produzione diventa una via crucis. “Attualmente ho fuori 30mila euro e chissà quando riuscirò a recuperarli. – racconta Elio - Perché se l’Unione Europea è una, le dogane sono ancora 28 e ognuna agisce secondo regole proprie”. Ma i guai non finiscono qui. Aveva ragione Baretta a promettere un provvedimento specifico che ricalcasse la direttiva Ue in materia che definisce la birra artigianale quella che non subisce processi di pastorizzazione e che non superi una produzione per stabilimento di 200 mila ettolitri l’anno. Numeri che sono molto lontani da quelli dei nostri piccoli birrifici, ma che in Paesi con una lunga tradizione come il Belgio, Germania e Austria rappresentano realtà consolidate. Ma la tradizione soprattutto dei piccoli, di sposare l’antica arte della fermentazione con la qualità dei prodotti locali è oramai una realtà anche italiana. Spezie, caffè, cioccolato, liquirizia, miele, rosa, sono i retrogusti che si assaporano sorsando queste birre. Così ogni birra diventa una scoperta. Al Birrificio di Cagliari hanno inventato la birra al fico d’india, allo stabilimento Amarelli di Rossano Calabro non poteva mancare la birra alla liquirizia, a Fiumicino i ragazzi di Birradamare hanno realizzato una birra con note di caffè e cioccolato, mentre odorando la birra di Hibu è possibile scorgere delle note profumate di pompelmo e mandarino. Ad oggi però, spiegano da Assobirra che raccoglie tutti i birrifici italiani, un sorso su due se lo beve il fisco. Ed è ovvio che a soffrirne di più sono i piccolissimi produttori che chiedono che si arrivi ad una tassazione più equa. Perché le statistiche dimostrano che ogni abitante consuma 30 litri di birra l’anno e che le “chiare” oggi abitano la tavola degli italiani con la stessa dignità del vino. Ma con una differenza, impercettibile al palato: quest’ultimo gode di un’accisa pari a zero. Uno squilibrio non giustificato a parere dei produttori, soprattutto se confrontato con gli altri Paesi Ue dove la birra è tassata in maniera più leggera. Quindi meno tasse e meno burocrazia per i piccoli birrifici è la richiesta che i produttori italiani rivolgono al nuovo governo, sperando che le promesse del vecchio diventino presto realtà. Tag
</topic_text>
<spam_score>0.00</spam_score>
<post_num>1</post_num>
<post_id>post-1</post_id>
<post_url>http://espresso.repubblica.it/attualita/2016/12/15/news/birra-artigianale-benefici-fiscali-addio-1.291276</post_url>
<post_date>20161219</post_date>
<post_time>0051</post_time>
<username></username>
<post>
Imprese Birra artigianale, benefici fiscali addio Alla riduzione delle accise prevista dalla legge di Stabilità avrebbero dovuto seguire ulteriori norme ad hoc per sostenere il settore dei piccoli birrifici. Ma la discussione lampo imposta al Senato dalle dimissioni di Renzi ha fatto tramontare tutte le speranze. E un sorso su due se lo beve il fisco di Sara Dellabella 19 dicembre 2016 500 microbirrifici presenti in Italia possono dire addio ai benefici fiscali promessi dal governo. La bocciatura del referendum costituzionale ha travolto anche loro che aspettavano delle misure concrete per un settore che da solo porta nelle casse dello Stato circa 4 miliardi di euro tra accise, iva e imposte di varia natura. Il comparto in Italia dà lavoro a 137 mila persone e il numero dei microbirrifici è quintiplicato negli ultimi cinque anni. Dopo la riduzione delle accise introdotta nella prima, e ultima, lettura della legge di stabilità, il Sottosegretario al Ministero dell&apos;Economia, Pierpaolo Baretta, aveva promesso ulteriori norme ad hoc per sostenere il settore dei piccoli birrifici, ma la discussione lampo imposta al Senato dalle dimissioni di Renzi ha fatto tramontare tutte le speranze. Tuttavia i diretti interessati sono tutt&apos;altro che sollevati dalla riduzione delle accise che finiranno per agevolare solo i grandi produttori. Elio Miceli , tra i fondatori di Birradamare , esperienza nata a Fiumicino, lo dice chiaramente “0,02 centesimi di sconto per me che produco 4000 ettolitri l&apos;anno, cosa volete che siano? piuttosto i problemi sono altrove&quot;. E in effetti, a conti fatti, l’anno prossimo risparmierà appena 8 mila euro. Di diverso avviso è Tommaso Norsa , uno dei primi a produrre birra artigianale in Italia e oggi proprietario di Hibu . “Sono deluso, ma c’è da dire che si è aperto uno spiraglio di attenzione sul nostro settore. E poi è la prima volta che si riducono le accise”. Le nostre birre artigianali oltre a prendere piede in Italia, sono molto apprezzate anche all’estero. Soprattutto in Usa, Canada, Australia e Giappone e qui iniziano i veri problemi. Le burocrazie doganali per questi piccoli artigiani sono il vero cruccio. Spesso da una dogana all&apos;altra è complicato farsi riconoscere i documenti di trasporto, magari per un timbro poco leggibile, e così ottenere il rimborso delle accise pagate alla produzione diventa una via crucis. “Attualmente ho fuori 30mila euro e chissà quando riuscirò a recuperarli. – racconta Elio - Perché se l’Unione Europea è una, le dogane sono ancora 28 e ognuna agisce secondo regole proprie”. Ma i guai non finiscono qui. Aveva ragione Baretta a promettere un provvedimento specifico che ricalcasse la direttiva Ue in materia che definisce la birra artigianale quella che non subisce processi di pastorizzazione e che non superi una produzione per stabilimento di 200 mila ettolitri l’anno. Numeri che sono molto lontani da quelli dei nostri piccoli birrifici, ma che in Paesi con una lunga tradizione come il Belgio, Germania e Austria rappresentano realtà consolidate. Ma la tradizione soprattutto dei piccoli, di sposare l’antica arte della fermentazione con la qualità dei prodotti locali è oramai una realtà anche italiana. Spezie, caffè, cioccolato, liquirizia, miele, rosa, sono i retrogusti che si assaporano sorsando queste birre. Così ogni birra diventa una scoperta. Al Birrificio di Cagliari hanno inventato la birra al fico d’india, allo stabilimento Amarelli di Rossano Calabro non poteva mancare la birra alla liquirizia, a Fiumicino i ragazzi di Birradamare hanno realizzato una birra con note di caffè e cioccolato, mentre odorando la birra di Hibu è possibile scorgere delle note profumate di pompelmo e mandarino. Ad oggi però, spiegano da Assobirra che raccoglie tutti i birrifici italiani, un sorso su due se lo beve il fisco. Ed è ovvio che a soffrirne di più sono i piccolissimi produttori che chiedono che si arrivi ad una tassazione più equa. Perché le statistiche dimostrano che ogni abitante consuma 30 litri di birra l’anno e che le “chiare” oggi abitano la tavola degli italiani con la stessa dignità del vino. Ma con una differenza, impercettibile al palato: quest’ultimo gode di un’accisa pari a zero. Uno squilibrio non giustificato a parere dei produttori, soprattutto se confrontato con gli altri Paesi Ue dove la birra è tassata in maniera più leggera. Quindi meno tasse e meno burocrazia per i piccoli birrifici è la richiesta che i produttori italiani rivolgono al nuovo governo, sperando che le promesse del vecchio diventino presto realtà. Tag
</post>
<signature>

</signature>
<external_links>

</external_links>
<country>IT</country>
<main_image>http://espresso.repubblica.it/polopoly_fs/1.291278.1481817029!/httpImage/image.jpeg_gen/derivatives/articolo_222/image.jpeg</main_image>
</document>
