<?xml version="1.0" encoding="UTF-8"?>
<document>
<type>mainstream</type>
<forum></forum>
<forum_title></forum_title>
<discussion_title>Newsbreak - December 20</discussion_title>
<language>english</language>
<gmt_offset></gmt_offset>
<topic_url>https://au.news.yahoo.com/video/watch/33613884/newsbreak-december-20/</topic_url>
<topic_text>
Share Newsbreak - December 20 
Man behind bars as two-year-old girl fights for life, new leads in search for missing Melbourne mum, and reports that Margot Robbie is now married. Most Viewed 
</topic_text>
<spam_score>0.13</spam_score>
<post_num>1</post_num>
<post_id>post-1</post_id>
<post_url>https://au.news.yahoo.com/video/watch/33613884/newsbreak-december-20/</post_url>
<post_date>20161220</post_date>
<post_time></post_time>
<username>Published Hrs</username>
<post>
Share Newsbreak - December 20 
Man behind bars as two-year-old girl fights for life, new leads in search for missing Melbourne mum, and reports that Margot Robbie is now married. Most Viewed 
</post>
<signature>

</signature>
<external_links>

</external_links>
<country>AU</country>
<main_image>https://s.yimg.com/iu/api/res/1.2/nwCk97oEVXWAt.vnd912dA--/YXBwaWQ9eXZpZGVvO3c9MjYzO2g9MjAwO2R4PTg1O2R5PTE7Y3c9NDcyO2NoPTM1OTtxPTcwO3VsY3JvcDtyb3RhdGU9YXV0bw--/https://s.yimg.com/ea/img/-/161220/58583e46af34b_2016_12_19t18_00_48.566z_640x360.jpg</main_image>
</document>
