<?xml version="1.0" encoding="UTF-8"?>
<document>
<type>mainstream</type>
<forum>http://www.elaph.com/news/arab.htm</forum>
<forum_title>Elaph - إيلاف </forum_title>
<discussion_title>سويسرا ترفض قوانين الإرث الإسلامي</discussion_title>
<language>arabic</language>
<gmt_offset>0</gmt_offset>
<topic_url>http://www.elaph.com/Web/News/2016/12/1124378.html</topic_url>
<topic_text>
جنيف: اعتبرت المحكمة، وهي اعلى سلطة قضائية في سويسرا، ان استثناء الارملة من الارث بسبب كونها غير مسلمة (مسيحية) يتعارض مع &quot;النظام العام السويسري&quot;. يتعلق الأمر بحالة مليونير مصري مسلم توفي في 2007 في باريس عن سن 67 عامًا. والرجل الذي ليس له ابناء كان متزوجًا بألمانية مسيحية.
إلى التمييز
وطالب اشقاء وشقيقات المليونير من القضاء في كل الدول التي لديه املاك فيها، باملاك شقيقهم المتوفي كافة بموجب القانون المصري المستوحى من الشريعة الاسلامية. وبحسب قرار المحكمة، فإن اخوة المتوفي طالبوا بكل الاموال المودعة في مصرفين سويسريين، وذلك بناء على شهادة وراثة مصرية.
وقالت دينيز فاغنر ميسياكا محامية الورثة &quot;ربحنا القضية في المستوى الابتدائي، ثم خسرناها في الاستئناف، والان في التمييز&quot;.
هذه القضية في جنيف ليست الا واحدة من الخلافات المتعددة بين اخوة المتوفي وارملته.
ففي 2008، اعلن القضاء الالماني الارملة وريثة لنصف املاك زوجها الراحل في المانيا، وعاد النصف الاخر الى اخوته. كما فتحت محاكمة اثر وفاة المليونير المصري امام محكمة الاستئناف في باريس، التي اقرت باختصاص القضاء الفرنسي في تقرير لمن تعود بناية للمتوفي في العاصمة الفرنسية. والمتوفي الثري الذي لم يكشف اسمه كان يملك عقارات في فرنسا ومصر. وكان يملك حسابات بنكية في فرنسا والمانيا وسويسرا.
</topic_text>
<spam_score>0.20</spam_score>
<post_num>12</post_num>
<post_id>post-12</post_id>
<post_url>http://www.elaph.com/Web/News/2016/12/1124378.html</post_url>
<post_date>20161215</post_date>
<post_time></post_time>
<username>من كتابهم (المقدس)3</username>
<post>
وتلاعب مؤسسو العقيدة الجديدة -كعادتهم- بدلالة الألفاظ التوراتية ليجعلوها متسقة مع العقيدة الهجينة التي ادخلوها ,فقلبوا معنى الفداء بحيث أصبح الفادي هو (المضحي) بدلا عن (المنقذ) واصبح المخلص هو (الحامل لخطايا البشر) بدلا من( الهادي) والمخلص من الضلال كما هو مفهوم من نصوص التوراة الكثيرة ,حيث تطلق تسمية الفادي على الله وكذلك على موسى(أخرجكم الرب بيد شديدة، وفداكم من بيت العبودية من يد فرعون ملك مصر) سفر التثنية 7/8(اغفر لشعبك إسرائيل الذي فديت يا رب، ولا تجعل دم بري في وسط شعبك إسرائيل، فيغفر لهم ) التثنية 21/8-9 (هذا موسى الذي أنكروه قائلين:من أقامك رئيساً وقاضياً،هذا أرسله الله رئيساً وفادياً بيد الملاك الذي ظهر له في العليقة) أعمال الرسل 7 وبالإضافة إلى التلاعب بالمعاني ونسف مفهوم التوبة والمغفرة وحصرهما في إرضاء الشهوة الدموية للرب من خلال سفك الدم وتقديمه كقربان مفضل ووحيد مقبول من الرب, نجد تناقضات أخلاقية فادحة تغافل عنها المؤسسون لهذه الفكرة من قبيل تكرار العقوبة واستدامتها من أجل خطأ واحد, فقد تم معاقبة آدم وحواء بالطرد من الجنة, وإضافة عقوبة التعب والشقاء المستمرين ,وفوق كل ذلك سيكون مصيرهما جهنم ,مالم يحدث الفداء بسفك الدم المقدس.وايضا نجد تناقض واضح في مفهوم العدل الذي يستوجب (شخصية العقوبة) بينما نجد العقيدة الهجينة تؤكد على سريان العقوبة على جميع ذرية الإنسان المخطئ!!(لا تموت الآباء لأجل البنين، ولا البنون يموتون لأجل الآباء، بل كل واحد يموت لأجل خطيته) أيام (2) 25/4 .ومن التناقضات الغريبة ان عقيدة الفداء تقلب كل مفاهيم المنطق فيصبح الأعلى فاديا للادنى!, وللتوضيح:المنطقي مثلا ان يضحي الإنسان بنفسه او ابنه من اجل الوطن, لكن من غير المنطقي ان يكون الوطن فداء للشخص وكذلك نجد الخطيئة والتي هي (عمل) يقدم عليه الإنسان تتحول الى جين وراثي! وكأنها مرض او لون شعر اوعيون !فلو صح منطقيا وراثة الخطيئة (العمل) فهل يرث أبناء من يقوم بالسرقة او الكذب او بناء مستشفى عمله وراثيا ؟!ومن التناقضات هو اختراع فكرة عجيبة تقول ان مغفرة الله وعفوه تتناقض مع عدله وان الله ملزم بتنفيذ العقوبة!وهذا يخالف كثير من النصوص والقصص في الكتاب المقدس ,حيث نرى الرب يغفر لقوم النبي يونان ويقرر عدم معاقبتهم وتكرر الأمر مع بني إسرائيل حين تدخل موسى وتوسل وتوسط , فتراجع الرب عن وعيده بعقوبتهم .وفي الإنجيل نجد الرب ,حينما كان متجسدا بشخص يسوع ,لا يقيم العقوبة المفروضة على الزانية ويعفو عنها بلا سفك دم ان المغالطات التي تستند عليها عقيدة الفداء والخطيئة الموروثة من الكثرة بمكان, حيث لا يستطيع مقال واحد استيعابها ,وستكون لنا عودة لمناقشة أوسع لهذا الموضوع وتتبع هذه الفكرة الوثنية من جذورها .وفي هذا المقال سأركز على تناقض مهم ومفصلي وهو الجمع بين (إنسانية) الرب المتجسد وبين (طهرانيته) من الخطيئة الموروثة ,كي يصبح مؤهلا ليكون الذبيحة الطاهرة التي سيتم سفك دمها ليرضى الرب وينجو المؤمنون ويخلصوا!لو سلمنا أن الرب الخالق قرر ان يكون انسانا ,
</post>
<signature>

</signature>
<external_links>

</external_links>
<country>GB</country>
<main_image>http://www.myelaph.com/Web/ImageHandlers/ResizeImageHandler.ashx?ImageUrl=/elaphweb/Resources/images/Politics/2016/12/week2/swicce_kada2.jpg&amp;amp;Width=600</main_image>
</document>
