<?xml version="1.0" encoding="UTF-8"?>
<document>
<type>mainstream</type>
<forum>http://mysuncoast.com/search/?q=&amp;t=article&amp;l=25&amp;d=&amp;d1=&amp;d2=&amp;s=start_time&amp;sd=desc&amp;c[]=ap/domestic*&amp;f=rss</forum>
<forum_title>www.mysuncoast.com - RSS Results in ap/domestic* of type article</forum_title>
<discussion_title>NC&apos;s GOP governor to sign law weakening Dem successor&apos;s role</discussion_title>
<language>english</language>
<gmt_offset></gmt_offset>
<topic_url>http://www.mysuncoast.com/ap/domestic/nc-s-gop-governor-to-sign-law-weakening-dem-successor/article_cd3d7a48-9936-5afb-a12e-d30ae9c46ac3.html</topic_url>
<topic_text>
NC&apos;s GOP governor to sign law weakening Dem successor&apos;s role By EMERY P. DALESIO 0 
RALEIGH, N.C. (AP) — Outgoing Republican Gov. Pat McCrory says he&apos;s signing legislation that strips his Democratic successor of significant powers over his upcoming administration that McCrory enjoyed. 
McCrory issued a statement Monday saying he would sign the legislation passed last week despite misgivings that it requires Democrat Roy Cooper to have his top agency heads confirmed by lawmakers. 
Republicans hold a veto-proof majority in both chambers of the state&apos;s General Assembly. 
The legislation McCrory said he would sign also cuts the number of political appointees Cooper could hire to help run his agencies. The Democrat will be able to pick up to 425 state employees, compared with a cap of 1,500 for McCrory. Right Now
</topic_text>
<spam_score>0.00</spam_score>
<post_num>1</post_num>
<post_id>post-1</post_id>
<post_url>http://www.mysuncoast.com/ap/domestic/nc-s-gop-governor-to-sign-law-weakening-dem-successor/article_cd3d7a48-9936-5afb-a12e-d30ae9c46ac3.html</post_url>
<post_date>20161219</post_date>
<post_time>2323</post_time>
<username>EMERY P. DALESIO</username>
<post>
NC&apos;s GOP governor to sign law weakening Dem successor&apos;s role By EMERY P. DALESIO 0 
RALEIGH, N.C. (AP) — Outgoing Republican Gov. Pat McCrory says he&apos;s signing legislation that strips his Democratic successor of significant powers over his upcoming administration that McCrory enjoyed. 
McCrory issued a statement Monday saying he would sign the legislation passed last week despite misgivings that it requires Democrat Roy Cooper to have his top agency heads confirmed by lawmakers. 
Republicans hold a veto-proof majority in both chambers of the state&apos;s General Assembly. 
The legislation McCrory said he would sign also cuts the number of political appointees Cooper could hire to help run his agencies. The Democrat will be able to pick up to 425 state employees, compared with a cap of 1,500 for McCrory. Right Now
</post>
<signature>

</signature>
<external_links>

</external_links>
<country>US</country>
<main_image>http://bloximages.newyork1.vip.townnews.com/mysuncoast.com/content/tncms/custom/image/a22f9e32-9527-11e5-86b1-b3fea9e37d1f.jpg?_dc=1448643316</main_image>
</document>
