<?xml version="1.0" encoding="UTF-8"?>
<document>
<type>mainstream</type>
<forum>http://www.pernambuco.com/rss/rss_ultimas/</forum>
<forum_title>Últimas Notícias</forum_title>
<discussion_title>Colégio Eleitoral confirma Donald Trump como presidente dos EUA</discussion_title>
<language>portuguese</language>
<gmt_offset></gmt_offset>
<topic_url>http://www.diariodepernambuco.com.br/app/noticia/mundo/2016/12/19/interna_mundo,680828/colegio-eleitoral-confirma-donald-trump-como-presidente-dos-eua.shtml</topic_url>
<topic_text>
Eleiушes Colжgio Eleitoral confirma Donald Trump como presidente dos EUA Republicano garantiu sua vitзria ao superar os 270 votos necessрrios dentro do Colжgio, e, assim, substituirр em 20 de janeiro o atual ocupante da Casa Branca, Barack Obama 
Por: - Agence France-Presse 
  21:01 Atualizado em: O presidente eleito Donald Trump em Orlando, Flзrida. Foto: Jim Watson/AFP Photo Washington - O Colégio Eleitoral dos Estados Unidos nomeou formalmente nesta segunda-feira Donald Trump para a presidência, apesar da intensa campanha para que seus integrantes mudassem o voto na última hora, informou a imprensa local. Trump garantiu sua vitória ao superar os 270 votos necessários dentro do Colégio, e, assim, substituirá em 20 de janeiro o atual ocupante da Casa Branca, Barack Obama. &quot;Parabéns a Donald Trump, oficialmente eleito Presidente dos Estados Unidos nesta segunda-feira pelo Colégio Eleitoral&quot;, manifestou-se no Twitter o vice-presidente eleito, Mike Pence. Nas eleições de 8 de novembro, a democrata Hillary Clinton obteve quase três milhões de votos a mais que Trump, mas o bilionário a superou em alguns estados que lhe deram um maior número de delegados que integram o Colégio Eleitoral e, assim, garantiu sua vitória. Os Estados Unidos têm um sistema indireto de eleição presidencial. Segundo a lei, os grandes eleitores (ou delegados) se reúnem em cada estado e declaram seus votos. O Congresso deverá anunciar formalmente o resultado no próximo 6 de janeiro. Tradicionalmente, as reuniões do Colégio Eleitoral americano raramente chamam atenção, mas este ano, com a vitória de Trump, tornaram-se o entro de uma intensa polêmica. Pelo menos um delegado do Colégio Eleitoral com a responsabilidade de votar em Trump havia antecipado que não cumpriria o compromisso e passou a receber centenas de cartas e mensagens ao dia, tanto de condenação quanto de apoio, e algumas ameaças. Apesar dos esforços para bloquear a confirmação da vitória de Trump, os primeiros números sugerem que mais eleitores de Hillary mudaram de opinião na última hora. Segundo o site especializado Politico, ao menos sete eleitores de Hillary tentaram votar contra ela, embora três tenham sido substituídos no último momento por pessoas que mantiveram o compromisso. No estado de Washington (noroeste do país), três eleitores democratas ignoraram Hillary e votaram no ex-secretário de Estado Colin Powell, enquanto o quarto votou em um ativista local, destacou o Politico. Os comentрrios abaixo nсo representam a opiniсo do jornal Diario de Pernambuco; a responsabilidade ж do autor da mensagem. Polьcia
</topic_text>
<spam_score>0.00</spam_score>
<post_num>1</post_num>
<post_id>post-1</post_id>
<post_url>http://www.diariodepernambuco.com.br/app/noticia/mundo/2016/12/19/interna_mundo,680828/colegio-eleitoral-confirma-donald-trump-como-presidente-dos-eua.shtml</post_url>
<post_date>20161220</post_date>
<post_time>0001</post_time>
<username></username>
<post>
Eleiушes Colжgio Eleitoral confirma Donald Trump como presidente dos EUA Republicano garantiu sua vitзria ao superar os 270 votos necessрrios dentro do Colжgio, e, assim, substituirр em 20 de janeiro o atual ocupante da Casa Branca, Barack Obama 
Por: - Agence France-Presse 
  21:01 Atualizado em: O presidente eleito Donald Trump em Orlando, Flзrida. Foto: Jim Watson/AFP Photo Washington - O Colégio Eleitoral dos Estados Unidos nomeou formalmente nesta segunda-feira Donald Trump para a presidência, apesar da intensa campanha para que seus integrantes mudassem o voto na última hora, informou a imprensa local. Trump garantiu sua vitória ao superar os 270 votos necessários dentro do Colégio, e, assim, substituirá em 20 de janeiro o atual ocupante da Casa Branca, Barack Obama. &quot;Parabéns a Donald Trump, oficialmente eleito Presidente dos Estados Unidos nesta segunda-feira pelo Colégio Eleitoral&quot;, manifestou-se no Twitter o vice-presidente eleito, Mike Pence. Nas eleições de 8 de novembro, a democrata Hillary Clinton obteve quase três milhões de votos a mais que Trump, mas o bilionário a superou em alguns estados que lhe deram um maior número de delegados que integram o Colégio Eleitoral e, assim, garantiu sua vitória. Os Estados Unidos têm um sistema indireto de eleição presidencial. Segundo a lei, os grandes eleitores (ou delegados) se reúnem em cada estado e declaram seus votos. O Congresso deverá anunciar formalmente o resultado no próximo 6 de janeiro. Tradicionalmente, as reuniões do Colégio Eleitoral americano raramente chamam atenção, mas este ano, com a vitória de Trump, tornaram-se o entro de uma intensa polêmica. Pelo menos um delegado do Colégio Eleitoral com a responsabilidade de votar em Trump havia antecipado que não cumpriria o compromisso e passou a receber centenas de cartas e mensagens ao dia, tanto de condenação quanto de apoio, e algumas ameaças. Apesar dos esforços para bloquear a confirmação da vitória de Trump, os primeiros números sugerem que mais eleitores de Hillary mudaram de opinião na última hora. Segundo o site especializado Politico, ao menos sete eleitores de Hillary tentaram votar contra ela, embora três tenham sido substituídos no último momento por pessoas que mantiveram o compromisso. No estado de Washington (noroeste do país), três eleitores democratas ignoraram Hillary e votaram no ex-secretário de Estado Colin Powell, enquanto o quarto votou em um ativista local, destacou o Politico. Os comentрrios abaixo nсo representam a opiniсo do jornal Diario de Pernambuco; a responsabilidade ж do autor da mensagem. Polьcia
</post>
<signature>

</signature>
<external_links>

</external_links>
<country></country>
<main_image>http://imgsapp.diariodepernambuco.com.br/app/noticia_127983242361/2016/12/19/680828/20161219210300898357o.jpg</main_image>
</document>
