<?xml version="1.0" encoding="UTF-8"?>
<document>
<type>mainstream</type>
<forum>http://www.ooyuz.com/newsanalysis?term=matt mortensen</forum>
<forum_title>matt mortensen News Results and Analysis |OOYUZ</forum_title>
<discussion_title>Marengo City Council postpones vote on communication ordinance</discussion_title>
<language>english</language>
<gmt_offset>-6</gmt_offset>
<topic_url>http://www.ooyuz.com/geturl?aid=12426165</topic_url>
<topic_text>
When equipment failures at the wastewater treatment plant led to several permit violations in April, rumors circulated the community about raw sewage being released from the plant. Marengo Mayor Don Lockhart then asked for an independent third-party review to determine whether the incident was reported to the appropriate supervisor or department head. The final report concluded “several unfortunate mistakes and misunderstandings” caused confusion and led to not all staff and council members bein.. Advertisement
</topic_text>
<spam_score>0.00</spam_score>
<post_num>1</post_num>
<post_id>post-1</post_id>
<post_url>http://www.ooyuz.com/geturl?aid=12426165</post_url>
<post_date>20160717</post_date>
<post_time>2300</post_time>
<username>Northwest Herald</username>
<post>
When equipment failures at the wastewater treatment plant led to several permit violations in April, rumors circulated the community about raw sewage being released from the plant. Marengo Mayor Don Lockhart then asked for an independent third-party review to determine whether the incident was reported to the appropriate supervisor or department head. The final report concluded “several unfortunate mistakes and misunderstandings” caused confusion and led to not all staff and council members bein.. Advertisement
</post>
<signature>

</signature>
<external_links>

</external_links>
<country>US</country>
<main_image></main_image>
</document>
