<?xml version="1.0" encoding="UTF-8"?>
<document>
<type>mainstream</type>
<forum>http://posttoday.com//rss/src/breakingnews.xml</forum>
<forum_title>Posttoday.com : Breaking News</forum_title>
<discussion_title>สธ.เตือนกลุ่มลูกเรือประมงเสี่ยงขาดวิตามินบี1</discussion_title>
<language>thai</language>
<gmt_offset></gmt_offset>
<topic_url>http://www.posttoday.com/social/health/471067</topic_url>
<topic_text>
- + สาธารณสุขเตือนกลุ่มลูกเรือประมงเสี่ยงขาดวิตามินบี1 ชี้อันตรายถึงเสียชีวิต แนะผู้ประกอบการเตรียมอาหารทดแทน 
เมื่อวันที่ 19 ธ.ค. ศ.นพ.ปิยะสกล สกลสัตยาทร รัฐมนตรีว่าการทรวงสาธารณสุข เปิดเผยว่า การขาดวิตามินบี 1 อย่างรุนแรงอาจทำให้เสียชีวิตได้ หากไม่รับการรักษาอย่างทันท่วงที เช่น ในกลุ่มลูกเรือประมงที่ต้องออกจับปลาในทะเลมหาสมุทรเป็นเวลานานหลายเดือน โดยช่วง 3 – 5 ปีที่ผ่านมา พบผู้ป่วยขาดวิตามินบี 1 อย่างรุนแรงในกลุ่มลูกเรือประมงหลายเหตุการณ์ 
ดังนั้นจึงได้กำชับให้สำนักงานสาธารณสุขจังหวัด ประสานไปยังสำนักงานประมง และสมาคมประมงในแต่ละจังหวัด ให้แนะนำผู้ประกอบการประมง เตรียมความพร้อมก่อนออกเรือโดยให้จัดเตรียมอาหารทดแทนวิตามิน บี 1 เช่น ข้าวกล้องข้าวซ้อมมือ หรือ ธัญพืชต่างๆ เช่น ถั่วเขียว ถั่วแดง ถั่วเหลือง ถั่วลิสงดิบ ข้าวโพด ลูกเดือย เป็นต้นให้นำขึ้นไปเก็บสำรองไว้บนเรือ 
ขณะที่ นพ.โสภณ เมฆธน ปลัดกระทรวงสาธารณสุข กล่าวอีกว่า การขาดวิตามินบี 1 เป็นภาวการณ์ขาดวิตามินที่มีความสำคัญ เนื่องจากสามารถก่อให้เกิดอาการที่รุนแรงและเสียชีวิตได้ โดยทั่วไปหากขาดวิตามินบี 1 จะเริ่มด้วยมีอาการชาปลายมือ ปลายเท้า อ่อนเพลีย เหนื่อยง่าย เบื่ออาหาร ท้องอืด ท้องผูก เป็นตะคริวบ่อย และหากมีอาการรุนแรงจะทำให้แขนขาไม่มีแรง หัวใจเต้นผิดจังหวะ หอบเหนื่อย หัวใจโต หัวใจล้มเหลว และอาจเสียชีวิตได้ 
สำหรับในประชาชนทั่วไปสาเหตุที่ทำให้ขาดวิตามินบี 1 มีหลายสาเหตุ พบได้ในผู้ที่ออกกำลังมาก หรือกินอาหารที่ทำลายวิตามินบี 1 เช่น อาหารดิบๆ ภาวะติดเชื้อหรือการเจ็บป่วยด้วยโรคบางอย่างที่สูญเสียวิตามินบี 1 เช่นโรคพิษสุราเรื้อรัง ไตวายที่ต้องล้างไต ไทรอยด์เป็นพิษ เป็นต้น ดังนั้นต้องได้รับการเสริมวิตามินบี 1 ซึ่งในบัญชียาหลัก มีทั้งชนิดรับประทานขนาด 10-100 มิลลิกรัม ชนิดฉีด 100 มิลลิกรัม/มิลลิลิตร Tags
</topic_text>
<spam_score>0.00</spam_score>
<post_num>1</post_num>
<post_id>post-1</post_id>
<post_url>http://www.posttoday.com/social/health/471067</post_url>
<post_date>20161219</post_date>
<post_time>1423</post_time>
<username></username>
<post>
- + สาธารณสุขเตือนกลุ่มลูกเรือประมงเสี่ยงขาดวิตามินบี1 ชี้อันตรายถึงเสียชีวิต แนะผู้ประกอบการเตรียมอาหารทดแทน 
เมื่อวันที่ 19 ธ.ค. ศ.นพ.ปิยะสกล สกลสัตยาทร รัฐมนตรีว่าการทรวงสาธารณสุข เปิดเผยว่า การขาดวิตามินบี 1 อย่างรุนแรงอาจทำให้เสียชีวิตได้ หากไม่รับการรักษาอย่างทันท่วงที เช่น ในกลุ่มลูกเรือประมงที่ต้องออกจับปลาในทะเลมหาสมุทรเป็นเวลานานหลายเดือน โดยช่วง 3 – 5 ปีที่ผ่านมา พบผู้ป่วยขาดวิตามินบี 1 อย่างรุนแรงในกลุ่มลูกเรือประมงหลายเหตุการณ์ 
ดังนั้นจึงได้กำชับให้สำนักงานสาธารณสุขจังหวัด ประสานไปยังสำนักงานประมง และสมาคมประมงในแต่ละจังหวัด ให้แนะนำผู้ประกอบการประมง เตรียมความพร้อมก่อนออกเรือโดยให้จัดเตรียมอาหารทดแทนวิตามิน บี 1 เช่น ข้าวกล้องข้าวซ้อมมือ หรือ ธัญพืชต่างๆ เช่น ถั่วเขียว ถั่วแดง ถั่วเหลือง ถั่วลิสงดิบ ข้าวโพด ลูกเดือย เป็นต้นให้นำขึ้นไปเก็บสำรองไว้บนเรือ 
ขณะที่ นพ.โสภณ เมฆธน ปลัดกระทรวงสาธารณสุข กล่าวอีกว่า การขาดวิตามินบี 1 เป็นภาวการณ์ขาดวิตามินที่มีความสำคัญ เนื่องจากสามารถก่อให้เกิดอาการที่รุนแรงและเสียชีวิตได้ โดยทั่วไปหากขาดวิตามินบี 1 จะเริ่มด้วยมีอาการชาปลายมือ ปลายเท้า อ่อนเพลีย เหนื่อยง่าย เบื่ออาหาร ท้องอืด ท้องผูก เป็นตะคริวบ่อย และหากมีอาการรุนแรงจะทำให้แขนขาไม่มีแรง หัวใจเต้นผิดจังหวะ หอบเหนื่อย หัวใจโต หัวใจล้มเหลว และอาจเสียชีวิตได้ 
สำหรับในประชาชนทั่วไปสาเหตุที่ทำให้ขาดวิตามินบี 1 มีหลายสาเหตุ พบได้ในผู้ที่ออกกำลังมาก หรือกินอาหารที่ทำลายวิตามินบี 1 เช่น อาหารดิบๆ ภาวะติดเชื้อหรือการเจ็บป่วยด้วยโรคบางอย่างที่สูญเสียวิตามินบี 1 เช่นโรคพิษสุราเรื้อรัง ไตวายที่ต้องล้างไต ไทรอยด์เป็นพิษ เป็นต้น ดังนั้นต้องได้รับการเสริมวิตามินบี 1 ซึ่งในบัญชียาหลัก มีทั้งชนิดรับประทานขนาด 10-100 มิลลิกรัม ชนิดฉีด 100 มิลลิกรัม/มิลลิลิตร Tags
</post>
<signature>

</signature>
<external_links>

</external_links>
<country>TH</country>
<main_image>http://www.posttoday.com/media/content/2016/12/19/ECC8DD3278094CC8AC2AF5AB3A917A5A.jpg</main_image>
</document>
