<?xml version="1.0" encoding="UTF-8"?>
<document>
<type>mainstream</type>
<forum>http://www.journaldemontreal.com//rss.xml</forum>
<forum_title>Accueil</forum_title>
<discussion_title>Le Brésil veut traîner Bombardier devant l’OMC</discussion_title>
<language>french</language>
<gmt_offset></gmt_offset>
<topic_url>http://www.journaldequebec.com/2016/12/19/le-bresil-veut-trainer-bombardier-devant-lomc-2</topic_url>
<topic_text>
Le Brésil veut traîner Bombardier devant l’OMC Autres   18:51   18:55   
Le Brésil contestera le financement gouvernemental accordéà Bombardier devant l&apos;Organisation mondiale du commerce (OMC). 
Selon l’agence Reuters, le ministère des Affaires étrangères du Brésil autoriserait les procédures contre le Canada pour le soutien de 2,5 milliards $ accordéà Bombardier. 
Québec a en effet investi 1 milliard$ US dans les avions C Series, et la Caisse de dépôt et placement a déboursé 1,5 milliard$ US pour le tiers des parts de la division ferroviaire de la multinationale, Bombardier Transport. 
«Ça ne nous inquiète pas», a dit Cynthia St-Hilaire, attachée de presse de la ministre de l&apos;Économie, de la Science et de l&apos;Innovation, Dominique Anglade. «Il y a eu de tels litiges devant l’OMC par le passé. Dans ce cas-ci, le gouvernement a agi comme partenaire dans le programme de la C Series de Bombardier. C’est un investissement qui a été fait aux conditions du marché. Il n’est nullement question de subventions. Le Québec respecte les règles internationales. » 
«Notre investissement dans Bombardier Transport a été fait en toute indépendance sur des bases strictement commerciales, comme tous nos autres investissements, a, pour sa part, affirmé la Caisse de dépôt et placement par la voix de son porte-parole Maxime Chagnon. De l’associer à la participation du gouvernement du Québec dans le secteur aéronautique est donc absolument erroné et ne correspond pas aux faits.» 
Le Canada aussi 
Dans un communiqué, le ministère des Affaires étrangères du Brésil s’en prend aussi à l’aide potentielle annoncée par Ottawa à Bombardier. «Il y a des indications que le gouvernement fédéral du Canada a bientôt l&apos;intention de faire une autre injection importante de capital dans l&apos;entreprise pour assurer la viabilité de la nouvelle C Series et son placement sur le marchéà des prix artificiellement réduits. » 
Le premier ministre Justin Trudeau a annoncé récemment que son gouvernement travaillait avec Bombardier et qu&apos;il espérait faire des annonces dans les prochains mois. 
Bombardier est en concurrence féroce avec la brésilienne Embraer SA sur le marché des jets régionaux. Ils se sont mutuellement accusés devant l’OMC d’avoir reçus des subventions illégales. 
«Les subventions du Canada ont créé de graves distorsions sur le marché, en plus de violer les normes internationales actuelles», a dit le président-directeur général d&apos;Embraer, Paulo Cesar Silva, dans un communiqué accueillant la décision du gouvernement brésilien. RECOMMANDÉ POUR VOUS À DÉCOUVRIR SUR LE WEB Les plus populaires
</topic_text>
<spam_score>0.00</spam_score>
<post_num>1</post_num>
<post_id>post-1</post_id>
<post_url>http://www.journaldequebec.com/2016/12/19/le-bresil-veut-trainer-bombardier-devant-lomc-2</post_url>
<post_date>20161219</post_date>
<post_time>2355</post_time>
<username></username>
<post>
Le Brésil veut traîner Bombardier devant l’OMC Autres   18:51   18:55   
Le Brésil contestera le financement gouvernemental accordéà Bombardier devant l&apos;Organisation mondiale du commerce (OMC). 
Selon l’agence Reuters, le ministère des Affaires étrangères du Brésil autoriserait les procédures contre le Canada pour le soutien de 2,5 milliards $ accordéà Bombardier. 
Québec a en effet investi 1 milliard$ US dans les avions C Series, et la Caisse de dépôt et placement a déboursé 1,5 milliard$ US pour le tiers des parts de la division ferroviaire de la multinationale, Bombardier Transport. 
«Ça ne nous inquiète pas», a dit Cynthia St-Hilaire, attachée de presse de la ministre de l&apos;Économie, de la Science et de l&apos;Innovation, Dominique Anglade. «Il y a eu de tels litiges devant l’OMC par le passé. Dans ce cas-ci, le gouvernement a agi comme partenaire dans le programme de la C Series de Bombardier. C’est un investissement qui a été fait aux conditions du marché. Il n’est nullement question de subventions. Le Québec respecte les règles internationales. » 
«Notre investissement dans Bombardier Transport a été fait en toute indépendance sur des bases strictement commerciales, comme tous nos autres investissements, a, pour sa part, affirmé la Caisse de dépôt et placement par la voix de son porte-parole Maxime Chagnon. De l’associer à la participation du gouvernement du Québec dans le secteur aéronautique est donc absolument erroné et ne correspond pas aux faits.» 
Le Canada aussi 
Dans un communiqué, le ministère des Affaires étrangères du Brésil s’en prend aussi à l’aide potentielle annoncée par Ottawa à Bombardier. «Il y a des indications que le gouvernement fédéral du Canada a bientôt l&apos;intention de faire une autre injection importante de capital dans l&apos;entreprise pour assurer la viabilité de la nouvelle C Series et son placement sur le marchéà des prix artificiellement réduits. » 
Le premier ministre Justin Trudeau a annoncé récemment que son gouvernement travaillait avec Bombardier et qu&apos;il espérait faire des annonces dans les prochains mois. 
Bombardier est en concurrence féroce avec la brésilienne Embraer SA sur le marché des jets régionaux. Ils se sont mutuellement accusés devant l’OMC d’avoir reçus des subventions illégales. 
«Les subventions du Canada ont créé de graves distorsions sur le marché, en plus de violer les normes internationales actuelles», a dit le président-directeur général d&apos;Embraer, Paulo Cesar Silva, dans un communiqué accueillant la décision du gouvernement brésilien. RECOMMANDÉ POUR VOUS À DÉCOUVRIR SUR LE WEB Les plus populaires
</post>
<signature>

</signature>
<external_links>

</external_links>
<country>US</country>
<main_image>http://storage.journaldemontreal.com/v1/dynamic_resize/sws_path/jdx-prod-images/b3568b3a-e4c9-43ef-ad89-6ca91fecf4d6_JDX-2x1_WEB.jpg?quality=80&amp;size=1200x&amp;version=1</main_image>
</document>
