<?xml version="1.0" encoding="UTF-8"?>
<document>
<type>mainstream</type>
<forum>http://businessrecord.com/RSS/248</forum>
<forum_title>RSS Feed businessrecord.com : All Latest News</forum_title>
<discussion_title>Airbnb visitors have generated $3 million in &apos;host&apos; income this year</discussion_title>
<language>english</language>
<gmt_offset></gmt_offset>
<topic_url>http://www.businessrecord.com:80/Content/Default/-All-Latest-News/Article/-Airbnb-visitors-have-generated-3-million-in-host-income-this-year/-3/248/75862</topic_url>
<topic_text>
Airbnb visitors have generated $3 million in &apos;host&apos; income this year Monday, December 19, 2016 11:31 AM Airbnb, the service that links travelers to homeowners and others who turn their properties into temporary guest quarters, generated $3 million in &quot;host income&quot; this year in Iowa, according to a news release. Des Moines led the way, with 6,500 guests generating $640,000 in income, Airbnb said. Iowa City was second, with 3,800 visitors accounting for $501,000. Ankeny hosted 940 guests who generated $70,000 in income, and Ames hosted 960 people who spent $115,000 for their accommodations.
</topic_text>
<spam_score>0.00</spam_score>
<post_num>1</post_num>
<post_id>post-1</post_id>
<post_url>http://www.businessrecord.com:80/Content/Default/-All-Latest-News/Article/-Airbnb-visitors-have-generated-3-million-in-host-income-this-year/-3/248/75862</post_url>
<post_date>20161219</post_date>
<post_time>1731</post_time>
<username></username>
<post>
Airbnb visitors have generated $3 million in &apos;host&apos; income this year Monday, December 19, 2016 11:31 AM Airbnb, the service that links travelers to homeowners and others who turn their properties into temporary guest quarters, generated $3 million in &quot;host income&quot; this year in Iowa, according to a news release. Des Moines led the way, with 6,500 guests generating $640,000 in income, Airbnb said. Iowa City was second, with 3,800 visitors accounting for $501,000. Ankeny hosted 940 guests who generated $70,000 in income, and Ames hosted 960 people who spent $115,000 for their accommodations.
</post>
<signature>

</signature>
<external_links>

</external_links>
<country>US</country>
<main_image></main_image>
</document>
