<?xml version="1.0" encoding="UTF-8"?>
<document>
<type>mainstream</type>
<forum></forum>
<forum_title></forum_title>
<discussion_title>Young Australian spreading true Christmas spirit</discussion_title>
<language>english</language>
<gmt_offset></gmt_offset>
<topic_url>https://au.tv.yahoo.com/the-morning-show/video/watch/33615868/young-australian-spreading-true-christmas-spirit/</topic_url>
<topic_text>
Young Australian spreading true Christmas spirit 
The 11-year-old is making a difference in her community. Help Astrid pay it forward: https://www.facebook.com/Astridpayitforward/ Most Viewed 
</topic_text>
<spam_score>0.19</spam_score>
<post_num>1</post_num>
<post_id>post-1</post_id>
<post_url>https://au.tv.yahoo.com/the-morning-show/video/watch/33615868/young-australian-spreading-true-christmas-spirit/</post_url>
<post_date>20161220</post_date>
<post_time></post_time>
<username>The Morning Show Published Mins Ago</username>
<post>
Young Australian spreading true Christmas spirit 
The 11-year-old is making a difference in her community. Help Astrid pay it forward: https://www.facebook.com/Astridpayitforward/ Most Viewed 
</post>
<signature>

</signature>
<external_links>

</external_links>
<country>AU</country>
<main_image>https://s.yimg.com/iu/api/res/1.2/x6p.MuXtnxZaEumdudlF3Q--/YXBwaWQ9eXZpZGVvO3c9MjYzO2g9MjAwO2R4PTg1O2R5PTE7Y3c9NDcyO2NoPTM1OTtxPTcwO3VsY3JvcDtyb3RhdGU9YXV0bw--/https://s.yimg.com/ea/img/-/161220/585868557958d_33615868_2016_12_19t22_48_43.4z_640x360.jpg</main_image>
</document>
