<?xml version="1.0" encoding="UTF-8"?>
<document>
<type>mainstream</type>
<forum>http://www.doolnews.com/feed/</forum>
<forum_title>doolnews.com | Kerala&apos;s No1 News Portal</forum_title>
<discussion_title>ഹൈദരാബാദ് സ്‌ഫോടനം; യാസീന്‍ ഭട്കല്‍ അടക്കം 5 പ്രതികള്‍ക്ക് വധശിക്ഷ</discussion_title>
<language>malayalam</language>
<gmt_offset></gmt_offset>
<topic_url>http://www.doolnews.com/hyderabad-blast-case-yasin-bhatkal-four-others-get-death-sentence-by-nia-court258.html</topic_url>
<topic_text>
ഹൈദരാബാദ് സ്‌ഫോടനം; യാസീന്‍ ഭട്കല്‍ അടക്കം 5 പ്രതികള്‍ക്ക് വധശിക്ഷ 19th December 2016 അതേ സമയം ഒളിവില്‍ കഴിയുന്ന മുഖ്യപ്രതിയും ഇന്ത്യന്‍ മുജാഹിദ്ദീന്‍ സ്ഥാപകനുമായ റിയാസ് ഭട്കലിനെ ഇതുവരെ പിടികൂടാനായിട്ടില്ല. നവംബര്‍ 7നാണ് കേസില്‍ വാദം പൂര്‍ത്തിയാക്കിയിരുന്നത്. യു.എ.പി.എ, ആംസ് ആക്ട് തുടങ്ങിയ വകുപ്പുകളാണ് പ്രതികള്‍ക്കെതിരെ ചുമത്തിയിരുന്നത്. 
ഹൈദരാബാദ്: 2013ല്‍ ഹൈദരാബാദിലെ ദില്‍ശുഖ് നഗറിലുണ്ടായ സ്‌ഫോടനവുമായി ബന്ധപ്പെട്ട് ഇന്ത്യന്‍ മുജാഹിദീന്‍ സഹസ്ഥാപകന്‍ യാസീന്‍ ഭട്കല്‍ ഉള്‍പ്പടെ 5 പ്രതികള്‍ക്ക് വധശിക്ഷ. പ്രത്യേക എന്‍.ഐ.എ കോടതിയാണ് ശിക്ഷ വിധിച്ചത്. സിയാ ഉര്‍റഹ്മാന്‍ എന്ന വഖാസ്, അസദുല്ല അഖ്തര്‍ എന്ന ഹാദ്ദി, തഹ്‌സീന്‍ അഖ്തര്‍, ഐജാസ് ഷെയിഖ് എന്നിവരാണ് മറ്റു പ്രതികള്‍. വഖാസ് പാകിസ്ഥാന്‍ സ്വദേശിയാണ്. 
അതേ സമയം ഒളിവില്‍ കഴിയുന്ന മുഖ്യപ്രതിയും ഇന്ത്യന്‍ മുജാഹിദ്ദീന്‍ സ്ഥാപകനുമായ റിയാസ് ഭട്കലിനെ ഇതുവരെ പിടികൂടാനായിട്ടില്ല. നവംബര്‍ 7നാണ് കേസില്‍ വാദം പൂര്‍ത്തിയാക്കിയിരുന്നത്. യു.എ.പി.എ, ആംസ് ആക്ട് തുടങ്ങിയ വകുപ്പുകളാണ് പ്രതികള്‍ക്കെതിരെ ചുമത്തിയിരുന്നത്. 
2013 ഫെബ്രുവരിയിലാണ് ദില്‍ശുഖ് നഗറില്‍ ഇരട്ട സ്‌ഫോടനങ്ങളില്‍ 18 പേര്‍ കൊല്ലപ്പെട്ടത്. അക്രമണത്തില്‍ 130 പേര്‍ക്ക് പരിക്കേല്‍ക്കുകയും ചെയ്തിരുന്നു. ആദ്യ ബോംബ് നഗരത്തിലെ കൊണാര്‍ക്ക് തിയേറ്ററിന് സമീപമുള്ള ആനന്ദ് ടിഫിന്‍സിന് സമീപവും രണ്ടാമത്തേത് വെങ്കടാദ്രി തിയേറ്ററിനും ദില്‍ശുഖ് നഗര്‍ ബസ് സ്റ്റാന്‍ഡിനും ഇടയിലാണ് പൊട്ടിത്തെറിച്ചിരുന്നത്. 
സ്‌ഫോടനം നടന്ന് ആറു മാസത്തിനകം യാസിന്‍ ഭട്കല്‍, അസദുല്ല അഖ്തര്‍, സിയ ഉര്‍ റഹ്മാന്‍, ഐജാസ് ഷെയിഖ് എന്നിവരെ പിടികൂടിയിരുന്നു. നേപ്പാള്‍ അതിര്‍ത്തിക്ക് സമീപം ബീഹാറില്‍ വെച്ചാണ് അസദുല്ലയെയും യാസീന്‍ ഭട്കലിനെയും പിടികൂടിയിരുന്നത്. 
കേസില്‍ 158 സാക്ഷികളെ വിസ്തരിച്ച എന്‍.ഐ.എ 201 തെളിവുകളും 500 ഓളം രേഖകളും കോടതിയില്‍ ഹാജരാക്കി.
</topic_text>
<spam_score>0.00</spam_score>
<post_num>1</post_num>
<post_id>post-1</post_id>
<post_url>http://www.doolnews.com/hyderabad-blast-case-yasin-bhatkal-four-others-get-death-sentence-by-nia-court258.html</post_url>
<post_date>20161219</post_date>
<post_time>1257</post_time>
<username>editor</username>
<post>
ഹൈദരാബാദ് സ്‌ഫോടനം; യാസീന്‍ ഭട്കല്‍ അടക്കം 5 പ്രതികള്‍ക്ക് വധശിക്ഷ 19th December 2016 അതേ സമയം ഒളിവില്‍ കഴിയുന്ന മുഖ്യപ്രതിയും ഇന്ത്യന്‍ മുജാഹിദ്ദീന്‍ സ്ഥാപകനുമായ റിയാസ് ഭട്കലിനെ ഇതുവരെ പിടികൂടാനായിട്ടില്ല. നവംബര്‍ 7നാണ് കേസില്‍ വാദം പൂര്‍ത്തിയാക്കിയിരുന്നത്. യു.എ.പി.എ, ആംസ് ആക്ട് തുടങ്ങിയ വകുപ്പുകളാണ് പ്രതികള്‍ക്കെതിരെ ചുമത്തിയിരുന്നത്. 
ഹൈദരാബാദ്: 2013ല്‍ ഹൈദരാബാദിലെ ദില്‍ശുഖ് നഗറിലുണ്ടായ സ്‌ഫോടനവുമായി ബന്ധപ്പെട്ട് ഇന്ത്യന്‍ മുജാഹിദീന്‍ സഹസ്ഥാപകന്‍ യാസീന്‍ ഭട്കല്‍ ഉള്‍പ്പടെ 5 പ്രതികള്‍ക്ക് വധശിക്ഷ. പ്രത്യേക എന്‍.ഐ.എ കോടതിയാണ് ശിക്ഷ വിധിച്ചത്. സിയാ ഉര്‍റഹ്മാന്‍ എന്ന വഖാസ്, അസദുല്ല അഖ്തര്‍ എന്ന ഹാദ്ദി, തഹ്‌സീന്‍ അഖ്തര്‍, ഐജാസ് ഷെയിഖ് എന്നിവരാണ് മറ്റു പ്രതികള്‍. വഖാസ് പാകിസ്ഥാന്‍ സ്വദേശിയാണ്. 
അതേ സമയം ഒളിവില്‍ കഴിയുന്ന മുഖ്യപ്രതിയും ഇന്ത്യന്‍ മുജാഹിദ്ദീന്‍ സ്ഥാപകനുമായ റിയാസ് ഭട്കലിനെ ഇതുവരെ പിടികൂടാനായിട്ടില്ല. നവംബര്‍ 7നാണ് കേസില്‍ വാദം പൂര്‍ത്തിയാക്കിയിരുന്നത്. യു.എ.പി.എ, ആംസ് ആക്ട് തുടങ്ങിയ വകുപ്പുകളാണ് പ്രതികള്‍ക്കെതിരെ ചുമത്തിയിരുന്നത്. 
2013 ഫെബ്രുവരിയിലാണ് ദില്‍ശുഖ് നഗറില്‍ ഇരട്ട സ്‌ഫോടനങ്ങളില്‍ 18 പേര്‍ കൊല്ലപ്പെട്ടത്. അക്രമണത്തില്‍ 130 പേര്‍ക്ക് പരിക്കേല്‍ക്കുകയും ചെയ്തിരുന്നു. ആദ്യ ബോംബ് നഗരത്തിലെ കൊണാര്‍ക്ക് തിയേറ്ററിന് സമീപമുള്ള ആനന്ദ് ടിഫിന്‍സിന് സമീപവും രണ്ടാമത്തേത് വെങ്കടാദ്രി തിയേറ്ററിനും ദില്‍ശുഖ് നഗര്‍ ബസ് സ്റ്റാന്‍ഡിനും ഇടയിലാണ് പൊട്ടിത്തെറിച്ചിരുന്നത്. 
സ്‌ഫോടനം നടന്ന് ആറു മാസത്തിനകം യാസിന്‍ ഭട്കല്‍, അസദുല്ല അഖ്തര്‍, സിയ ഉര്‍ റഹ്മാന്‍, ഐജാസ് ഷെയിഖ് എന്നിവരെ പിടികൂടിയിരുന്നു. നേപ്പാള്‍ അതിര്‍ത്തിക്ക് സമീപം ബീഹാറില്‍ വെച്ചാണ് അസദുല്ലയെയും യാസീന്‍ ഭട്കലിനെയും പിടികൂടിയിരുന്നത്. 
കേസില്‍ 158 സാക്ഷികളെ വിസ്തരിച്ച എന്‍.ഐ.എ 201 തെളിവുകളും 500 ഓളം രേഖകളും കോടതിയില്‍ ഹാജരാക്കി.
</post>
<signature>

</signature>
<external_links>

</external_links>
<country>US</country>
<main_image>http://www.doolnews.com/wp-content/uploads/2016/12/BHATS.png</main_image>
</document>
