<?xml version="1.0" encoding="UTF-8"?>
<document>
<type>mainstream</type>
<forum>http://www.trading-house.net/rss/meldungen/</forum>
<forum_title>trading-house.net Nachrichtenfeed</forum_title>
<discussion_title>Berlins Regierender Bürgermeister zum Vorfall auf dem Weihnachtsmarkt</discussion_title>
<language>german</language>
<gmt_offset></gmt_offset>
<topic_url>http://www.trading-house.net/news/berlins-regierender-buergermeister-zum-vorfall-auf-dem-weihnachtsmarkt-52508908</topic_url>
<topic_text>
20.12.2016 - 00:34 Uhr Berlins Regierender Bürgermeister zum Vorfall auf dem Weihnachtsmarkt Berlins Regierender Bürgermeister Müller reagierte geschockt auf die Ereignisse auf dem Berliner Weihnachtsmarkt. Den Angehörigen sprach er sein Mitgefühl aus.
</topic_text>
<spam_score>0.00</spam_score>
<post_num>1</post_num>
<post_id>post-1</post_id>
<post_url>http://www.trading-house.net/news/berlins-regierender-buergermeister-zum-vorfall-auf-dem-weihnachtsmarkt-52508908</post_url>
<post_date>20161219</post_date>
<post_time>2334</post_time>
<username></username>
<post>
20.12.2016 - 00:34 Uhr Berlins Regierender Bürgermeister zum Vorfall auf dem Weihnachtsmarkt Berlins Regierender Bürgermeister Müller reagierte geschockt auf die Ereignisse auf dem Berliner Weihnachtsmarkt. Den Angehörigen sprach er sein Mitgefühl aus.
</post>
<signature>

</signature>
<external_links>

</external_links>
<country>DE</country>
<main_image></main_image>
</document>
