<?xml version="1.0" encoding="UTF-8"?>
<document>
<type>mainstream</type>
<forum>http://wartakota.tribunnews.com/rss</forum>
<forum_title>Wartakota</forum_title>
<discussion_title>Ayah Ayu Ting Ting Bangga Bilqis Dicintai Masyarakat Indonesia</discussion_title>
<language>indonesian</language>
<gmt_offset></gmt_offset>
<topic_url>http://wartakota.tribunnews.com/2016/12/20/ayah-ayu-ting-ting-bangga-bilqis-dicintai-masyarakat-indonesia</topic_url>
<topic_text>
» Gosipi Ayah Ayu Ting Ting Bangga Bilqis Dicintai Masyarakat Indonesia Ayah Ayu Ting Ting tersebut merasa pencapaian cucunya tersebut merupakan bentuk bahwa Bilqis mendapatkan tempat tersendiri di hati masyarakat. Selasa, 20 Desember 2016 05:06 Arie Puji Waluyo Ayu Ting Ting dan anaknya, Bilqis Khumairah Razak usai menghadiri acara ulang tahun anak Nia Ramadhani dan Ardi Bakrie di kawasan Menteng, Jakarta Pusat, Sabtu (19/11). 
WARTA KOTA, KEBONJERUK -- Pencapaian yang diperoleh putri pedangdut Ayu Ting Ting , Bilqis Khumairah Razak dengan meraih penghargaan Kids Seleb Kesayangan di ajang Mom and Kids Awards 2016 membuat Abdul Rozak bangga. 
Ayah Ayu Ting Ting tersebut merasa pencapaian cucunya tersebut dengan menyingkirkan nama-nama seperti Arsy, El Barrack, Gempi, Rafathar, dan Zoe &amp; Zack merupakan bentuk bahwa Bilqis mendapatkan tempat tersendiri di hati masyarakat. 
&quot;Itu kan sesuai apresiasi semua ya, yang nilai bukan ayah ya, semua masyarakat Indonesia. Yang pasti ayah bersyukur dan banyak berterima kasih karena sudah mendukung Bilqis,&quot; ujarnya saat ditemui di acara Mom and Kids Awards 2016, di MNC Tower 1, Jakarta Barat, Senin (19/12). 
Rozak menceritakan dirinya dan keluarga senang apa yang sudah diraih Bilqis. Bahkan rasa bangga tersebut sudah dirasakan manakala Bilqis baru sekadar masuk nominasi bersama anak-anak selebritis lainnya. 
&quot;Masuk nominasi saja ayah sudah bersyukur, senang banget, cucu ayah masih dibawah umur banget. Masih kecil sudah masuk nominasi, sudah bersyukur, apalagi dapat penghargaan. Subhanallah, luar biasa,&quot; ujarnya. Ikuti kami di
</topic_text>
<spam_score>0.00</spam_score>
<post_num>1</post_num>
<post_id>post-1</post_id>
<post_url>http://wartakota.tribunnews.com/2016/12/20/ayah-ayu-ting-ting-bangga-bilqis-dicintai-masyarakat-indonesia</post_url>
<post_date>20161219</post_date>
<post_time>2206</post_time>
<username></username>
<post>
» Gosipi Ayah Ayu Ting Ting Bangga Bilqis Dicintai Masyarakat Indonesia Ayah Ayu Ting Ting tersebut merasa pencapaian cucunya tersebut merupakan bentuk bahwa Bilqis mendapatkan tempat tersendiri di hati masyarakat. Selasa, 20 Desember 2016 05:06 Arie Puji Waluyo Ayu Ting Ting dan anaknya, Bilqis Khumairah Razak usai menghadiri acara ulang tahun anak Nia Ramadhani dan Ardi Bakrie di kawasan Menteng, Jakarta Pusat, Sabtu (19/11). 
WARTA KOTA, KEBONJERUK -- Pencapaian yang diperoleh putri pedangdut Ayu Ting Ting , Bilqis Khumairah Razak dengan meraih penghargaan Kids Seleb Kesayangan di ajang Mom and Kids Awards 2016 membuat Abdul Rozak bangga. 
Ayah Ayu Ting Ting tersebut merasa pencapaian cucunya tersebut dengan menyingkirkan nama-nama seperti Arsy, El Barrack, Gempi, Rafathar, dan Zoe &amp; Zack merupakan bentuk bahwa Bilqis mendapatkan tempat tersendiri di hati masyarakat. 
&quot;Itu kan sesuai apresiasi semua ya, yang nilai bukan ayah ya, semua masyarakat Indonesia. Yang pasti ayah bersyukur dan banyak berterima kasih karena sudah mendukung Bilqis,&quot; ujarnya saat ditemui di acara Mom and Kids Awards 2016, di MNC Tower 1, Jakarta Barat, Senin (19/12). 
Rozak menceritakan dirinya dan keluarga senang apa yang sudah diraih Bilqis. Bahkan rasa bangga tersebut sudah dirasakan manakala Bilqis baru sekadar masuk nominasi bersama anak-anak selebritis lainnya. 
&quot;Masuk nominasi saja ayah sudah bersyukur, senang banget, cucu ayah masih dibawah umur banget. Masih kecil sudah masuk nominasi, sudah bersyukur, apalagi dapat penghargaan. Subhanallah, luar biasa,&quot; ujarnya. Ikuti kami di
</post>
<signature>

</signature>
<external_links>

</external_links>
<country>US</country>
<main_image>http://cdn2.tstatic.net/wartakota/foto/bank/images/20161120hidung-bilqis-kemasukan-lego_20161120_071914.jpg</main_image>
</document>
