<?xml version="1.0" encoding="UTF-8"?>
<document>
<type>mainstream</type>
<forum>http://www.energiadiario.com/publicacion/feed/</forum>
<forum_title>Energía Diario</forum_title>
<discussion_title>Podemos exige que la CNMC investigue lo que considera “irregularidades” en los recibos de la luz</discussion_title>
<language>spanish</language>
<gmt_offset></gmt_offset>
<topic_url>http://www.energiadiario.com/publicacion/podemos-exige-que-la-cnmc-investigue-lo-que-considera-irregularidades-en-los-recibos-de-la-luz/</topic_url>
<topic_text>
Podemos exige que la CNMC investigue lo que considera “irregularidades” en los recibos de la luz Publicado en dic 19 2016 - 10:55pm por Energía Diario 58 Etiquetado como Nadal advierte que no se pueden volver a tomar decisiones políticas que encarezcan el recibo de luz 
Europa Press.- El grupo parlamentario Unidos Podemos-En Comú Podem-En Marea ha registrado una proposición no de ley para que el pleno del Congreso debata sobre la necesidad de que la Comisión Nacional de los Mercados y la competencia (CNMC) incoe una investigación sobre irregularidades en la facturación de la energía eléctrica. 
En la iniciativa, Unidos Podemos denuncia que España presenta uno de los precios más elevados de los países de su entorno, ya que la electricidad para sus hogares es la cuarta más cara de toda Europa, según Eurostat. En este sentido, señala que el incremento desde el segundo semestre de 2013 al de 2014 ha sido del 4,1%, frente a un incremento del 2,9% en el conjunto de la Unión Europea y del 2,7% en la zona euro, debido a factores como el déficit de tarifa, los elevados costes de distribución o las prácticas “oligopólicas” de las eléctricas, entre otros. 
Respecto a las deficiencias de facturación de los peajes de acceso, el real decreto de 2011 por el que se establecen tarifas de acceso a las redes de transporte y distribución de energía eléctrica, estipula que los peajes de transporte y distribución serán aprobados por el Gobierno tendrán el carácter de máximos. Por ello, según Unidos Podemos son importes “únicos y aprobados por el Gobierno, no por las comercializadoras, las cuales estarían gravando por encima de esos máximos y por tanto incurriendo en una ilegalidad “. 
Además, desde Podemos añaden que “de ningún modo las empresas comercializadoras deberían añadir ningún coste adicional a lo establecido anteriormente por el Gobierno”. En este mismo sentido asegura que se pronunciaron las instancias judiciales , ya que el Tribunal Superior de Justicia de Cataluña dictaminó en sentencia de mayo de 2012 que no cabía estimar recurso contencioso-administrativo de una empresa comercializadora a una resolución de la sección de Atención a las Personas Usuarias de la Dirección General de Energía, Minas y Seguridad Industrial de la Generalitat. 
La facturación del término de potencia es un coste regulado de forma que su aplicación, o no aplicación, “no depende de lo que puedan acordar las partes contratantes, sino que es de aplicación obligatoria”. Igualmente, la citada resolución añade que la aplicación y traslado a la facturación de las modificaciones de l a cuantía de este coste regulado tampoco puede ser objeto de acuerdos contractuales sino que las sucesivas variaciones deben trasladarse a la facturación de la totalidad de los clientes eléctricos, incluidos en el mercado libre, puesto que se trata de unos porcentajes fijados reglamentariamente . 
Respecto a las deficiencias de facturación relacionadas con el maxímetro, estas vienen de nuevo por un “exceso de facturación”, apunta Unidos Podemos . Según reguló el real decreto de 2001, el control de la potencia demandada se realizará mediante la instalación de los correspondientes aparatos de medida que registrarán la potencia cuarto horaria máxima demandada en cada período tarifario, punta, llano o valle del período de facturación. Existiendo ya el instrumento de control de la potencia máxima y, por lo tanto la potencia a facturar, las comercializadoras estarían facturando de igual modo el 100% de la potencia contratada, incurriendo en un “incumplimiento claro” de la normativa. 
De igual forma, Unidos Podemos pide que la CNMC investigue también las “posibles trampas” que algunas de las empresas comercializadoras de energía eléctrica estarían empleando para hacer creer que sus ofertas son más ventajosas que la tarifa regulada Precio Voluntario para el Pequeño Consumidor (PVPC), cuando “en realidad en todos los casos analizados los recibos del usuario medio lejos de abaratarse se habrían visto encarecidos”. Sobre el Autor
</topic_text>
<spam_score>0.00</spam_score>
<post_num>1</post_num>
<post_id>post-1</post_id>
<post_url>http://www.energiadiario.com/publicacion/podemos-exige-que-la-cnmc-investigue-lo-que-considera-irregularidades-en-los-recibos-de-la-luz/</post_url>
<post_date>20161219</post_date>
<post_time>2255</post_time>
<username>Energía Diario</username>
<post>
Podemos exige que la CNMC investigue lo que considera “irregularidades” en los recibos de la luz Publicado en dic 19 2016 - 10:55pm por Energía Diario 58 Etiquetado como Nadal advierte que no se pueden volver a tomar decisiones políticas que encarezcan el recibo de luz 
Europa Press.- El grupo parlamentario Unidos Podemos-En Comú Podem-En Marea ha registrado una proposición no de ley para que el pleno del Congreso debata sobre la necesidad de que la Comisión Nacional de los Mercados y la competencia (CNMC) incoe una investigación sobre irregularidades en la facturación de la energía eléctrica. 
En la iniciativa, Unidos Podemos denuncia que España presenta uno de los precios más elevados de los países de su entorno, ya que la electricidad para sus hogares es la cuarta más cara de toda Europa, según Eurostat. En este sentido, señala que el incremento desde el segundo semestre de 2013 al de 2014 ha sido del 4,1%, frente a un incremento del 2,9% en el conjunto de la Unión Europea y del 2,7% en la zona euro, debido a factores como el déficit de tarifa, los elevados costes de distribución o las prácticas “oligopólicas” de las eléctricas, entre otros. 
Respecto a las deficiencias de facturación de los peajes de acceso, el real decreto de 2011 por el que se establecen tarifas de acceso a las redes de transporte y distribución de energía eléctrica, estipula que los peajes de transporte y distribución serán aprobados por el Gobierno tendrán el carácter de máximos. Por ello, según Unidos Podemos son importes “únicos y aprobados por el Gobierno, no por las comercializadoras, las cuales estarían gravando por encima de esos máximos y por tanto incurriendo en una ilegalidad “. 
Además, desde Podemos añaden que “de ningún modo las empresas comercializadoras deberían añadir ningún coste adicional a lo establecido anteriormente por el Gobierno”. En este mismo sentido asegura que se pronunciaron las instancias judiciales , ya que el Tribunal Superior de Justicia de Cataluña dictaminó en sentencia de mayo de 2012 que no cabía estimar recurso contencioso-administrativo de una empresa comercializadora a una resolución de la sección de Atención a las Personas Usuarias de la Dirección General de Energía, Minas y Seguridad Industrial de la Generalitat. 
La facturación del término de potencia es un coste regulado de forma que su aplicación, o no aplicación, “no depende de lo que puedan acordar las partes contratantes, sino que es de aplicación obligatoria”. Igualmente, la citada resolución añade que la aplicación y traslado a la facturación de las modificaciones de l a cuantía de este coste regulado tampoco puede ser objeto de acuerdos contractuales sino que las sucesivas variaciones deben trasladarse a la facturación de la totalidad de los clientes eléctricos, incluidos en el mercado libre, puesto que se trata de unos porcentajes fijados reglamentariamente . 
Respecto a las deficiencias de facturación relacionadas con el maxímetro, estas vienen de nuevo por un “exceso de facturación”, apunta Unidos Podemos . Según reguló el real decreto de 2001, el control de la potencia demandada se realizará mediante la instalación de los correspondientes aparatos de medida que registrarán la potencia cuarto horaria máxima demandada en cada período tarifario, punta, llano o valle del período de facturación. Existiendo ya el instrumento de control de la potencia máxima y, por lo tanto la potencia a facturar, las comercializadoras estarían facturando de igual modo el 100% de la potencia contratada, incurriendo en un “incumplimiento claro” de la normativa. 
De igual forma, Unidos Podemos pide que la CNMC investigue también las “posibles trampas” que algunas de las empresas comercializadoras de energía eléctrica estarían empleando para hacer creer que sus ofertas son más ventajosas que la tarifa regulada Precio Voluntario para el Pequeño Consumidor (PVPC), cuando “en realidad en todos los casos analizados los recibos del usuario medio lejos de abaratarse se habrían visto encarecidos”. Sobre el Autor
</post>
<signature>

</signature>
<external_links>

</external_links>
<country>ES</country>
<main_image>http://www.energiadiario.com/publicacion/wp-content/uploads/2016/11/ahorro-luz-150x150.jpeg</main_image>
</document>
