<?xml version="1.0" encoding="UTF-8"?>
<document>
<type>mainstream</type>
<forum>http://www.huffingtonpost.com/tag/atlanta/feed</forum>
<forum_title>Atlanta on Huffington Post</forum_title>
<discussion_title>Atlanta Rapper Shawty Lo Dies In Car Crash</discussion_title>
<language>english</language>
<gmt_offset>-6</gmt_offset>
<topic_url>http://www.huffingtonpost.com/2016/09/21/atlanta-shawty-lo-dead_n_12124688.html</topic_url>
<topic_text>
ATLANTA - Atlanta rapper Carlos Walker, who went by the stage name Shawty Lo, died early on Wednesday in a fiery car crash while returning from a nightclub near his hometown, police said. He was 40.
Walker, a founding member of the Southern rap group D4L and founder of D4L Records, was best known for his single, “Dey Know.”
A message posted on Shawty Lo’s Twitter account, apparently written by the rapper’s manager and brother, noted the death. “My brother has passed, he is no longer here but his spirit, his kind heart and his music will live on,” it said.
Tributes poured in from fans and fellow rappers.
“Prayers to his family and friends. ATown Legend,” wrote American disc jockey DJ Drama.
“Legends never die ... Shawty Lo Forever,” hip-hop recording artist Future wrote.
Walker was driving a white Audi on an interstate highway in South Fulton County near Atlanta at about 2:20 a.m. when the vehicle crashed through a guard rail, hit several trees and caught fire, Fulton County Police spokeswoman Maureen Smith said.
Two women passengers in the vehicle were injured and taken to a nearby hospital, Smith said. The group had recently left a nightclub, she said.
The cause of the collision was under investigation.
(Writing by Laila Kearney; Editing by James Dalgleish and Andrew Hay)
Also on HuffPost Entertainers We&apos;ve Lost In 2016 Entertainers We&apos;ve Lost In 2016 1 of 95 Zsa Zsa Gabor Actress and glamorous socialite Zsa Zsa Gabor died on Dec. 18, 2016. She was 99. Share this slide:
Ron Galella, Ltd. via Getty Images More: Rap Atlanta Shawty Lo Carlos Walker D4l Suggest a correction ENTERTAINMENT HuffPost Entertainment is your one-stop shop for celebrity news, hilarious late-night bits, industry and awards coverage and more — sent right to your inbox six days a week. 1.1 M 131 K 460 
</topic_text>
<spam_score>0.00</spam_score>
<post_num>1</post_num>
<post_id>post-1</post_id>
<post_url>http://www.huffingtonpost.com/2016/09/21/atlanta-shawty-lo-dead_n_12124688.html</post_url>
<post_date>20160921</post_date>
<post_time>2041</post_time>
<username>huffingtonpost.com</username>
<post>
ATLANTA - Atlanta rapper Carlos Walker, who went by the stage name Shawty Lo, died early on Wednesday in a fiery car crash while returning from a nightclub near his hometown, police said. He was 40.
Walker, a founding member of the Southern rap group D4L and founder of D4L Records, was best known for his single, “Dey Know.”
A message posted on Shawty Lo’s Twitter account, apparently written by the rapper’s manager and brother, noted the death. “My brother has passed, he is no longer here but his spirit, his kind heart and his music will live on,” it said.
Tributes poured in from fans and fellow rappers.
“Prayers to his family and friends. ATown Legend,” wrote American disc jockey DJ Drama.
“Legends never die ... Shawty Lo Forever,” hip-hop recording artist Future wrote.
Walker was driving a white Audi on an interstate highway in South Fulton County near Atlanta at about 2:20 a.m. when the vehicle crashed through a guard rail, hit several trees and caught fire, Fulton County Police spokeswoman Maureen Smith said.
Two women passengers in the vehicle were injured and taken to a nearby hospital, Smith said. The group had recently left a nightclub, she said.
The cause of the collision was under investigation.
(Writing by Laila Kearney; Editing by James Dalgleish and Andrew Hay)
Also on HuffPost Entertainers We&apos;ve Lost In 2016 Entertainers We&apos;ve Lost In 2016 1 of 95 Zsa Zsa Gabor Actress and glamorous socialite Zsa Zsa Gabor died on Dec. 18, 2016. She was 99. Share this slide:
Ron Galella, Ltd. via Getty Images More: Rap Atlanta Shawty Lo Carlos Walker D4l Suggest a correction ENTERTAINMENT HuffPost Entertainment is your one-stop shop for celebrity news, hilarious late-night bits, industry and awards coverage and more — sent right to your inbox six days a week. 1.1 M 131 K 460 
</post>
<signature>

</signature>
<external_links>
<external_link>https://twitter.com/THATSSHAWTYLO/status/778558511886336005</external_link><external_link>http://www.zergnet.com/zerg.js?id=41641</external_link><external_link>https://twitter.com/HuffPostEnt</external_link><external_link>http://facebook.com/HuffPostEntertainment</external_link><external_link>http://s.m.huffpost.com/assets/snapchat-QR-f9e427774952023202aa82ff5db0b1b5.png</external_link><external_link>https://itunes.apple.com/us/podcast/here-to-make-friends-bachelor/id995039015?mt=2</external_link><external_link>http://pinterest.com/huffingtonpost</external_link><external_link>http://cdn.taboola.com/libtrc/aol-huffingtonpost/loader.js</external_link>
</external_links>
<country>US</country>
<main_image>http://img.huffingtonpost.com/asset/2000_1000/57e2f0371700002a00ac63e3.jpeg?cache=op2epu2on6</main_image>
</document>
