<?xml version="1.0" encoding="UTF-8"?>
<document>
<type>mainstream</type>
<forum>http://www.trading-house.net/rss/meldungen/</forum>
<forum_title>trading-house.net Nachrichtenfeed</forum_title>
<discussion_title>Atomkraft, Nein danke!: »Wir beziehen uns auf rechtfertigenden Notstand«</discussion_title>
<language>german</language>
<gmt_offset></gmt_offset>
<topic_url>http://www.trading-house.net/news/atomkraft-nein-danke-wir-beziehen-uns-auf-rechtfertigenden-notstand-52508931</topic_url>
<topic_text>
Atomkraft, Nein danke!: »Wir beziehen uns auf rechtfertigenden Notstand« Antiatomaktivisten nach Blockade zu ungewöhnlich hohen Geldstrafen verurteilt. Gespräch mit Hanna Poddig
</topic_text>
<spam_score>0.00</spam_score>
<post_num>1</post_num>
<post_id>post-1</post_id>
<post_url>http://www.trading-house.net/news/atomkraft-nein-danke-wir-beziehen-uns-auf-rechtfertigenden-notstand-52508931</post_url>
<post_date>20161219</post_date>
<post_time>2337</post_time>
<username></username>
<post>
Atomkraft, Nein danke!: »Wir beziehen uns auf rechtfertigenden Notstand« Antiatomaktivisten nach Blockade zu ungewöhnlich hohen Geldstrafen verurteilt. Gespräch mit Hanna Poddig
</post>
<signature>

</signature>
<external_links>

</external_links>
<country>DE</country>
<main_image></main_image>
</document>
