<?xml version="1.0" encoding="UTF-8"?>
<document>
<type>mainstream</type>
<forum>http://rzeszowiak.pl//rss/Przemysl-Maszyny-i-urzadzenia.xml</forum>
<forum_title>Przemysł www.rzeszowiak.pl</forum_title>
<discussion_title>PIŁA FORMATOWA ALTENDORF F45 ...</discussion_title>
<language>polish</language>
<gmt_offset></gmt_offset>
<topic_url>http://www.rzeszowiak.pl/pila-formatowa-altendorf-f45dlugosc-wozka-2800mmregulacja-kata-tarczy-8700466</topic_url>
<topic_text>
długość wózka 2800mmregulacja kąta tarczy do 45 stopniprowadzenie wózka na listwach tekstolitowychprzykładnica kątowa na wózkuhydrauliczna regulacja wysokości piłyhydrauliczna regulacja kąta piłycyfrowy wskaźnik obrotów piłycyfrowy wskaźnik kąta tarczyzasilanie 380Vcena 24 900 zł nettoPrawdopodobnie największy wybór MASZYN STOLARSKICHsprzedaż - skup - zamiana - leasing – ratyMaszynę można obejrzeć i sprawdzić codziennie w tygodniu od godz. 7 do 19,w soboty od godz. 8 do 14, po wcześniejszym kontakcie telefonicznym.Posiadamy na naszym magazynie ponad 400 maszyn.Cała nasza oferta na stronie internetowej :www.maszynydodrewna.comwww.emimaszyny.pl
</topic_text>
<spam_score>0.00</spam_score>
<post_num>1</post_num>
<post_id>post-1</post_id>
<post_url>http://www.rzeszowiak.pl/pila-formatowa-altendorf-f45dlugosc-wozka-2800mmregulacja-kata-tarczy-8700466</post_url>
<post_date>20161219</post_date>
<post_time>1055</post_time>
<username>PIŁA FORMATOWA ALTENDORF F45</username>
<post>
długość wózka 2800mmregulacja kąta tarczy do 45 stopniprowadzenie wózka na listwach tekstolitowychprzykładnica kątowa na wózkuhydrauliczna regulacja wysokości piłyhydrauliczna regulacja kąta piłycyfrowy wskaźnik obrotów piłycyfrowy wskaźnik kąta tarczyzasilanie 380Vcena 24 900 zł nettoPrawdopodobnie największy wybór MASZYN STOLARSKICHsprzedaż - skup - zamiana - leasing – ratyMaszynę można obejrzeć i sprawdzić codziennie w tygodniu od godz. 7 do 19,w soboty od godz. 8 do 14, po wcześniejszym kontakcie telefonicznym.Posiadamy na naszym magazynie ponad 400 maszyn.Cała nasza oferta na stronie internetowej :www.maszynydodrewna.comwww.emimaszyny.pl
</post>
<signature>

</signature>
<external_links>

</external_links>
<country>PL</country>
<main_image></main_image>
</document>
