<?xml version="1.0" encoding="UTF-8"?>
<document>
<type>mainstream</type>
<forum>http://www.dailytribune.com/section?template=RSS&amp;profile=4001867&amp;mime=xml</forum>
<forum_title>RSS Feed from The Daily Tribune: http://www.dailytribune.com</forum_title>
<discussion_title>Clemson QB Watson says he&apos;s best no matter what voters say</discussion_title>
<language>english</language>
<gmt_offset></gmt_offset>
<topic_url>http://www.dailytribune.com/article/DT/20161219/SPORTS/161219593</topic_url>
<topic_text>
# Comments 
Associated Press 
CLEMSON, S.C. (AP)  Clemson quarterback Deshaun Watson believes he is the best player in the country no matter what the Heisman Trophy voters say. 
Watson finished second in the Heisman Trophy voting to Louisville QB Lamar Jackson. Jacksons rise also meant Watson did not repeat even as first team All-Atlantic Coast Conference quarterback. 
Clemson coach Dabo Swinney agrees with Watson that he should have won the Heisman Trophy. 
Swinney said Heisman voters likely were numbed by Watsons amazing play over three years. Advertisement 
The quarterback is excited that his chief goal in college  winning the national championship  is still out there. 
The Tigers (12-1, No. 2 CFP) play Ohio State in the Fiesta Bowl on Dec. 31 in the semifinals of the College Football Playoff. 
Watson, his coach and his teammates think the voters for the Heisman and the all-conference teams got it wrong when it comes to the Clemons QB. 
Im the best player in the country. Thats how I think. Thats how I feel. People have their own way of voting, Watson said Monday as Clemson wraps up its first week of practice before playing Ohio State. 
Watson finished second in the Heisman Trophy voting this year, one spot better than 2015. But Jackson won the award, and knocked Watson out of first-team Atlantic Coast Conference quarterback as well  two disappointing blows to a driven competitor like Watson. 
Though his losses werent caused as much by a slide in his own play as Jacksons remarkable season. 
Watsons 2016 stats are similar to his 2015 numbers in almost every category. He has thrown two more interceptions in two fewer games, but he also has thrown just four fewer passes so far this year than in 2015 for the Tigers (12-1, No. 2 CFP) 
Swinney said the Heisman Trophy has been watered down as voters get swayed by the player who suddenly bursts on the scene and misses out on players like Watson, who are consistently good over a career. 
I think Deshaun is so good, people are numb to it, Swinney said. 
Both Watson and Swinney say they arent knocking Jacksons talent and they understand how he won. But unlike Jackson, who only has the Citrus Bowl against LSU left before his season ends, Watson hopes to be play two more games and achieve the ultimate goal he had when arriving Clemson from Gainesville, Georgia. 
You could put the national championship trophy and the Heisman, he wouldnt think twice about which one to pick, Swinney said 
The championship is what Watson would talk about when he used his key to unlock Clemsons indoor practice facility late at night and throw balls to rehabilitating receiver Mike Williams during the offseason. 
He knows he is the best player in the country. He doesnt need a trophy to say that, Williams said. 
And while the voters might have rejected Watson, the people who know football will validate his talent when he enters the NFL draft, Clemson co-offensive coordinator Jeff Scott said. 
As soon as this season is over, the scouts, GMs, head coaches and offensive coordinators will start speaking with Deshaun and he is going to go straight back to the top, Scott said. 
Swinney said Watson showed his leadership by taking full advantage of the experience of being a two time Heisman Trophy finalist without letting the third place finish in 2015 and the second place finish in 2016 get to him. 
Im sure hes disappointed. But he hasnt expressed that at all, Swinney said. 
Watson said he is proud of his career no matter how the next game (or two) turns out. He wore this years ACC championship hat to during interviews on Monday and is aware of how he took a Clemson team on the cusp of being a national contender to join Alabama as the only back-to-back playoff teams. The Tigers also won two straight ACC titles for the first time in 28 seasons. 
Watson has the same cool demeanor responding to questions about what his college career will mean without a national title as he has had about not winning the Heisman. But his quiet words point out how much a fourth loss of his college career will hurt. 
Ive already experienced not getting it  felt how big that was, Watson said. 

</topic_text>
<spam_score>0.00</spam_score>
<post_num>1</post_num>
<post_id>post-1</post_id>
<post_url>http://www.dailytribune.com/article/DT/20161219/SPORTS/161219593</post_url>
<post_date>20161219</post_date>
<post_time>2352</post_time>
<username>JEFFREY COLLINS</username>
<post>
# Comments 
Associated Press 
CLEMSON, S.C. (AP)  Clemson quarterback Deshaun Watson believes he is the best player in the country no matter what the Heisman Trophy voters say. 
Watson finished second in the Heisman Trophy voting to Louisville QB Lamar Jackson. Jacksons rise also meant Watson did not repeat even as first team All-Atlantic Coast Conference quarterback. 
Clemson coach Dabo Swinney agrees with Watson that he should have won the Heisman Trophy. 
Swinney said Heisman voters likely were numbed by Watsons amazing play over three years. Advertisement 
The quarterback is excited that his chief goal in college  winning the national championship  is still out there. 
The Tigers (12-1, No. 2 CFP) play Ohio State in the Fiesta Bowl on Dec. 31 in the semifinals of the College Football Playoff. 
Watson, his coach and his teammates think the voters for the Heisman and the all-conference teams got it wrong when it comes to the Clemons QB. 
Im the best player in the country. Thats how I think. Thats how I feel. People have their own way of voting, Watson said Monday as Clemson wraps up its first week of practice before playing Ohio State. 
Watson finished second in the Heisman Trophy voting this year, one spot better than 2015. But Jackson won the award, and knocked Watson out of first-team Atlantic Coast Conference quarterback as well  two disappointing blows to a driven competitor like Watson. 
Though his losses werent caused as much by a slide in his own play as Jacksons remarkable season. 
Watsons 2016 stats are similar to his 2015 numbers in almost every category. He has thrown two more interceptions in two fewer games, but he also has thrown just four fewer passes so far this year than in 2015 for the Tigers (12-1, No. 2 CFP) 
Swinney said the Heisman Trophy has been watered down as voters get swayed by the player who suddenly bursts on the scene and misses out on players like Watson, who are consistently good over a career. 
I think Deshaun is so good, people are numb to it, Swinney said. 
Both Watson and Swinney say they arent knocking Jacksons talent and they understand how he won. But unlike Jackson, who only has the Citrus Bowl against LSU left before his season ends, Watson hopes to be play two more games and achieve the ultimate goal he had when arriving Clemson from Gainesville, Georgia. 
You could put the national championship trophy and the Heisman, he wouldnt think twice about which one to pick, Swinney said 
The championship is what Watson would talk about when he used his key to unlock Clemsons indoor practice facility late at night and throw balls to rehabilitating receiver Mike Williams during the offseason. 
He knows he is the best player in the country. He doesnt need a trophy to say that, Williams said. 
And while the voters might have rejected Watson, the people who know football will validate his talent when he enters the NFL draft, Clemson co-offensive coordinator Jeff Scott said. 
As soon as this season is over, the scouts, GMs, head coaches and offensive coordinators will start speaking with Deshaun and he is going to go straight back to the top, Scott said. 
Swinney said Watson showed his leadership by taking full advantage of the experience of being a two time Heisman Trophy finalist without letting the third place finish in 2015 and the second place finish in 2016 get to him. 
Im sure hes disappointed. But he hasnt expressed that at all, Swinney said. 
Watson said he is proud of his career no matter how the next game (or two) turns out. He wore this years ACC championship hat to during interviews on Monday and is aware of how he took a Clemson team on the cusp of being a national contender to join Alabama as the only back-to-back playoff teams. The Tigers also won two straight ACC titles for the first time in 28 seasons. 
Watson has the same cool demeanor responding to questions about what his college career will mean without a national title as he has had about not winning the Heisman. But his quiet words point out how much a fourth loss of his college career will hurt. 
Ive already experienced not getting it  felt how big that was, Watson said. 

</post>
<signature>

</signature>
<external_links>

</external_links>
<country>US</country>
<main_image>http://www.dailytribune.com/apps/pbcsi.dll/storyimage/DT/20161219/SPORTS/161219593/AR/0/AR-161219593.jpg?Maxh=1500&amp;Maxw=1500</main_image>
</document>
