<?xml version="1.0" encoding="UTF-8"?>
<document>
<type>mainstream</type>
<forum>http://jinjibu.jp/GuestRssBeta.rss</forum>
<forum_title>『日本の人事部』新着ニュース</forum_title>
<discussion_title>働きやすくなった実感ない78.3％。夫の意識行動は「あまり変わらない」前年より5.1ポイント増加の78.3％～『働く主婦が振り返る2016年ゆく年くる年アンケート』(しゅふJOB総研調べ)：ビースタイル</discussion_title>
<language>japanese</language>
<gmt_offset></gmt_offset>
<topic_url>https://jinjibu.jp/news/detl/12157/</topic_url>
<topic_text>
2016年は4月に女性活躍推進法が施行され、いよいよ女性が本来の力を発揮できる時代が到来するのではないかと思われました。しかしながら女性が働きやすくなった実感があるかを問うたアンケートに対しては、78.3％の方がNOと回答しました。これは前年より6.9ポイント多い数字となります。 
別の質問項目では、奇しくも同じ78.3％の方が、夫の意識・行動に変化がないと答えています。イクメンやイクボスなどの言葉が徐々に浸透し、男性の育休取得が話題になりつつある中で残念な結果です。 女性の仕事優先度が高まれば高まるほど、男性の意識・行動の変化への期待感はさらに高まるはずです。今回のアンケート結果は、全ての男性に対する警告のように見えます。 
アンケート結果の中で最も気になったのは、2016年がどのような年だったかを振り返った際に「その他」を選択した人の割合が多く、「いままでと変わらない」との趣旨のコメントが39件もあったことです。同じく2017年がどのような年になるかについても、「特に変わらない」との趣旨の回答が48件ありました。 変化を実感できている人が少ないことが、未来への期待の薄さにつながっている ようです。 
一方1日の中で最も優先した時間については「仕事時間」との回答が13.6％から19.3％と5.6ポイント増加している点は注目です。主婦層にとって仕事の優先度が高まっているにもかかわらず未来に期待が持ちづらいのは、 社会の変化が実態に追い付いていない ことを表しています。どれだけ政府が主導しても、実社会が変化しなければ期待は高まりません。一方で政府で行われている施策が実社会に活かし辛いものである可能性もあります。その点は検証が必要です。 
求人倍率は上昇を続けていますが、働く女性にとって選択肢がそこまで増えている実感はありません。ただ、2016年を振り返って、「周囲の理解が進んできた」との回答が増加しているように、 社会の中に変化の兆しも見えてきています。 その流れを途切らせることなく、2017年はさらに実効性を高めていく年になることを願います。
</topic_text>
<spam_score>0.00</spam_score>
<post_num>1</post_num>
<post_id>post-1</post_id>
<post_url>https://jinjibu.jp/news/detl/12157/</post_url>
<post_date>20161219</post_date>
<post_time>0800</post_time>
<username></username>
<post>
2016年は4月に女性活躍推進法が施行され、いよいよ女性が本来の力を発揮できる時代が到来するのではないかと思われました。しかしながら女性が働きやすくなった実感があるかを問うたアンケートに対しては、78.3％の方がNOと回答しました。これは前年より6.9ポイント多い数字となります。 
別の質問項目では、奇しくも同じ78.3％の方が、夫の意識・行動に変化がないと答えています。イクメンやイクボスなどの言葉が徐々に浸透し、男性の育休取得が話題になりつつある中で残念な結果です。 女性の仕事優先度が高まれば高まるほど、男性の意識・行動の変化への期待感はさらに高まるはずです。今回のアンケート結果は、全ての男性に対する警告のように見えます。 
アンケート結果の中で最も気になったのは、2016年がどのような年だったかを振り返った際に「その他」を選択した人の割合が多く、「いままでと変わらない」との趣旨のコメントが39件もあったことです。同じく2017年がどのような年になるかについても、「特に変わらない」との趣旨の回答が48件ありました。 変化を実感できている人が少ないことが、未来への期待の薄さにつながっている ようです。 
一方1日の中で最も優先した時間については「仕事時間」との回答が13.6％から19.3％と5.6ポイント増加している点は注目です。主婦層にとって仕事の優先度が高まっているにもかかわらず未来に期待が持ちづらいのは、 社会の変化が実態に追い付いていない ことを表しています。どれだけ政府が主導しても、実社会が変化しなければ期待は高まりません。一方で政府で行われている施策が実社会に活かし辛いものである可能性もあります。その点は検証が必要です。 
求人倍率は上昇を続けていますが、働く女性にとって選択肢がそこまで増えている実感はありません。ただ、2016年を振り返って、「周囲の理解が進んできた」との回答が増加しているように、 社会の中に変化の兆しも見えてきています。 その流れを途切らせることなく、2017年はさらに実効性を高めていく年になることを願います。
</post>
<signature>

</signature>
<external_links>

</external_links>
<country>JP</country>
<main_image>https://jinjibu.jp/images/misc/nj_thumbnail_770_440.png</main_image>
</document>
