<?xml version="1.0" encoding="UTF-8"?>
<document>
<type>mainstream</type>
<forum>http://www.itromso.no/?widgetName=polarisFeeds&amp;widgetId=6352887&amp;getXmlFeed=true</forum>
<forum_title>itromso RSS</forum_title>
<discussion_title>Mistenkelig gjenstand i Berlin var sovepose</discussion_title>
<language>norwegian</language>
<gmt_offset></gmt_offset>
<topic_url>http://www.itromso.no/ntb/uriks/2016/12/20/Mistenkelig-gjenstand-i-Berlin-var-sovepose-13955278.ece</topic_url>
<topic_text>
Mistenkelig gjenstand i Berlin var sovepose Mistenkelig gjenstand i Berlin var sovepose Berlin (NTB-DPA): Politiet i Berlin sperret av et nytt område for å undersøke en mistenkelig gjenstand, som viste seg å være en sovepose. Last inn siden på nytt Saken oppdateres... 
Politiet sperret av flere gater nord og vest for julemarkedet etter funn av en mistenkelig bag, opplyste politiet til NTB etter angrepet mot julemarkedet. En robot ble sendt for å undersøke bagen, og kort tid etter opplyste politiet at den er sjekket og faren er over. 
– Den mistenkelige gjenstanden i Rankestrasse var en sovepose, skriver Berlin-politiet på Twitter. Lik itromso.no på Facebook: 
iTromsø ønsker en åpen og saklig debatt. Vi fjerner fortløpende innlegg som er rasistiske, sjikanøse eller strider mot etikk eller lovverk. Vi oppfordrer alle til å være saklig og vise respekt for andres meninger, og forbeholder oss retten til å utestenge brukere som ikke overholder våre retningslinjer i kommentarfeltet. Mer å lese på iTromsø: Publisert: 20 desember 2016 00:43 AM Sist oppdatert: 20 desember 2016 00:59 AM Leses nå
</topic_text>
<spam_score>0.00</spam_score>
<post_num>1</post_num>
<post_id>post-1</post_id>
<post_url>http://www.itromso.no/ntb/uriks/2016/12/20/Mistenkelig-gjenstand-i-Berlin-var-sovepose-13955278.ece</post_url>
<post_date>20161219</post_date>
<post_time>2343</post_time>
<username></username>
<post>
Mistenkelig gjenstand i Berlin var sovepose Mistenkelig gjenstand i Berlin var sovepose Berlin (NTB-DPA): Politiet i Berlin sperret av et nytt område for å undersøke en mistenkelig gjenstand, som viste seg å være en sovepose. Last inn siden på nytt Saken oppdateres... 
Politiet sperret av flere gater nord og vest for julemarkedet etter funn av en mistenkelig bag, opplyste politiet til NTB etter angrepet mot julemarkedet. En robot ble sendt for å undersøke bagen, og kort tid etter opplyste politiet at den er sjekket og faren er over. 
– Den mistenkelige gjenstanden i Rankestrasse var en sovepose, skriver Berlin-politiet på Twitter. Lik itromso.no på Facebook: 
iTromsø ønsker en åpen og saklig debatt. Vi fjerner fortløpende innlegg som er rasistiske, sjikanøse eller strider mot etikk eller lovverk. Vi oppfordrer alle til å være saklig og vise respekt for andres meninger, og forbeholder oss retten til å utestenge brukere som ikke overholder våre retningslinjer i kommentarfeltet. Mer å lese på iTromsø: Publisert: 20 desember 2016 00:43 AM Sist oppdatert: 20 desember 2016 00:59 AM Leses nå
</post>
<signature>

</signature>
<external_links>

</external_links>
<country>NO</country>
<main_image>http://static.polarismedia.no/skins/prod/publication/itromso/gfx/applefavicon.png</main_image>
</document>
