<?xml version="1.0" encoding="UTF-8"?>
<document>
<type>mainstream</type>
<forum>http://www.thebluetestament.com/rss/current</forum>
<forum_title>The Blue Testament -  All Posts</forum_title>
<discussion_title>Comets avoid winter weather and get win in Florida</discussion_title>
<language>english</language>
<gmt_offset></gmt_offset>
<topic_url>http://www.thebluetestament.com/2016/12/19/14012404/kansas-city-comets-avoid-winter-weather-and-get-win-in-florida-tropics</topic_url>
<topic_text>
Comets avoid winter weather and get win in Florida Kansas City beat the Tropics 6-4 over the weekend Comets pull out a win on the road with both Gibson and Perez scoring a pair Thad Bell The Kansas City Comets secured their first win on the road this season and improved to a 5-3 record as they defeated the Florida Tropics over the weekend. The Comets came out strong taking a 2-0 lead in the first with goals from Leo Gibson and Bryan Perez. Both assisted by John Sosa. The visitors added a goal from Ramone Palmer midway through the second and looked like they might take a shutout into half but the Tropics did not surrender that easily. In what was their best play of the first half, Florida’s Ricardo Diegues and Marco Rodriguez were able to counter-attack touching the ball back and forth to set up the home teams loan goal of the first half with just 45 second left before the break. Florida’s Victor Rojas and Kansas City’s Stefan Stokic both added goals to make it 4-2 at the end of the third. Gibson extended the lead early in the fourth but the Tropics started to gain momentum. Diegues scored and then Victor Parreiras put one in after Florida added the sixth attacker. The Tropics thought they had equalized with just under two minutes left when a shot came very close to going over the goal line but the referees ruled that Stephen Paterson had prevented that from happening. The Comets went the other way and the controversial decision may have led to the frustration that Anthony Arico displayed when he boarded Stokic and received a blue card. The Comets knocked the ball around to close the game out and Perez added one more goal when they were able to beat the pressure and essentially go 3-1 on Tropics’ keeper Piotr Sliwa. Florida drops to a 2-6 record and both teams get a little time off as the Tropics travel to face Kansas City on Dec. 30 th . More  
</topic_text>
<spam_score>0.00</spam_score>
<post_num>1</post_num>
<post_id>post-1</post_id>
<post_url>http://www.thebluetestament.com/2016/12/19/14012404/kansas-city-comets-avoid-winter-weather-and-get-win-in-florida-tropics</post_url>
<post_date>20161219</post_date>
<post_time>2034</post_time>
<username>Thad Bell</username>
<post>
Comets avoid winter weather and get win in Florida Kansas City beat the Tropics 6-4 over the weekend Comets pull out a win on the road with both Gibson and Perez scoring a pair Thad Bell The Kansas City Comets secured their first win on the road this season and improved to a 5-3 record as they defeated the Florida Tropics over the weekend. The Comets came out strong taking a 2-0 lead in the first with goals from Leo Gibson and Bryan Perez. Both assisted by John Sosa. The visitors added a goal from Ramone Palmer midway through the second and looked like they might take a shutout into half but the Tropics did not surrender that easily. In what was their best play of the first half, Florida’s Ricardo Diegues and Marco Rodriguez were able to counter-attack touching the ball back and forth to set up the home teams loan goal of the first half with just 45 second left before the break. Florida’s Victor Rojas and Kansas City’s Stefan Stokic both added goals to make it 4-2 at the end of the third. Gibson extended the lead early in the fourth but the Tropics started to gain momentum. Diegues scored and then Victor Parreiras put one in after Florida added the sixth attacker. The Tropics thought they had equalized with just under two minutes left when a shot came very close to going over the goal line but the referees ruled that Stephen Paterson had prevented that from happening. The Comets went the other way and the controversial decision may have led to the frustration that Anthony Arico displayed when he boarded Stokic and received a blue card. The Comets knocked the ball around to close the game out and Perez added one more goal when they were able to beat the pressure and essentially go 3-1 on Tropics’ keeper Piotr Sliwa. Florida drops to a 2-6 record and both teams get a little time off as the Tropics travel to face Kansas City on Dec. 30 th . More  
</post>
<signature>

</signature>
<external_links>

</external_links>
<country>US</country>
<main_image>https://cdn0.vox-cdn.com/thumbor/QoIbpEVx5kWTEjXpKrxknwbddDo=/0x84:1600x984/1600x900/cdn0.vox-cdn.com/uploads/chorus_image/image/52364143/i_psbnDnk_X3_1_.0.jpeg</main_image>
</document>
