<?xml version="1.0" encoding="UTF-8"?>
<document>
<type>mainstream</type>
<forum>http://rostovnadonu.bezformata.ru/rss.xml</forum>
<forum_title>Новости города БезФормата.Ru Ростовская область Ростов-на-Дону</forum_title>
<discussion_title>В Ростове задержали водителя «БМВ Х5», сбившего пешехода</discussion_title>
<language>russian</language>
<gmt_offset></gmt_offset>
<topic_url>http://rostovnadonu.bezformata.ru/listnews/zaderzhali-voditelya-bmv-h5-sbivshego/53373564/</topic_url>
<topic_text>
Фото: rostov.ru В Ростове задержали водителя « БМВ Х5 », сбившего пешехода и скрывшегося с места аварии. ДТП произошло в районе дома № 9 «В» на проспекте Королева 19 декабря. Пострадавший 29-летний мужчина с травмами был госпитализирован. - Инспекторы ДПС опросили свидетелей и установили, что момент ДТП зафиксировал видеорегистратор одного из автомобилей, остановившихся на светофоре, - рассказали в ГУ МВД Ростовской области. - На розыск и задержание нарушителя были ориентированы наряды полка ДПС. Вскоре полицейским удалось установить и задержать подозреваемого. Им оказался 31-летний водитель автомобиля « БМВ Х5 ». Задержанный водитель привлечен к ответственности. Кроме того, как выяснилось, водитель не имел прав на управление автомобилем.
</topic_text>
<spam_score>0.00</spam_score>
<post_num>1</post_num>
<post_id>post-1</post_id>
<post_url>http://rostovnadonu.bezformata.ru/listnews/zaderzhali-voditelya-bmv-h5-sbivshego/53373564/</post_url>
<post_date>20161219</post_date>
<post_time>1933</post_time>
<username></username>
<post>
Фото: rostov.ru В Ростове задержали водителя « БМВ Х5 », сбившего пешехода и скрывшегося с места аварии. ДТП произошло в районе дома № 9 «В» на проспекте Королева 19 декабря. Пострадавший 29-летний мужчина с травмами был госпитализирован. - Инспекторы ДПС опросили свидетелей и установили, что момент ДТП зафиксировал видеорегистратор одного из автомобилей, остановившихся на светофоре, - рассказали в ГУ МВД Ростовской области. - На розыск и задержание нарушителя были ориентированы наряды полка ДПС. Вскоре полицейским удалось установить и задержать подозреваемого. Им оказался 31-летний водитель автомобиля « БМВ Х5 ». Задержанный водитель привлечен к ответственности. Кроме того, как выяснилось, водитель не имел прав на управление автомобилем.
</post>
<signature>

</signature>
<external_links>

</external_links>
<country>RU</country>
<main_image>http://rostovnadonu.bezformata.ru/content/image223115075.jpg</main_image>
</document>
