<?xml version="1.0" encoding="UTF-8"?>
<document>
<type>mainstream</type>
<forum>http://www.trading-house.net/rss/meldungen/</forum>
<forum_title>trading-house.net Nachrichtenfeed</forum_title>
<discussion_title>Griechenland: Zu Weihnachten für dumm verkauft</discussion_title>
<language>german</language>
<gmt_offset></gmt_offset>
<topic_url>http://www.trading-house.net/news/griechenland-zu-weihnachten-fuer-dumm-verkauft-52508932</topic_url>
<topic_text>
Griechenland: Zu Weihnachten für dumm verkauft 90 Prozent der griechischen Rentner erhalten keine staatliche Unterstützung mehr
</topic_text>
<spam_score>0.00</spam_score>
<post_num>1</post_num>
<post_id>post-1</post_id>
<post_url>http://www.trading-house.net/news/griechenland-zu-weihnachten-fuer-dumm-verkauft-52508932</post_url>
<post_date>20161219</post_date>
<post_time>2337</post_time>
<username></username>
<post>
Griechenland: Zu Weihnachten für dumm verkauft 90 Prozent der griechischen Rentner erhalten keine staatliche Unterstützung mehr
</post>
<signature>

</signature>
<external_links>

</external_links>
<country>DE</country>
<main_image></main_image>
</document>
