<?xml version="1.0" encoding="UTF-8"?>
<document>
<type>mainstream</type>
<forum>http://wartakota.tribunnews.com/rss</forum>
<forum_title>Wartakota</forum_title>
<discussion_title>Jaksa Hari Ini Jawab Pembelaan Ahok yang Bilang: Mereka Berlindung di Balik Kitab Suci</discussion_title>
<language>indonesian</language>
<gmt_offset></gmt_offset>
<topic_url>http://wartakota.tribunnews.com/2016/12/20/jaksa-hari-ini-jawab-pembelaan-ahok-yang-bilang-mereka-berlindung-di-balik-kitab-suci</topic_url>
<topic_text>
Baca: Djarot: Nota Keberatan Ahok Jujur Apa Adanya 
Mereka tetap berkeyakinan bahwa pernyataan Ahok di Kepulauan Seribu Jakarta pada September 2016 bukanlah bentuk penistaan agama atau penodaan agama. 
Berikut adalah nota keberatan Ahok (eksepsi) yang disampaikan Ahok pada Selasa (13/12) yang akan dijawab jaksa penuntut umum. 
Eksepsi Terdakwa Ahok 
Bapak Ketua Majelis Hakim, dan anggota Majelis Hakim yang saya muliakan, Saudara Jaksa Penuntut Umum yang saya hormati, Penasihat Hukum dan para hadirin yang saya hormati, Pertama-tama saya ingin menyampaikan terima kasih kepada Majelis Hakim atas kesempatan yang diberikan kepada Saya. Berkaitan dengan persoalan yang terjadi saat ini, di mana saya diajukan di hadapan sidang, jelas apa yang saya utarakan di Kepulauan Seribu, bukan dimaksudkan untuk menafsirkan Surat Al-Maidah 51, apalagi berniat menista agama Islam, dan juga berniat untuk menghina para Ulama. 
Namun, ucapan itu saya maksudkan untuk para oknum politisi, yang memanfaatkan Surat Al-Maidah 51 secara tidak benar, karena tidak mau bersaing secara sehat dalam persaingan Pilkada. Ada pandangan yang mengatakan bahwa hanya orang tersebut dan Tuhan lah yang mengetahui apa yang menjadi niat pada saat orang tersebut mengatakan atau melakukan sesuatu. Dalam kesempatan ini di dalam sidang yang sangat mulia ini, saya ingin menjelaskan apa yang menjadi niat saya pada saat saya berbicara di Kepulauan Seribu tersebut. Dalam hal ini, bisa jadi tutur bahasa saya yang bisa memberikan persepsi atau tafsiran yang tidak sesuai dengan apa yang saya niatkan, atau dengan apa yang saya maksudkan pada saat saya berbicara di Kepulauan Seribu. Majelis Hakim yang saya muliakan. Izinkan saya untuk membacakan salah satu sub-judul dari buku saya yang berjudul “&apos;Berlindung Dibalik Ayat Suci” ditulis pada tahun 2008. Saya harap dengan membaca tulisan di buku tersebut, niat saya yang sesungguhnya bisa dipahami dengan lebih jelas, isinya sebagai berikut, saya kutip: Selama karier politik saya dari mendaftarkan diri menjadi anggota partai baru, menjadi ketua cabang, melakukan verifikasi, sampai mengikuti pemilu, kampanye pemilihan bupati, bahkan sampai gubernur, ada ayat yang sama yang saya begitu kenal digunakan untuk memecah belah rakyat, dengan tujuan memuluskan jalan meraih puncak kekuasaan oleh oknum yang kerasukan &apos;roh kolonialisme&apos;. Ayat ini sengaja disebarkan oleh oknum-oknum elite, karena tidak bisa bersaing dengan visi misi program dan integritas pribadinya. Mereka berusaha berlindung dibalik ayat-ayat suci itu, agar rakyat dengan konsep &apos;seiman&apos; memilihnya. Dari oknum elite yang berlindung di balik ayat suci agama Islam, mereka menggunakan surat Almaidah 51. Isinya, melarang rakyat menjadikan kaum Nasrani dan Yahudi menjadi pemimpin mereka, dengan tambahan, jangan pernah memilih kafir menjadi pemimpin. Intinya, mereka mengajak agar memilih pemimpin dari kaum yang seiman. Padahal, setelah saya tanyakan kepada teman-teman, ternyata ayat ini diturunkan pada saat adanya orang-orang muslim yang ingin membunuh Nabi Besar Muhammad, dengan cara membuat koalisi dengan kelompok Nasrani dan Yahudi di tempat itu. 
Jadi jelas, bukan dalam rangka memilih kepala pemerintahan, karena di NKRI, kepala pemerintahan bukanlah kepala agama/imam kepala. Bagaimana dengan oknum elite yang berlindung dibalik ayat suci Agama Kristen? Mereka menggunakan ayat di Surat Galatia 6:10. Isinya, selama kita masih ada kesempatan, marilah kita berbuat baik kepada semua orang, tetapi terutama kepada kawan-kawan kita seiman. Saya tidak tahu apa yang digunakan oknum elite di Bali yang beragama Hindu, atau yang beragama Buddha. Tetapi saya berkeyakinan, intinya pasti jangan memilih yang beragama lain atau suku lain atau golongan lain, apalagi yang ras-nya lain. 
Intinya, pilihlah yang seiman/sesama kita (suku, agama, ras, dan antar-golongan). Mungkin ada yang lebih kasar lagi, pilihlah yang sesama kita manusia, yang lain bukan, karena dianggap kafir atau najis, atau binatang! Karena kondisi banyaknya oknum elite yang pengecut dan tidak bisa menang dalam pesta demokrasi, dan akhirnya mengandalkan hitungan suara berdasarkan se-SARA tadi, maka betapa banyaknya, sumber daya manusia dan ekonomi yang kita sia-siakan.
</topic_text>
<spam_score>0.00</spam_score>
<post_num>1</post_num>
<post_id>post-1</post_id>
<post_url>http://wartakota.tribunnews.com/2016/12/20/jaksa-hari-ini-jawab-pembelaan-ahok-yang-bilang-mereka-berlindung-di-balik-kitab-suci</post_url>
<post_date>20161219</post_date>
<post_time>2159</post_time>
<username></username>
<post>
Baca: Djarot: Nota Keberatan Ahok Jujur Apa Adanya 
Mereka tetap berkeyakinan bahwa pernyataan Ahok di Kepulauan Seribu Jakarta pada September 2016 bukanlah bentuk penistaan agama atau penodaan agama. 
Berikut adalah nota keberatan Ahok (eksepsi) yang disampaikan Ahok pada Selasa (13/12) yang akan dijawab jaksa penuntut umum. 
Eksepsi Terdakwa Ahok 
Bapak Ketua Majelis Hakim, dan anggota Majelis Hakim yang saya muliakan, Saudara Jaksa Penuntut Umum yang saya hormati, Penasihat Hukum dan para hadirin yang saya hormati, Pertama-tama saya ingin menyampaikan terima kasih kepada Majelis Hakim atas kesempatan yang diberikan kepada Saya. Berkaitan dengan persoalan yang terjadi saat ini, di mana saya diajukan di hadapan sidang, jelas apa yang saya utarakan di Kepulauan Seribu, bukan dimaksudkan untuk menafsirkan Surat Al-Maidah 51, apalagi berniat menista agama Islam, dan juga berniat untuk menghina para Ulama. 
Namun, ucapan itu saya maksudkan untuk para oknum politisi, yang memanfaatkan Surat Al-Maidah 51 secara tidak benar, karena tidak mau bersaing secara sehat dalam persaingan Pilkada. Ada pandangan yang mengatakan bahwa hanya orang tersebut dan Tuhan lah yang mengetahui apa yang menjadi niat pada saat orang tersebut mengatakan atau melakukan sesuatu. Dalam kesempatan ini di dalam sidang yang sangat mulia ini, saya ingin menjelaskan apa yang menjadi niat saya pada saat saya berbicara di Kepulauan Seribu tersebut. Dalam hal ini, bisa jadi tutur bahasa saya yang bisa memberikan persepsi atau tafsiran yang tidak sesuai dengan apa yang saya niatkan, atau dengan apa yang saya maksudkan pada saat saya berbicara di Kepulauan Seribu. Majelis Hakim yang saya muliakan. Izinkan saya untuk membacakan salah satu sub-judul dari buku saya yang berjudul “&apos;Berlindung Dibalik Ayat Suci” ditulis pada tahun 2008. Saya harap dengan membaca tulisan di buku tersebut, niat saya yang sesungguhnya bisa dipahami dengan lebih jelas, isinya sebagai berikut, saya kutip: Selama karier politik saya dari mendaftarkan diri menjadi anggota partai baru, menjadi ketua cabang, melakukan verifikasi, sampai mengikuti pemilu, kampanye pemilihan bupati, bahkan sampai gubernur, ada ayat yang sama yang saya begitu kenal digunakan untuk memecah belah rakyat, dengan tujuan memuluskan jalan meraih puncak kekuasaan oleh oknum yang kerasukan &apos;roh kolonialisme&apos;. Ayat ini sengaja disebarkan oleh oknum-oknum elite, karena tidak bisa bersaing dengan visi misi program dan integritas pribadinya. Mereka berusaha berlindung dibalik ayat-ayat suci itu, agar rakyat dengan konsep &apos;seiman&apos; memilihnya. Dari oknum elite yang berlindung di balik ayat suci agama Islam, mereka menggunakan surat Almaidah 51. Isinya, melarang rakyat menjadikan kaum Nasrani dan Yahudi menjadi pemimpin mereka, dengan tambahan, jangan pernah memilih kafir menjadi pemimpin. Intinya, mereka mengajak agar memilih pemimpin dari kaum yang seiman. Padahal, setelah saya tanyakan kepada teman-teman, ternyata ayat ini diturunkan pada saat adanya orang-orang muslim yang ingin membunuh Nabi Besar Muhammad, dengan cara membuat koalisi dengan kelompok Nasrani dan Yahudi di tempat itu. 
Jadi jelas, bukan dalam rangka memilih kepala pemerintahan, karena di NKRI, kepala pemerintahan bukanlah kepala agama/imam kepala. Bagaimana dengan oknum elite yang berlindung dibalik ayat suci Agama Kristen? Mereka menggunakan ayat di Surat Galatia 6:10. Isinya, selama kita masih ada kesempatan, marilah kita berbuat baik kepada semua orang, tetapi terutama kepada kawan-kawan kita seiman. Saya tidak tahu apa yang digunakan oknum elite di Bali yang beragama Hindu, atau yang beragama Buddha. Tetapi saya berkeyakinan, intinya pasti jangan memilih yang beragama lain atau suku lain atau golongan lain, apalagi yang ras-nya lain. 
Intinya, pilihlah yang seiman/sesama kita (suku, agama, ras, dan antar-golongan). Mungkin ada yang lebih kasar lagi, pilihlah yang sesama kita manusia, yang lain bukan, karena dianggap kafir atau najis, atau binatang! Karena kondisi banyaknya oknum elite yang pengecut dan tidak bisa menang dalam pesta demokrasi, dan akhirnya mengandalkan hitungan suara berdasarkan se-SARA tadi, maka betapa banyaknya, sumber daya manusia dan ekonomi yang kita sia-siakan.
</post>
<signature>

</signature>
<external_links>

</external_links>
<country>US</country>
<main_image>http://cdn2.tstatic.net/wartakota/foto/bank/images/20161215-ahok_20161215_011256.jpg</main_image>
</document>
