<?xml version="1.0" encoding="UTF-8"?>
<document>
<type>mainstream</type>
<forum>http://timesofindia.indiatimes.com/rssfeeds/6547154.cms</forum>
<forum_title>Gurgaon News, Latest Gurgaon News Headlines &amp; Live Updates - Times of India</forum_title>
<discussion_title>Promoting fitness in Gurgaon on a chilly Sunday morning</discussion_title>
<language>english</language>
<gmt_offset></gmt_offset>
<topic_url>http://timesofindia.indiatimes.com/city/gurgaon/promoting-fitness-in-gurgaon-on-a-chilly-sunday-morning/articleshow/56068865.cms</topic_url>
<topic_text>
While it was one lazy Sunday morning for other Gurgaonwallahs, an enthusiastic group of corporate employees pedalled for about 15 kilometers on Gurgaon-Faridabad Road . Around 150 employees of a corporate house in Gurgaon participated in a corporate cycling event to promote health and fitness. 

This group of employees cycled about 15 kilometres on Gurgaon-Faridabad road (BCCL) 

Anjali with Shikha (BCCL) 

&quot;We had been planning this cycle ride for a long time. We organized and coordinated with all the departments and worked hard to organize this event,&quot; said Mamta Wasan from the HR department of the company. The ride started at 8am and ended at around 11am at the Qutub Market Plaza in DLF Phase 1. &quot;This ride was organized to keep all employees healthy and to motivate them to be fit through physical exercises like cycling,&quot; said Manpreet Singh , another HR senior at the company. 



READ ALSO: 
Gurgaon&apos;s moonlight marathon 

Gurgaon unites for four-legged friends 

After the event ended, everyone had refreshments and gathered together to share their cycling experience. &quot;I had lots of fun,&quot; said Vandana Kuwar , who was the female runner-up of the ride, while Twina Bora was the winner. 

— Alisha Bisherwal
</topic_text>
<spam_score>0.00</spam_score>
<post_num>1</post_num>
<post_id>post-1</post_id>
<post_url>http://timesofindia.indiatimes.com/city/gurgaon/promoting-fitness-in-gurgaon-on-a-chilly-sunday-morning/articleshow/56068865.cms</post_url>
<post_date>20161220</post_date>
<post_time>0100</post_time>
<username>timesofindia.indiatimes.com</username>
<post>
While it was one lazy Sunday morning for other Gurgaonwallahs, an enthusiastic group of corporate employees pedalled for about 15 kilometers on Gurgaon-Faridabad Road . Around 150 employees of a corporate house in Gurgaon participated in a corporate cycling event to promote health and fitness. 

This group of employees cycled about 15 kilometres on Gurgaon-Faridabad road (BCCL) 

Anjali with Shikha (BCCL) 

&quot;We had been planning this cycle ride for a long time. We organized and coordinated with all the departments and worked hard to organize this event,&quot; said Mamta Wasan from the HR department of the company. The ride started at 8am and ended at around 11am at the Qutub Market Plaza in DLF Phase 1. &quot;This ride was organized to keep all employees healthy and to motivate them to be fit through physical exercises like cycling,&quot; said Manpreet Singh , another HR senior at the company. 



READ ALSO: 
Gurgaon&apos;s moonlight marathon 

Gurgaon unites for four-legged friends 

After the event ended, everyone had refreshments and gathered together to share their cycling experience. &quot;I had lots of fun,&quot; said Vandana Kuwar , who was the female runner-up of the ride, while Twina Bora was the winner. 

— Alisha Bisherwal
</post>
<signature>

</signature>
<external_links>

</external_links>
<country>IN</country>
<main_image>http://timesofindia.indiatimes.com/photo/56069077.cms</main_image>
</document>
