<?xml version="1.0" encoding="UTF-8"?>
<document>
<type>mainstream</type>
<forum>http://www.tntv.pf/xml/syndication.rss</forum>
<forum_title>Tahiti Nui Télévision - Actualités de Polynésie, informations, vidéos, direct, news, culture, sport</forum_title>
<discussion_title>Mata Tohora cherche son communiquant</discussion_title>
<language>french</language>
<gmt_offset></gmt_offset>
<topic_url>http://www.tntv.pf/Mata-Tohora-cherche-son-communiquant_a15755.html</topic_url>
<topic_text>
Mata Tohora cherche son communiquant   13:34 | Lu 111 fois ENVIRONNEMENT - L&apos;association de protection des baleines, Mata Tohora a publié sur sa page FaceBook un appel à candidature pour un poste de communiquant. La date limite des candidatures est fixée au 10 janvier 2017 Crédit photo: Mata Tohora Le volontaire accompagnera Mata Tohora dans la gestion de l’environnement marin et particulièrement des mammifères marins, par la communication et la sensibilisation des scolaires, des professionnels et du grand public. Le candidat participera entre autres à la création d’outils de communication et de sensibilisation, la rédaction de newsletters et d’actualités sur les réseaux sociaux, la sensibilisation sur l’eau auprès des usagers de la mer, la planification et l’animation des événements et à la participation à l’actualisation du site internet. Vous trouverez en pièce jointes plus d&apos;informations sur le poste et le profil demandé. Si vous êtes intéressé(e), vous pouvez envoyer votre CV et votre lettre de motivation à info@matatohora.com jusqu’au 10 janvier 2017. Rédaction Web
</topic_text>
<spam_score>0.00</spam_score>
<post_num>1</post_num>
<post_id>post-1</post_id>
<post_url>http://www.tntv.pf/Mata-Tohora-cherche-son-communiquant_a15755.html</post_url>
<post_date>20161219</post_date>
<post_time>2334</post_time>
<username>TNTV</username>
<post>
Mata Tohora cherche son communiquant   13:34 | Lu 111 fois ENVIRONNEMENT - L&apos;association de protection des baleines, Mata Tohora a publié sur sa page FaceBook un appel à candidature pour un poste de communiquant. La date limite des candidatures est fixée au 10 janvier 2017 Crédit photo: Mata Tohora Le volontaire accompagnera Mata Tohora dans la gestion de l’environnement marin et particulièrement des mammifères marins, par la communication et la sensibilisation des scolaires, des professionnels et du grand public. Le candidat participera entre autres à la création d’outils de communication et de sensibilisation, la rédaction de newsletters et d’actualités sur les réseaux sociaux, la sensibilisation sur l’eau auprès des usagers de la mer, la planification et l’animation des événements et à la participation à l’actualisation du site internet. Vous trouverez en pièce jointes plus d&apos;informations sur le poste et le profil demandé. Si vous êtes intéressé(e), vous pouvez envoyer votre CV et votre lettre de motivation à info@matatohora.com jusqu’au 10 janvier 2017. Rédaction Web
</post>
<signature>

</signature>
<external_links>

</external_links>
<country>PF</country>
<main_image>http://www.tntv.pf/photo/art/grande/10812447-17862322.jpg?v=1482190528</main_image>
</document>
