<?xml version="1.0" encoding="UTF-8"?>
<document>
<type>mainstream</type>
<forum>http://www.nbc-2.com/category/170695/weird-news?clienttype=rss</forum>
<forum_title>NBC2 News - Weird News</forum_title>
<discussion_title>Man wins OK to wear goat horns in driver&apos;s license photo</discussion_title>
<language>english</language>
<gmt_offset></gmt_offset>
<topic_url>http://www.nbc-2.com/story/34092433/man-wins-ok-to-wear-goat-horns-in-drivers-license-photo</topic_url>
<topic_text>
Man wins OK to wear goat horns in driver&apos;s license photo Posted: Updated: Monday, December 19 2016 6:30 PM EST 2016-12-19 23:30:24 GMT The Latest on the Electoral College meeting Monday to formally elect Donald Trump the nation&apos;s 45th president (all times EDT): More &gt;&gt; The Latest on the Electoral College meeting Monday to formally elect Donald Trump the nation&apos;s 45th president (all times EST): More &gt;&gt; Updated: Monday, December 19 2016 6:19 PM EST 2016-12-19 23:19:55 GMT An Army veteran who died without knowing he won the nation&apos;s highest medal of bravery is getting the honor he&apos;s been owed for nearly 140 years. More &gt;&gt; A Nevada Army veteran who died without knowing he won the nation&apos;s highest medal of bravery received the honor he&apos;s been owed for nearly 140 years in a ceremony on Monday. More &gt;&gt; Updated: Monday, December 19 2016 6:19 PM EST 2016-12-19 23:19:54 GMT Drug wholesalers shipped 780 million hydrocodone and oxycodone pills to West Virginia in just six years, a period when 1,728 people fatally overdosed on these two painkillers, according to an investigation by the... More &gt;&gt; Drug wholesalers shipped 780 million hydrocodone and oxycodone pills to West Virginia in just six years, a period when 1,728 people fatally overdosed on these two painkillers, according to an investigation by the... More &gt;&gt; Monday, December 19 2016 6:09 PM EST 2016-12-19 23:09:59 GMT The nation&apos;s largest public pension system is giving up tobacco. More &gt;&gt; The nation&apos;s largest public pension system is giving up tobacco. More &gt;&gt; Updated: Monday, December 19 2016 6:00 PM EST 2016-12-19 23:00:10 GMT President Barack Obama has tapped his White House political director to run the foundation that will build his presidential library and center. More &gt;&gt; President Barack Obama has tapped his White House political director to run the foundation that will build his presidential library and center. More &gt;&gt; Updated: Monday, December 19 2016 5:29 PM EST 2016-12-19 22:29:56 GMT North Carolina&apos;s incoming governor says that legislators are planning to hold a special session to repeal a law limiting protections for LGBT people. More &gt;&gt; North Carolina leaders struck a deal Monday to kill the state law widely derided as the &quot;bathroom bill,&quot; after it tarnished the state&apos;s reputation, cost it scores of jobs and contributed to the Republican... More &gt;&gt; Updated: Monday, December 19 2016 5:20 PM EST 2016-12-19 22:20:03 GMT The White House says President Barack Obama has pardoned 78 people and shortened the sentence of 153 others convicted of federal crimes. It&apos;s the most number of individual clemencies in a single day by any... More &gt;&gt; President Barack Obama has pardoned 78 people and shortened the sentence of 153 others convicted of federal crimes, the greatest number of individual clemencies in a single day by any president, the White House said Monday. More &gt;&gt; Updated: Monday, December 19 2016 5:10 PM EST 2016-12-19 22:10:16 GMT A California agency that oversees judicial discipline in the state ruled Monday that a judge committed no misconduct when he sentenced former Stanford University swimmer Brock Turner to six months in jail for... More &gt;&gt; A California judge was cleared of misconduct Monday for sentencing a former Stanford University swimmer to six months in jail for sexually assaulting an unconscious woman on campus, a punishment decried as too lenient by... More &gt;&gt; Updated: Monday, December 19 2016 5:10 PM EST 2016-12-19 22:10:01 GMT A Colorado woman accused of leaving her son alone in a car overnight during a snowstorm appeared to be under the influence of drugs or alcohol around the time she apparently abandoned the boy. More &gt;&gt; A Colorado woman accused of leaving her son alone in a car overnight during a snowstorm appeared to be under the influence of drugs or alcohol around the time she apparently abandoned the boy. More &gt;&gt; Updated: Monday, December 19 2016 5:00 PM EST 2016-12-19 22:00:10 GMT Minnesota head coach Tracy Claeys says he knew he was risking his job last week when he expressed support for players who boycotted practices and threatened to skip a bowl game if 10 teammates who were suspended... More &gt;&gt; In a story Dec. 18 about a threatened boycott of the Holiday Bowl by University of Minnesota football players over a sexual assault investigation, The Associated Press reported erroneously that the alleged victim told... More &gt;&gt; By MARINA VILLENEUVEAssociated Press 
AUGUSTA, Maine (AP) - An ordained Pagan priest finally has gotten the OK to sport goat horns in his Maine driver&apos;s license photo. 
Maine resident Phelan Moonsong said that unless he&apos;s sleeping or bathing, he always wears his goat horns, which serve as his spiritual antennae and help him educate others about Paganism. 
But Moonsong is questioning why he had to appeal his driver license&apos;s photo to the state after explaining his religious beliefs to Bureau of Motor Vehicle staff. Plus, he adds, the horns didn&apos;t obstruct his face. 
The Maine Secretary of State&apos;s office said the state was not familiar with his choice of headdress and had asked Moonsong for more information to review the issue. A spokeswoman said the state allowed the goat horns because Moonsong cited their religious purposes and also because they didn&apos;t obstruct his face. 
Maine motor vehicle staff can hold license photos for review if they have a concern about religious headdress. 
Moonsong said after he applied for an updated driver&apos;s license in August and explained his religion to a motor vehicles employee, he was told to appeal his photo to the Secretary of State&apos;s office. 
He said he provided more information to the Secretary of State&apos;s office. But when he contacted the Bureau of Motor Vehicles in late November, he said he was told his ID was rejected - which was news to him. 
Moonsong then filled out an application for legal assistance from the American Civil Liberties Union, which recently told him it was unable to take his case. 
&quot;What I was requesting should have been accepted according to what was written in statute and in guidelines,&quot; he said. 
It should be no different than a nun wearing a habit, or a Sikh wearing a Turban, Moonsong said. 
But, he said, he was happy to receive his new driver&apos;s license last week. Copyright 2016 The Associated Press. All rights reserved. This material may not be published, broadcast, rewritten or redistributed. Can&apos;t Find Something?
</topic_text>
<spam_score>0.00</spam_score>
<post_num>1</post_num>
<post_id>post-1</post_id>
<post_url>http://www.nbc-2.com/story/34092433/man-wins-ok-to-wear-goat-horns-in-drivers-license-photo</post_url>
<post_date>20161219</post_date>
<post_time>2350</post_time>
<username></username>
<post>
Man wins OK to wear goat horns in driver&apos;s license photo Posted: Updated: Monday, December 19 2016 6:30 PM EST 2016-12-19 23:30:24 GMT The Latest on the Electoral College meeting Monday to formally elect Donald Trump the nation&apos;s 45th president (all times EDT): More &gt;&gt; The Latest on the Electoral College meeting Monday to formally elect Donald Trump the nation&apos;s 45th president (all times EST): More &gt;&gt; Updated: Monday, December 19 2016 6:19 PM EST 2016-12-19 23:19:55 GMT An Army veteran who died without knowing he won the nation&apos;s highest medal of bravery is getting the honor he&apos;s been owed for nearly 140 years. More &gt;&gt; A Nevada Army veteran who died without knowing he won the nation&apos;s highest medal of bravery received the honor he&apos;s been owed for nearly 140 years in a ceremony on Monday. More &gt;&gt; Updated: Monday, December 19 2016 6:19 PM EST 2016-12-19 23:19:54 GMT Drug wholesalers shipped 780 million hydrocodone and oxycodone pills to West Virginia in just six years, a period when 1,728 people fatally overdosed on these two painkillers, according to an investigation by the... More &gt;&gt; Drug wholesalers shipped 780 million hydrocodone and oxycodone pills to West Virginia in just six years, a period when 1,728 people fatally overdosed on these two painkillers, according to an investigation by the... More &gt;&gt; Monday, December 19 2016 6:09 PM EST 2016-12-19 23:09:59 GMT The nation&apos;s largest public pension system is giving up tobacco. More &gt;&gt; The nation&apos;s largest public pension system is giving up tobacco. More &gt;&gt; Updated: Monday, December 19 2016 6:00 PM EST 2016-12-19 23:00:10 GMT President Barack Obama has tapped his White House political director to run the foundation that will build his presidential library and center. More &gt;&gt; President Barack Obama has tapped his White House political director to run the foundation that will build his presidential library and center. More &gt;&gt; Updated: Monday, December 19 2016 5:29 PM EST 2016-12-19 22:29:56 GMT North Carolina&apos;s incoming governor says that legislators are planning to hold a special session to repeal a law limiting protections for LGBT people. More &gt;&gt; North Carolina leaders struck a deal Monday to kill the state law widely derided as the &quot;bathroom bill,&quot; after it tarnished the state&apos;s reputation, cost it scores of jobs and contributed to the Republican... More &gt;&gt; Updated: Monday, December 19 2016 5:20 PM EST 2016-12-19 22:20:03 GMT The White House says President Barack Obama has pardoned 78 people and shortened the sentence of 153 others convicted of federal crimes. It&apos;s the most number of individual clemencies in a single day by any... More &gt;&gt; President Barack Obama has pardoned 78 people and shortened the sentence of 153 others convicted of federal crimes, the greatest number of individual clemencies in a single day by any president, the White House said Monday. More &gt;&gt; Updated: Monday, December 19 2016 5:10 PM EST 2016-12-19 22:10:16 GMT A California agency that oversees judicial discipline in the state ruled Monday that a judge committed no misconduct when he sentenced former Stanford University swimmer Brock Turner to six months in jail for... More &gt;&gt; A California judge was cleared of misconduct Monday for sentencing a former Stanford University swimmer to six months in jail for sexually assaulting an unconscious woman on campus, a punishment decried as too lenient by... More &gt;&gt; Updated: Monday, December 19 2016 5:10 PM EST 2016-12-19 22:10:01 GMT A Colorado woman accused of leaving her son alone in a car overnight during a snowstorm appeared to be under the influence of drugs or alcohol around the time she apparently abandoned the boy. More &gt;&gt; A Colorado woman accused of leaving her son alone in a car overnight during a snowstorm appeared to be under the influence of drugs or alcohol around the time she apparently abandoned the boy. More &gt;&gt; Updated: Monday, December 19 2016 5:00 PM EST 2016-12-19 22:00:10 GMT Minnesota head coach Tracy Claeys says he knew he was risking his job last week when he expressed support for players who boycotted practices and threatened to skip a bowl game if 10 teammates who were suspended... More &gt;&gt; In a story Dec. 18 about a threatened boycott of the Holiday Bowl by University of Minnesota football players over a sexual assault investigation, The Associated Press reported erroneously that the alleged victim told... More &gt;&gt; By MARINA VILLENEUVEAssociated Press 
AUGUSTA, Maine (AP) - An ordained Pagan priest finally has gotten the OK to sport goat horns in his Maine driver&apos;s license photo. 
Maine resident Phelan Moonsong said that unless he&apos;s sleeping or bathing, he always wears his goat horns, which serve as his spiritual antennae and help him educate others about Paganism. 
But Moonsong is questioning why he had to appeal his driver license&apos;s photo to the state after explaining his religious beliefs to Bureau of Motor Vehicle staff. Plus, he adds, the horns didn&apos;t obstruct his face. 
The Maine Secretary of State&apos;s office said the state was not familiar with his choice of headdress and had asked Moonsong for more information to review the issue. A spokeswoman said the state allowed the goat horns because Moonsong cited their religious purposes and also because they didn&apos;t obstruct his face. 
Maine motor vehicle staff can hold license photos for review if they have a concern about religious headdress. 
Moonsong said after he applied for an updated driver&apos;s license in August and explained his religion to a motor vehicles employee, he was told to appeal his photo to the Secretary of State&apos;s office. 
He said he provided more information to the Secretary of State&apos;s office. But when he contacted the Bureau of Motor Vehicles in late November, he said he was told his ID was rejected - which was news to him. 
Moonsong then filled out an application for legal assistance from the American Civil Liberties Union, which recently told him it was unable to take his case. 
&quot;What I was requesting should have been accepted according to what was written in statute and in guidelines,&quot; he said. 
It should be no different than a nun wearing a habit, or a Sikh wearing a Turban, Moonsong said. 
But, he said, he was happy to receive his new driver&apos;s license last week. Copyright 2016 The Associated Press. All rights reserved. This material may not be published, broadcast, rewritten or redistributed. Can&apos;t Find Something?
</post>
<signature>

</signature>
<external_links>

</external_links>
<country>US</country>
<main_image>http://ftpcontent.worldnow.com/wncustom/custom/wbbh/2015/images/wbbh-og-image.jpg</main_image>
</document>
