<?xml version="1.0" encoding="UTF-8"?>
<document>
<type>mainstream</type>
<forum></forum>
<forum_title></forum_title>
<discussion_title>Codeine to be a prescription drug by 2018</discussion_title>
<language>english</language>
<gmt_offset></gmt_offset>
<topic_url>https://au.news.yahoo.com/video/watch/33613904/codeine-to-be-a-prescription-drug-by-2018/</topic_url>
<topic_text>
Share Codeine to be a prescription drug by 2018 
Painkillers containing codeine will soon only be available with a prescription. The new measures will come into affect in 2018. Most Viewed 
</topic_text>
<spam_score>0.42</spam_score>
<post_num>1</post_num>
<post_id>post-1</post_id>
<post_url>https://au.news.yahoo.com/video/watch/33613904/codeine-to-be-a-prescription-drug-by-2018/</post_url>
<post_date>20161220</post_date>
<post_time></post_time>
<username>Published Hrs</username>
<post>
Share Codeine to be a prescription drug by 2018 
Painkillers containing codeine will soon only be available with a prescription. The new measures will come into affect in 2018. Most Viewed 
</post>
<signature>

</signature>
<external_links>

</external_links>
<country>AU</country>
<main_image>https://s.yimg.com/iu/api/res/1.2/WxjfUy5AWVj0CyIq3fbsGw--/YXBwaWQ9eXZpZGVvO3c9MjYzO2g9MjAwO2R4PTg1O2R5PTE7Y3c9NDcyO2NoPTM1OTtxPTcwO3VsY3JvcDtyb3RhdGU9YXV0bw--/https://s.yimg.com/ea/img/-/161220/58583f35b37ca_2016_12_19t20_09_59.266z_640x360.jpg</main_image>
</document>
