<?xml version="1.0" encoding="UTF-8"?>
<document>
<type>mainstream</type>
<forum>http://www.theguardian.com/theguardian/2014/aug/30/weekend/rss</forum>
<forum_title>The Guardian</forum_title>
<discussion_title>Our trees are now a growth industry | Patrick Barkham | Opinion</discussion_title>
<language>english</language>
<gmt_offset></gmt_offset>
<topic_url>https://www.theguardian.com/commentisfree/2016/dec/19/tree-of-the-year-britain-natural-world</topic_url>
<topic_text>
H e’s charismatic, muscular and simply would not be moved: the star of Saturday night TV was not Ore Oduba or Len Goodman, but the Brimmon oak . As the Strictly Come Dancing final was taking place on the BBC, over on Channel 4, Father Ted actor Ardal O’Hanlon pottered around Britain in search of the remarkable trees shortlisted for the Woodland Trust’s Tree of the Year competition.
O’Hanlon’s casting implies that giving prizes to trees is a marginal interest, but TOTY is growing vigorously and he extracted some quirky comedy from proceedings. “Can I sample your juice?” he asked a Bramley apple seller in the Nottinghamshire town where this cooking apple tree was accidentally born. But TOTY also showed how individual trees become central, celebrated members of our communities – revered elders that cause us to give thanks for life on earth.
There’s Old Knobbley in Essex; the Ding Dong tree in a Scottish playground, around which three generations of children have played a unique game of “it”; and the Bicycle tree in the Trossachs, which swallowed a bike. According to local legend, a young man leaned his bike against the tree for a blacksmith to repair, went off to the first world war and never returned to reclaim it.
2016 Woodland Trust tree of the year shortlist - in pictures Read more 
A fable for our times is the UK’s winning tree: the Brimmon oak in Powys. Generations of local farmer Mervyn Jones’s family have treasured this stout-trunked sentinel; a portrait of his forebears’ wedding in 1901 was taken in front of it.
The Brimmon oak was in fact due to be destroyed by a new bypass – until it was spotted by Rob McBride, an enthusiast known as “ the tree hunter ”, who identifies ancient trees. He launched a campaign, and earlier this year the Welsh assembly announced it would realign the bypass around the tree.
So what will 31st-century archeologists make of the remnants of a road that bent around an ancient tree? Did 21st-century society worship trees? Not exactly, but in an era of environmental devastation our awareness of something mightier than ourselves is a heartening sign of our better nature.
Benefits for badgers? An ad break during TOTY showed a real-life badger nosing around a coffee machine as part of the John Lewis Christmas ad campaign. This is bitterly ironic timing since the government has just announced the slaughter of 10,866 badgers in the three months to October – almost certainly a more intensive killing spree than at any moment in the long and vexed history of humans and badgers in Britain.
I vacillate between welcoming any onscreen depiction of nature, and wishing that animals were somehow copyrighted so that they could benefit from our exploitation. John Lewis is giving money to the Wildlife Trusts as a “thanks for the animals” but it could go further and refuse to stock produce sourced from pro-badger cull farms. This year I’m buying Christmas gifts from Lush – one company that has the guts to campaign against the badger cull.
Parakeets go wild 
Mr Brown, the last echo parakeet outside Mauritius, has died at the wildlife park founded by Gerald Durrell in Jersey. This is a cause for celebration, not mourning. E cho parakeets were virtually extinct – down to fewer than a dozen wild birds in 1986 – until they were championed by Durrell. After intensive conservation efforts in Mauritius, there are now more than 600 echo parakeets in the wild – so no need for a zoo population any more.
</topic_text>
<spam_score>0.00</spam_score>
<post_num>5</post_num>
<post_id>post-5</post_id>
<post_url>https://www.theguardian.com/commentisfree/2016/dec/19/tree-of-the-year-britain-natural-world#comment-89778887</post_url>
<post_date>20161219</post_date>
<post_time>1759</post_time>
<username>EdwardNorfolk</username>
<post>
This is what our newspapers should report on more, not mass consumer goodies.
</post>
<signature>

</signature>
<external_links>

</external_links>
<country>US</country>
<main_image>https://i.guim.co.uk/img/media/672aee55554db34ba20bc3be714b900509a7a749/0_25_2048_1229/master/2048.jpg?w=1200&amp;amp;h=630&amp;amp;q=55&amp;amp;auto=format&amp;amp;usm=12&amp;amp;fit=crop&amp;amp;crop=faces%2Centropy&amp;amp;bm=normal&amp;amp;ba=bottom%2Cleft&amp;amp;blend64=aHR0cHM6Ly91cGxvYWRzLmd1aW0uY28udWsvMjAxNi8wNS8yNS9vdmVybGF5LWxvZ28tMTIwMC05MF9vcHQucG5n&amp;amp;s=1f175d2a7208cb9c91f200fd9f4b4ae9</main_image>
</document>
