<?xml version="1.0" encoding="UTF-8"?>
<document>
<type>mainstream</type>
<forum>http://www.leparisien.fr/oise-60/rss.xml</forum>
<forum_title>Le Parisien  - Oise</forum_title>
<discussion_title>Oise : ces belles histoires ont marqué l’année 2016</discussion_title>
<language>french</language>
<gmt_offset></gmt_offset>
<topic_url>http://www.leparisien.fr/oise-60/oise-ces-belles-histoires-ont-marque-l-annee-2016-18-12-2016-6471168.php</topic_url>
<topic_text>
I l aurait pu prétendre à un repos bien mérité. Au lieu de cela, Jean-Marie Atteleyn n’a pas hésité, en mai dernier, à replonger les mains dans… le pétrin. A 68 ans, ce boulanger a repris le commerce qu’il avait lui même ouvert en 1969 à Monneville, sauvant au passage trois emplois. Avant ce retour derrière le fournil, c’est pourtant le dépôt de bilan qui menaçait la boulangerie de ce village de 830 âmes. « Disons que l’ancien patron ne s’en sortait pas, résume Jean-Marie. Comme beaucoup de monde savait que je rêvais de revenir, on est venu me chercher… » Et « l’effet Jean-Marie » ne s’est pas fait attendre. Son savoir-faire, son pain frais, ses viennoiseries mais aussi sa gouaille et sa bonhomie ont vite encouragé les clients à revenir. « Depuis, tout va bien, s’amuse Maria, l’une des employées. La boulangerie cartonne et le patron tient une forme incroyable. » La belle réussite du poulailler solidaire de Bucamps 
Bucamps, le 1er avril 2016. Les 11 volailles se nourrissent de déchets biodégradables déposés par les habitants qui repartent avec des œufs frais. Un système sur lequel veille le maire, Francis Menu. LP/D.L. Il n’aura fallu que quelques semaines pour qu’elles deviennent les stars incontestées du village de Bucamps. Depuis février, onze volailles règnent sur un poulailler communal et solidaire installé aux abords de la mairie. Un poulailler aux vertus multiples qui, à lui seul, offre des œufs frais aux habitants, produit du compost et permet la réduction des déchets. Le principe se révèle simple : pain dur, épluchures de fruits et de légumes ou coquilles d’œufs composent le menu quotidien des onze poules rousses. « Les gens déposent leurs déchets. En échange, ils repartent avec quelques œufs frais que le cantonnier du village place chaque jour dans une boîte installée à l’entrée du poulailler, explique Francis Menu, le maire. Ceux qui se servent ont juste à écrire leur nom sur une feuille avec le nombre d’œufs qu’ils ont pris. Personne n’éprouve ni honte, ni gêne… »
</topic_text>
<spam_score>0.00</spam_score>
<post_num>1</post_num>
<post_id>post-1</post_id>
<post_url>http://www.leparisien.fr/oise-60/oise-ces-belles-histoires-ont-marque-l-annee-2016-18-12-2016-6471168.php</post_url>
<post_date>20161218</post_date>
<post_time>1900</post_time>
<username>leparisien.fr</username>
<post>
I l aurait pu prétendre à un repos bien mérité. Au lieu de cela, Jean-Marie Atteleyn n’a pas hésité, en mai dernier, à replonger les mains dans… le pétrin. A 68 ans, ce boulanger a repris le commerce qu’il avait lui même ouvert en 1969 à Monneville, sauvant au passage trois emplois. Avant ce retour derrière le fournil, c’est pourtant le dépôt de bilan qui menaçait la boulangerie de ce village de 830 âmes. « Disons que l’ancien patron ne s’en sortait pas, résume Jean-Marie. Comme beaucoup de monde savait que je rêvais de revenir, on est venu me chercher… » Et « l’effet Jean-Marie » ne s’est pas fait attendre. Son savoir-faire, son pain frais, ses viennoiseries mais aussi sa gouaille et sa bonhomie ont vite encouragé les clients à revenir. « Depuis, tout va bien, s’amuse Maria, l’une des employées. La boulangerie cartonne et le patron tient une forme incroyable. » La belle réussite du poulailler solidaire de Bucamps 
Bucamps, le 1er avril 2016. Les 11 volailles se nourrissent de déchets biodégradables déposés par les habitants qui repartent avec des œufs frais. Un système sur lequel veille le maire, Francis Menu. LP/D.L. Il n’aura fallu que quelques semaines pour qu’elles deviennent les stars incontestées du village de Bucamps. Depuis février, onze volailles règnent sur un poulailler communal et solidaire installé aux abords de la mairie. Un poulailler aux vertus multiples qui, à lui seul, offre des œufs frais aux habitants, produit du compost et permet la réduction des déchets. Le principe se révèle simple : pain dur, épluchures de fruits et de légumes ou coquilles d’œufs composent le menu quotidien des onze poules rousses. « Les gens déposent leurs déchets. En échange, ils repartent avec quelques œufs frais que le cantonnier du village place chaque jour dans une boîte installée à l’entrée du poulailler, explique Francis Menu, le maire. Ceux qui se servent ont juste à écrire leur nom sur une feuille avec le nombre d’œufs qu’ils ont pris. Personne n’éprouve ni honte, ni gêne… »
</post>
<signature>

</signature>
<external_links>

</external_links>
<country>FR</country>
<main_image>http://s1.lprs1.fr/images/2016/12/18/6471168_1c12f4d0-c54a-11e6-a544-6975210c0c74-1.jpg</main_image>
</document>
