<?xml version="1.0" encoding="UTF-8"?>
<document>
<type>mainstream</type>
<forum></forum>
<forum_title></forum_title>
<discussion_title>Tampa Bay Buccaneers Week 15 Winners and Losers</discussion_title>
<language>english</language>
<gmt_offset></gmt_offset>
<topic_url>http://thepewterplank.com/2016/12/19/tampa-bay-buccaneers-week-15-winners-losers/</topic_url>
<topic_text>
Fantasy Football Semi-Final Week: Start, Sit, and Sleepers 1 d ago 
With the Atlanta Falcons easily routing the 49ers on Sunday the Buccaneers needed a win to keep pace in the NFC South and remain in the Wild Card. The Packers and Lions are right there so they couldn’t miss a step in this week’s matchup. Against one of the best teams in the entire NFL on national television the Bucs had a chance to prove to the world they are playoff worthy. 
Unfortunately for Tampa, Ezekiel Elliott plays for Dallas. Zeke finished with a career high 159 rush yards and with his dominance on the ground kept the Cowboys in control for most of the game. Prescott also had the second most accurate game in NFL history completing 32 of 36 attempts. Most of his passes were short and he didn’t have a touchdown but with his control he showed the media that he is still worth starting for Dallas. The Bucs blew a shot to make a statement but let’s take a look at who came to play and who struggled to make an impact. 
Next 1 of 8 Prev post Use your ← → (arrows) to browse Top Stories 
</topic_text>
<spam_score>0.17</spam_score>
<post_num>1</post_num>
<post_id>post-1</post_id>
<post_url>http://thepewterplank.com/2016/12/19/tampa-bay-buccaneers-week-15-winners-losers/</post_url>
<post_date>20161219</post_date>
<post_time></post_time>
<username>David Harrison</username>
<post>
Fantasy Football Semi-Final Week: Start, Sit, and Sleepers 1 d ago 
With the Atlanta Falcons easily routing the 49ers on Sunday the Buccaneers needed a win to keep pace in the NFC South and remain in the Wild Card. The Packers and Lions are right there so they couldn’t miss a step in this week’s matchup. Against one of the best teams in the entire NFL on national television the Bucs had a chance to prove to the world they are playoff worthy. 
Unfortunately for Tampa, Ezekiel Elliott plays for Dallas. Zeke finished with a career high 159 rush yards and with his dominance on the ground kept the Cowboys in control for most of the game. Prescott also had the second most accurate game in NFL history completing 32 of 36 attempts. Most of his passes were short and he didn’t have a touchdown but with his control he showed the media that he is still worth starting for Dallas. The Bucs blew a shot to make a statement but let’s take a look at who came to play and who struggled to make an impact. 
Next 1 of 8 Prev post Use your ← → (arrows) to browse Top Stories 
</post>
<signature>

</signature>
<external_links>

</external_links>
<country>US</country>
<main_image>http://cdn.fansided.com/wp-content/blogs.dir/50/files/2016/12/9755733-jameis-winston-nfl-tampa-bay-buccaneers-dallas-cowboys-590x590.jpg</main_image>
</document>
