<?xml version="1.0" encoding="UTF-8"?>
<document>
<type>mainstream</type>
<forum>http://www.elboletin.com/rss_mercados.php</forum>
<forum_title>Elboletin.com | Mercados</forum_title>
<discussion_title>El Ibex 35 se apea de los 9.400 puntos con el lastre de las materias primas</discussion_title>
<language>spanish</language>
<gmt_offset></gmt_offset>
<topic_url>http://www.elboletin.com/mercados/143349/ibex-cae-9400-puntos-caida-materias-primas.html</topic_url>
<topic_text>
Mercados Bolsa El Ibex 35 se apea de los 9.400 puntos con el lastre de las materias primas La prima de riesgo arranca la semana en los 108 puntos básicos con la mirada fija en las referencias de confianza empresarial de Alemania. Seguir a @elboletinmadrid La semana arranca teñida de rojo en unas Bolsas europeas que corrigen la remontada alcista de las últimas sesiones. Los valores vinculados a materias primas , que fueron los que entonces subieron con más fuerza, lastran ahora los grandes índices del continente, como es el caso de un Ibex 35 que se apea de los 9.400 puntos en los primeros cruces. A la espera de conocer los datos de confianza empresarial de Alemania y los índices de actividad del sector de manufacturas y servicios en EEUU, los inversores se desperezan carentes de referencias de calado. Sus puntos de apoyo son el comportamiento acumulado por los valores en sesiones pasadas y la noticia de que Ucrania ha nacionalizado la mayor entidad financiera del país tras declararla insolvente. Una maniobra que podría significar un nuevo foco de tensiones en uno de los puntos calientes en geopolítica internacional desde hace años. El Ibex 35 amanece con caídas del entorno del 0,5% que sitúan su gráfica ligeramente por encima de los 9.360 puntos. El comportamiento más bajista se lo apuntan ArcelorMittal y Repsol , con caídas del 3,9% y el 2,3% respectivamente. En el caso de la segunda se suma la retirada de algunas posiciones tras la revalorización acumulada con el descuento de su próximo dividendo elección. Inditex completa el podio bajista, un 1,2% abajo. En el otro extremo de la tabla de revalorizaciones, Dia extiende su remontada con avances del 1,5% seguidos por las ganancias del castigado Popular (+1,2%) y Meliá Hotels (+0,8%), que sigue celebrando la renovación de su cúpula ejecutiva. Por el resto de plazas europeas, el rojo de tonalidad suave es dominante. El CAC 40 parisino es el más colista con caídas del 0,4% que se quedan a la mitad en el caso del paneuropeo EuroStoxx 50, que logra aguantar los 3.250 puntos. Entre medias, con un retroceso del 0,3%, se coloca el Ftse 100 londinense. Mientras tanto, el DAX germano pierde un más ligero 0,1% a la espera de conocer las referencias sobre confianza corporativa, que buena pista darán sobre el rumbo de las cuentas de cierre anual de las cotizadas en Fráncfort. En el mercado secundario de deuda soberana europea, el ‘bund’ alemán de referencia cotiza a tipos del 0,33% mientras que los papeles a diez años del Tesoro Público español marcan una rentabilidad del 1,42%. Así, la divergencia entre las cotas exigidas a ambos papeles, lo que se conoce como prima de riesgo , asciende hasta los 108 puntos básicos. NOTICIAS RELACIONADAS
</topic_text>
<spam_score>0.00</spam_score>
<post_num>1</post_num>
<post_id>post-1</post_id>
<post_url>http://www.elboletin.com/mercados/143349/ibex-cae-9400-puntos-caida-materias-primas.html</post_url>
<post_date>20161219</post_date>
<post_time>0000</post_time>
<username></username>
<post>
Mercados Bolsa El Ibex 35 se apea de los 9.400 puntos con el lastre de las materias primas La prima de riesgo arranca la semana en los 108 puntos básicos con la mirada fija en las referencias de confianza empresarial de Alemania. Seguir a @elboletinmadrid La semana arranca teñida de rojo en unas Bolsas europeas que corrigen la remontada alcista de las últimas sesiones. Los valores vinculados a materias primas , que fueron los que entonces subieron con más fuerza, lastran ahora los grandes índices del continente, como es el caso de un Ibex 35 que se apea de los 9.400 puntos en los primeros cruces. A la espera de conocer los datos de confianza empresarial de Alemania y los índices de actividad del sector de manufacturas y servicios en EEUU, los inversores se desperezan carentes de referencias de calado. Sus puntos de apoyo son el comportamiento acumulado por los valores en sesiones pasadas y la noticia de que Ucrania ha nacionalizado la mayor entidad financiera del país tras declararla insolvente. Una maniobra que podría significar un nuevo foco de tensiones en uno de los puntos calientes en geopolítica internacional desde hace años. El Ibex 35 amanece con caídas del entorno del 0,5% que sitúan su gráfica ligeramente por encima de los 9.360 puntos. El comportamiento más bajista se lo apuntan ArcelorMittal y Repsol , con caídas del 3,9% y el 2,3% respectivamente. En el caso de la segunda se suma la retirada de algunas posiciones tras la revalorización acumulada con el descuento de su próximo dividendo elección. Inditex completa el podio bajista, un 1,2% abajo. En el otro extremo de la tabla de revalorizaciones, Dia extiende su remontada con avances del 1,5% seguidos por las ganancias del castigado Popular (+1,2%) y Meliá Hotels (+0,8%), que sigue celebrando la renovación de su cúpula ejecutiva. Por el resto de plazas europeas, el rojo de tonalidad suave es dominante. El CAC 40 parisino es el más colista con caídas del 0,4% que se quedan a la mitad en el caso del paneuropeo EuroStoxx 50, que logra aguantar los 3.250 puntos. Entre medias, con un retroceso del 0,3%, se coloca el Ftse 100 londinense. Mientras tanto, el DAX germano pierde un más ligero 0,1% a la espera de conocer las referencias sobre confianza corporativa, que buena pista darán sobre el rumbo de las cuentas de cierre anual de las cotizadas en Fráncfort. En el mercado secundario de deuda soberana europea, el ‘bund’ alemán de referencia cotiza a tipos del 0,33% mientras que los papeles a diez años del Tesoro Público español marcan una rentabilidad del 1,42%. Así, la divergencia entre las cotas exigidas a ambos papeles, lo que se conoce como prima de riesgo , asciende hasta los 108 puntos básicos. NOTICIAS RELACIONADAS
</post>
<signature>

</signature>
<external_links>

</external_links>
<country>ES</country>
<main_image>http://www.elboletin.com/imagenes/portada/ibex-35-p.jpg</main_image>
</document>
