<?xml version="1.0" encoding="UTF-8"?>
<document>
<type>mainstream</type>
<forum>https://sports.yahoo.com/sitemap/stories/1.xml</forum>
<forum_title></forum_title>
<discussion_title>Soccer-Mane the main man as last-gasp Liverpool triumph</discussion_title>
<language>english</language>
<gmt_offset>-6</gmt_offset>
<topic_url>https://sports.yahoo.com/news/soccer-mane-main-man-last-gasp-liverpool-triumph-225034376--sow.html</topic_url>
<topic_text>
* Mane earned Liverpool a 1-0 victory at Everton
* Liverpool climbed into second place in the table
* Everton keeper Maarten Stekelenburg went off injured
* Substitute Robles denied Roberto Firmino with a diving save
* Barkley&apos;s bad tackle on Henderson sparked angry scuffles
* Everton visit Leicester next, Liverpool host Stoke (Adds Quote: s)
EVERTON 0 LIVERPOOL 1
LIVERPOOL, Dec 19 (Reuters) - Sadio Mane struck four minutes into stoppage time to give Liverpool a last-gasp 1-0 win over derby rivals Everton that lifted them into second place in the Premier League on Monday.
Substitute Daniel Sturridge hit the post with a low, left-footed drive from 20 metres and Senegal forward Mane was quickest to the rebound, sliding in to convert from close range.
The victory pushed Juergen Klopp&apos;s Liverpool side within six points of leaders Chelsea who won 1-0 at Crystal Palace on Saturday.
&quot;We didn&apos;t give one chance away and that&apos;s very important against an opponent that only wants to disturb your game,&quot; said Klopp.
&quot;The plan of Everton was wild football. They were chasing us everywhere, it is really difficult to play against this ... it&apos;s a wonderful feeling to win.&quot;
In a match with few chances, Everton lost goalkeeper Maarten Stekelenburg because of a leg injury after an hour and understudy Joel Robles had to make a fine, diving save from Roberto Firmino with 10 minutes to go.
Stekelenburg had denied Firmino in the 50th minute as Liverpool dominated, palming the ball away while Nathaniel Clyne &apos;s effort from the rebound was blocked.
Firmino also attempted a scissors kick from a Clyne cross but his effort sailed over.
Tempers flared when Liverpool midfielder Jordan Henderson was caught on the ankle by a late tackle from Ross Barkley in the second half.
There was scuffling among players from both sides before Barkley and team mate Seamus Coleman were booked by referee Mike Dean.
Earlier, the first half turned into a stalemate with both keepers seriously under employed.
Divock Origi missed a chance in front of Everton&apos;s goal following a Clyne cross and Ramiro Funes Mori headed narrowly wide at the other end.
Liverpool then pushed back Everton, who have now gone 12 Merseyside derbies without a win and 20 with only one victory, in the second half and were ultimately worthy winners. (Reporting by Rex Gowar; Editing by Tony Jimenez)
</topic_text>
<spam_score>0.01</spam_score>
<post_num>1</post_num>
<post_id>post-1</post_id>
<post_url>https://sports.yahoo.com/news/soccer-mane-main-man-last-gasp-liverpool-triumph-225034376--sow.html</post_url>
<post_date>20161219</post_date>
<post_time>2300</post_time>
<username>Reuters</username>
<post>
* Mane earned Liverpool a 1-0 victory at Everton
* Liverpool climbed into second place in the table
* Everton keeper Maarten Stekelenburg went off injured
* Substitute Robles denied Roberto Firmino with a diving save
* Barkley&apos;s bad tackle on Henderson sparked angry scuffles
* Everton visit Leicester next, Liverpool host Stoke (Adds Quote: s)
EVERTON 0 LIVERPOOL 1
LIVERPOOL, Dec 19 (Reuters) - Sadio Mane struck four minutes into stoppage time to give Liverpool a last-gasp 1-0 win over derby rivals Everton that lifted them into second place in the Premier League on Monday.
Substitute Daniel Sturridge hit the post with a low, left-footed drive from 20 metres and Senegal forward Mane was quickest to the rebound, sliding in to convert from close range.
The victory pushed Juergen Klopp&apos;s Liverpool side within six points of leaders Chelsea who won 1-0 at Crystal Palace on Saturday.
&quot;We didn&apos;t give one chance away and that&apos;s very important against an opponent that only wants to disturb your game,&quot; said Klopp.
&quot;The plan of Everton was wild football. They were chasing us everywhere, it is really difficult to play against this ... it&apos;s a wonderful feeling to win.&quot;
In a match with few chances, Everton lost goalkeeper Maarten Stekelenburg because of a leg injury after an hour and understudy Joel Robles had to make a fine, diving save from Roberto Firmino with 10 minutes to go.
Stekelenburg had denied Firmino in the 50th minute as Liverpool dominated, palming the ball away while Nathaniel Clyne &apos;s effort from the rebound was blocked.
Firmino also attempted a scissors kick from a Clyne cross but his effort sailed over.
Tempers flared when Liverpool midfielder Jordan Henderson was caught on the ankle by a late tackle from Ross Barkley in the second half.
There was scuffling among players from both sides before Barkley and team mate Seamus Coleman were booked by referee Mike Dean.
Earlier, the first half turned into a stalemate with both keepers seriously under employed.
Divock Origi missed a chance in front of Everton&apos;s goal following a Clyne cross and Ramiro Funes Mori headed narrowly wide at the other end.
Liverpool then pushed back Everton, who have now gone 12 Merseyside derbies without a win and 20 with only one victory, in the second half and were ultimately worthy winners. (Reporting by Rex Gowar; Editing by Tony Jimenez)
</post>
<signature>

</signature>
<external_links>

</external_links>
<country>US</country>
<main_image></main_image>
</document>
