<?xml version="1.0" encoding="UTF-8"?>
<document>
<type>mainstream</type>
<forum>http://www.elaph.com/news/arab.htm</forum>
<forum_title>Elaph - إيلاف </forum_title>
<discussion_title>سويسرا ترفض قوانين الإرث الإسلامي</discussion_title>
<language>arabic</language>
<gmt_offset>0</gmt_offset>
<topic_url>http://www.elaph.com/Web/News/2016/12/1124378.html</topic_url>
<topic_text>
جنيف: اعتبرت المحكمة، وهي اعلى سلطة قضائية في سويسرا، ان استثناء الارملة من الارث بسبب كونها غير مسلمة (مسيحية) يتعارض مع &quot;النظام العام السويسري&quot;. يتعلق الأمر بحالة مليونير مصري مسلم توفي في 2007 في باريس عن سن 67 عامًا. والرجل الذي ليس له ابناء كان متزوجًا بألمانية مسيحية.
إلى التمييز
وطالب اشقاء وشقيقات المليونير من القضاء في كل الدول التي لديه املاك فيها، باملاك شقيقهم المتوفي كافة بموجب القانون المصري المستوحى من الشريعة الاسلامية. وبحسب قرار المحكمة، فإن اخوة المتوفي طالبوا بكل الاموال المودعة في مصرفين سويسريين، وذلك بناء على شهادة وراثة مصرية.
وقالت دينيز فاغنر ميسياكا محامية الورثة &quot;ربحنا القضية في المستوى الابتدائي، ثم خسرناها في الاستئناف، والان في التمييز&quot;.
هذه القضية في جنيف ليست الا واحدة من الخلافات المتعددة بين اخوة المتوفي وارملته.
ففي 2008، اعلن القضاء الالماني الارملة وريثة لنصف املاك زوجها الراحل في المانيا، وعاد النصف الاخر الى اخوته. كما فتحت محاكمة اثر وفاة المليونير المصري امام محكمة الاستئناف في باريس، التي اقرت باختصاص القضاء الفرنسي في تقرير لمن تعود بناية للمتوفي في العاصمة الفرنسية. والمتوفي الثري الذي لم يكشف اسمه كان يملك عقارات في فرنسا ومصر. وكان يملك حسابات بنكية في فرنسا والمانيا وسويسرا.
</topic_text>
<spam_score>0.20</spam_score>
<post_num>11</post_num>
<post_id>post-11</post_id>
<post_url>http://www.elaph.com/Web/News/2016/12/1124378.html</post_url>
<post_date>20161215</post_date>
<post_time></post_time>
<username>من كتابهم (المقدس)2</username>
<post>
وقد نجح (شاؤول) الذي كان أول من نقل هذه الفكرة الوثنية بضرب عدة عصافير بحجر واحد, حيث اوجد تبريرا عقديا لسير الاحداث عكس ما هو متوقع ,وامتصاص الصدمة الإيمانية, وإعطاء المؤمنين زخما حيويا جديدا ,مع تطويع الايمان وجعله امرا يسيرا يحتاج فقط إلى الإيمان بيسوع وفكرة فدائه للخطايا ,وبذلك يحصل الخلاص بلا حاجة لتكاليف او مسؤولية عن الاعمال ولا حتى الذنوب ! لأن دم الذبيحة قد افتدى المؤمنين ومحى خطاياهم! وبهذه الفكرة السطحية لعلاقة البشر بالخالق تم استقطاب أعداد غفيرة من المؤمنين الجدد وخصوصا من الأقوام الوثنية (الأمميين) الذين وجدوا عقيدة مشابهة لجذور عقائدهم مع تحلل من كل فروض وتكاليف يمكن ان تفرض عليهم و تثقل كواهلهم . وتتلخص عقيدة الفداء على ان الله حين خلق آدم وحواء واسكنهما الجنة طلب من آدم أن لا يأكل من شجرة المعرفة وإلا سيكون مصيره الموت,لكن الشيطان نجح في خديعة آدم من خلال اغواء حواء باكل ثمر الشجرة وجعل آدم يأكل معها, وبذلك استحقوا العقوبة والطرد من الجنة والعيش في معاناة ومكابدة.وهذه القصة المذكورة في سفر التكوين حول بدء الخليقة, اتخذها المؤسسون للديانة المسيحية الحجر الأساس لعقيدتهم المستنسخة من الأساطير الوثنية, حيث اضافوا اليها عقيدة الخطيئة الموروثة او( الأصلية) فقد اعتبروا أن خطيئة آدم التي عاقبه الله عليها, قد توارثتها ذريته وبذلك اصبح كل انسان يولد وهو متسربل بتلك الخطيئة الموروثة, وهذا الوضع جعل الرب الخالق أمام مشكلة, فهو رب رحيم محب للبشر الذين خلقهم ,وبنفس الوقت هو رب عادل ويجب ان يقيم العدالة بشكل صارم ويعاقب البشر على الخطيئة المتسربلين بها وراثيا! وإزاء هذا المأزق, لم يكن أمام الرب سوى اللجوء إلى حل مبتكر يضمن تطبيق العدل والرحمة, بنفس الوقت, وذلك من خلال تقديم نفسه كفارة وفداء عن خطيئة البشر, لكي يزول أثرها ويستحقون الرحمة . فقرر الرب تفعيل جزء (أقنوم) الابن من ذاته ,وجعله يتجسد بشكل انسان وينزل للارض ليتم قتله وسفك دمه فيكون دمه المسفوك هو الثمن الباهظ الوحيد المقبول لفداء اخطاء البشر, لانه لايمكن ارضاء الرب الا من خلال دم طاهر لانسان طاهر لم يعرف الخطيئة ابدا, وهذه الصفة معدومة في كل البشر, لذلك قرر الرب أن يتحول هو نفسه إلى إنسان لأداء المهمة!هذه الفكرة المتناقضة والمليئة بالمغالطات العقدية وحتى الأخلاقية, لايوجد لها اي سند او نص واضح صريح من كلام الرب او كلام الأنبياء- على كثرتهم - ولا حتى كلام السيد المسيح نفسه, بل على العكس النصوص المقدسة مليئة بالوصايا والتعليمات التي تنسف هذه العقيدة الهجينة . اجل تمرير هذه الفكرة واعطاءها سند عقدي, لجأ المؤسسون للمسيحية الى تأويلات وتمحكات ساذجة, واحيانا مضحكة ومثيرة للاستغراب والعجب ,ولم يجدوا نص واضح وصريح سوى جملة أوردها كاتب مجهول في رسالة العبرانيين (البعض ينسبها لشاؤول \\ بولس) وتقول : (بدون سفك دم لاتحصل مغفرة!!) عبرانيين 22/9 وبذلك تم نسف كل النصوص الكثيرة حول التوبة والمغفرة ,وكذلك النصوص التي تشير بشكل واضح ومباشر الى ان كل انسان يتحمل هو وحده مسؤولية أعماله, وهي نصوص متكررة بكثرة, بحيث لايتسع مقال واحد على استقصائها(فإذا رجع الشرير عن جميع خطاياه التي فعلها وحفظ كل فرائضي وفعل حقا وعدلا فحياة يحيا . لا يموت). حزقيال 21/18(النفس التي تخطيء هي تموت، الابن لا يحمل من إثم الأب، والأب لا يحمل من إثم الابن، بر البار عليه يكون وشر الشرير عليه يكون)سفرحزقيال18( بل كل واحد يموت بذنبه، كل إنسان يأكل الحصرم تضرس أسنانه) إرمياء 31/30
</post>
<signature>

</signature>
<external_links>

</external_links>
<country>GB</country>
<main_image>http://www.myelaph.com/Web/ImageHandlers/ResizeImageHandler.ashx?ImageUrl=/elaphweb/Resources/images/Politics/2016/12/week2/swicce_kada2.jpg&amp;amp;Width=600</main_image>
</document>
