<?xml version="1.0" encoding="UTF-8"?>
<document>
<type>mainstream</type>
<forum>http://www.leparisien.fr/oise-60/rss.xml</forum>
<forum_title>Le Parisien  - Oise</forum_title>
<discussion_title>Beauvais : quand la campagne présidentielle de François Fillon s’invite au conseil</discussion_title>
<language>french</language>
<gmt_offset></gmt_offset>
<topic_url>http://www.leparisien.fr/beauvais-60000/beauvais-quand-la-campagne-presidentielle-de-francois-fillon-s-invite-au-conseil-18-12-2016-6470586.php</topic_url>
<topic_text>
L es contribuables beauvaisiens paieront-ils pour la campagne présidentielle de François Fillon, le candidat déclaré de la droite et du centre ? C’est ce qu’a sous-entendu Thibaut Viguier, leader PS de l’opposition, lors du conseil municipal de Beauvais, vendredi soir, alors qu’était présenté le budget. La veille, François Fillon dévoilait son organigramme de campagne. Caroline Cayeux, sénateur-maire LR de la ville-préfecture, et François Miquel, son directeur de cabinet, y occupent des places stratégiques. La première se voit confier les relations avec les élus, le second devra gérer la mobilisation et l’animation de la campagne électorale. « C’est une belle promotion, souligne Thibaud Viguier. Vous serez parties prenantes de la campagne et forcément beaucoup moins présents qu’à l’accoutumée à Beauvais. Ce serait dommage que les Beauvaisiens paient, dans tous les sens du terme, pour une campagne présidentielle qui ne les concerne pas directement. Surtout que, dans le même temps, vous précarisez les services municipaux en diminuant de 350 000 € les charges de personnel et en supprimant 21 postes. »
Evidemment, ces attaques n’ont pas été très bien vécues par le maire. « Je trouve vos propos sidérants, lâche-t-elle. Vous n’avez rien à dire sur le budget, aucun argument de critique tangible, alors vous vous laissez aller à des attaques personnelles et vicieuses. Vous discréditez une équipe qui travaille pour Beauvais depuis quinze ans, une équipe qui a été réélue brillamment. »

Caroline Cayeux répondra ensuite sur l’implication de son directeur de cabinet : « François Miquel a signé un contrat de travail pour cette campagne électorale avec François Fillon, précise-t-elle. Il sera donc détaché et n’occupera à Beauvais qu’un mi-temps, voire plus vraisemblablement un tiers-temps. » Le maire est également revenu sur la diminution des charges de personnel. « Là encore, vous connaissez mal le dossier, rétorque-t-elle. Vous ne tenez pas compte des promotions et des modifications de service. Au final, il n’y a que sept postes supprimés. »
Que retenir d’autre sur ce budget de 105,7 M€ ? La part investissements augmentera de 6,7 %, passant de 22,2 M€ en 2016 à 23,7 M€ en 2017. Les taux d’imposition ne bougeront pas. Et l’enveloppe de subventions aux associations restera elle aussi identique à celle de l’an dernier.
</topic_text>
<spam_score>0.00</spam_score>
<post_num>2</post_num>
<post_id>post-2</post_id>
<post_url>http://www.leparisien.fr/beauvais-60000/beauvais-quand-la-campagne-presidentielle-de-francois-fillon-s-invite-au-conseil-18-12-2016-6470586.php</post_url>
<post_date>20161218</post_date>
<post_time>1435</post_time>
<username>jayce21a7njpzu63484wc8kc448gcw0gc4wc4o</username>
<post>
Drole de tête quand même... La droite ne sait faire que de la casse sociale, et les salariés et la classe moyenne va morfler, suffit de lire l&apos;horrible programme du bourgeois de la sarthe. La gauche fait des conneries, certes, mais n&apos;est pas contre le salarié ni la classe moyenne. Le chatelain fillon aurait un plan pour attaquer la france par ordonnance dès juillet 2017, sauf que l&apos;adversaire ce sera nous!
</post>
<signature>

</signature>
<external_links>

</external_links>
<country>FR</country>
<main_image>http://s1.lprs1.fr/images/2016/12/18/6470586_e32134e2-c51d-11e6-a544-6975210c0c74-1.jpg</main_image>
</document>
