<?xml version="1.0" encoding="UTF-8"?>
<document>
<type>mainstream</type>
<forum>http://www.gbtribune.com/syndication/feeds/atom/3/</forum>
<forum_title>Obituaries</forum_title>
<discussion_title>Vernon W. Dirks</discussion_title>
<language>english</language>
<gmt_offset></gmt_offset>
<topic_url>http://www.gbtribune.com/section/3/article/101953/</topic_url>
<topic_text>
Home › Obituaries › Vernon W. Dirks Vernon W. Dirks Email / 
ALBERT — Vernon W. Dirks, 91, died Dec. 19, 2016, at Woodhaven Care Center, Ellinwood. Services are pending with Bryant Funeral Home, 1425 Patton Road, Great Bend.
</topic_text>
<spam_score>0.00</spam_score>
<post_num>1</post_num>
<post_id>post-1</post_id>
<post_url>http://www.gbtribune.com/section/3/article/101953/</post_url>
<post_date>20161219</post_date>
<post_time>2334</post_time>
<username>Tribune Staff</username>
<post>
Home › Obituaries › Vernon W. Dirks Vernon W. Dirks Email / 
ALBERT — Vernon W. Dirks, 91, died Dec. 19, 2016, at Woodhaven Care Center, Ellinwood. Services are pending with Bryant Funeral Home, 1425 Patton Road, Great Bend.
</post>
<signature>

</signature>
<external_links>

</external_links>
<country>US</country>
<main_image>http://media.morristechnology.com/webmedia/upload/gbtribune/article/2016/12/19/2-dove-obit.jpg</main_image>
</document>
