<?xml version="1.0" encoding="UTF-8"?>
<document>
<type>mainstream</type>
<forum>http://ewallstreeter.com/rss.php?c=277</forum>
<forum_title>eWallstreeter</forum_title>
<discussion_title>Sanders, Thomas Both Reach 1,000 Yard Seasons Again</discussion_title>
<language>english</language>
<gmt_offset></gmt_offset>
<topic_url>http://ewallstreeter.com/sanders-thomas-both-reach-yard-seasons-again-4337/</topic_url>
<topic_text>
Sanders, Thomas Both Reach 1,000 Yard Seasons Again From CBS DenverDecember 19, 2016 - 12:38pm
</topic_text>
<spam_score>0.00</spam_score>
<post_num>1</post_num>
<post_id>post-1</post_id>
<post_url>http://ewallstreeter.com/sanders-thomas-both-reach-yard-seasons-again-4337/</post_url>
<post_date>20161219</post_date>
<post_time>1738</post_time>
<username></username>
<post>
Sanders, Thomas Both Reach 1,000 Yard Seasons Again From CBS DenverDecember 19, 2016 - 12:38pm
</post>
<signature>

</signature>
<external_links>

</external_links>
<country>US</country>
<main_image>http://ewallstreeter.com/post-images/denver/sanders-thomas-both-reach-yard-seasons-again.jpg</main_image>
</document>
