<?xml version="1.0" encoding="UTF-8"?>
<document>
<type>mainstream</type>
<forum>http://www.aragirona.cat/sindica_esfera.php</forum>
<forum_title>AraGirona, la gironaesfera</forum_title>
<discussion_title>Santi Vila: La cessió del fons Vázquez Montalbán a @BiblioCatalunya servirà per organitzar una gran exposició que convidi a la… https://t.co/2WP0pq4ZV2</discussion_title>
<language>catalan</language>
<gmt_offset></gmt_offset>
<topic_url>http://www.santivila.cat/la-cessio-del/</topic_url>
<topic_text>
  La cessió del fons Vázquez Montalbán a @BiblioCatalunya servirà per organitzar una gran exposició que convidi a la… https://t.co/2WP0pq4ZV2
</topic_text>
<spam_score>0.00</spam_score>
<post_num>1</post_num>
<post_id>post-1</post_id>
<post_url>http://www.santivila.cat/la-cessio-del/</post_url>
<post_date>20161219</post_date>
<post_time>0000</post_time>
<username></username>
<post>
  La cessió del fons Vázquez Montalbán a @BiblioCatalunya servirà per organitzar una gran exposició que convidi a la… https://t.co/2WP0pq4ZV2
</post>
<signature>

</signature>
<external_links>

</external_links>
<country>ES</country>
<main_image>https://s0.wp.com/i/blank.jpg</main_image>
</document>
