<?xml version="1.0" encoding="UTF-8"?>
<document>
<type>mainstream</type>
<forum>http://www.nieuws.be/rss/nieuws/Regio.rss</forum>
<forum_title>Nieuws.be - Rubriek &apos;Regio&apos;</forum_title>
<discussion_title>Belastingen blijven ongewijzigd</discussion_title>
<language>dutch</language>
<gmt_offset></gmt_offset>
<topic_url>http://www.nieuws.be/nieuws/Belastingen_blijven_ongewijzigd_570a8f55.aspx</topic_url>
<topic_text>
De gemeenteraad had maandagavond een financieel tintje met het budget 2017 en de vaststelling van de belastingstarieven. Goed nieuws voor de Lochristinaren: de belastingen blijven gelijk. Lees meer » maandag 19 dec 22u36
</topic_text>
<spam_score>0.00</spam_score>
<post_num>1</post_num>
<post_id>post-1</post_id>
<post_url>http://www.nieuws.be/nieuws/Belastingen_blijven_ongewijzigd_570a8f55.aspx</post_url>
<post_date>20161219</post_date>
<post_time>2136</post_time>
<username>Nieuws.be</username>
<post>
De gemeenteraad had maandagavond een financieel tintje met het budget 2017 en de vaststelling van de belastingstarieven. Goed nieuws voor de Lochristinaren: de belastingen blijven gelijk. Lees meer » maandag 19 dec 22u36
</post>
<signature>

</signature>
<external_links>

</external_links>
<country>BE</country>
<main_image></main_image>
</document>
