<?xml version="1.0" encoding="UTF-8"?>
<document>
<type>mainstream</type>
<forum>http://mysuncoast.com/search/?q=&amp;t=article&amp;l=25&amp;d=&amp;d1=&amp;d2=&amp;s=start_time&amp;sd=desc&amp;c[]=ap/domestic*&amp;f=rss</forum>
<forum_title>www.mysuncoast.com - RSS Results in ap/domestic* of type article</forum_title>
<discussion_title>The Latest: Inmate apologizes in court for guard attack</discussion_title>
<language>english</language>
<gmt_offset></gmt_offset>
<topic_url>http://www.mysuncoast.com/ap/domestic/the-latest-inmate-apologizes-in-court-for-guard-attack/article_2809a71b-8223-57bb-9818-681058718d9c.html</topic_url>
<topic_text>
TEXARKANA, Ark. (AP) — The Latest on an inmate attack at an Arkansas jail that left one guard dead and another injured (all times local): 
4:30 p.m. 
An inmate accused of killing a guard at an Arkansas jail has apologized in court. 
The Texarkana Gazette reports ( http://bit.ly/2h3bQJt ) that Tramell MacKenzie Hunter made the comments Monday during his first appearance in court on preliminary charges of capital murder and battery. Hunter is accused of killing correction officer Lisa Mauldin and injuring another officer in an attack Sunday at the Miller County jail in Texarkana. 
The newspaper reports that Hunter said -- in his words -- &quot;I just felt like she was messing with my life.&quot; 
Judge Wren Autrey says Hunter will be transferred to a maximum security prison. 
___ 
6:50 a.m. 
Authorities in south Arkansas say a corrections officer has died after she was attacked by an inmate at a county jail. Another jail employee was injured. 
The attack happened Sunday afternoon at the Miller County jail in Texarkana, on the state&apos;s border with Texas. The Miller County Sheriff&apos;s Office says correctional officer Lisa Mauldin died at a hospital and another officer, Demaris Allen, was injured and taken to a hospital in Little Rock. 
The sheriff&apos;s office did not describe the attack or say what prompted it, but authorities say the jail is now secure and on lockdown. Arkansas State Police is investigating. 
The inmate&apos;s name has not been released. Right Now
</topic_text>
<spam_score>0.00</spam_score>
<post_num>1</post_num>
<post_id>post-1</post_id>
<post_url>http://www.mysuncoast.com/ap/domestic/the-latest-inmate-apologizes-in-court-for-guard-attack/article_2809a71b-8223-57bb-9818-681058718d9c.html</post_url>
<post_date>20161219</post_date>
<post_time>2315</post_time>
<username>The Associated Press</username>
<post>
TEXARKANA, Ark. (AP) — The Latest on an inmate attack at an Arkansas jail that left one guard dead and another injured (all times local): 
4:30 p.m. 
An inmate accused of killing a guard at an Arkansas jail has apologized in court. 
The Texarkana Gazette reports ( http://bit.ly/2h3bQJt ) that Tramell MacKenzie Hunter made the comments Monday during his first appearance in court on preliminary charges of capital murder and battery. Hunter is accused of killing correction officer Lisa Mauldin and injuring another officer in an attack Sunday at the Miller County jail in Texarkana. 
The newspaper reports that Hunter said -- in his words -- &quot;I just felt like she was messing with my life.&quot; 
Judge Wren Autrey says Hunter will be transferred to a maximum security prison. 
___ 
6:50 a.m. 
Authorities in south Arkansas say a corrections officer has died after she was attacked by an inmate at a county jail. Another jail employee was injured. 
The attack happened Sunday afternoon at the Miller County jail in Texarkana, on the state&apos;s border with Texas. The Miller County Sheriff&apos;s Office says correctional officer Lisa Mauldin died at a hospital and another officer, Demaris Allen, was injured and taken to a hospital in Little Rock. 
The sheriff&apos;s office did not describe the attack or say what prompted it, but authorities say the jail is now secure and on lockdown. Arkansas State Police is investigating. 
The inmate&apos;s name has not been released. Right Now
</post>
<signature>

</signature>
<external_links>

</external_links>
<country>US</country>
<main_image>http://bloximages.newyork1.vip.townnews.com/mysuncoast.com/content/tncms/custom/image/a22f9e32-9527-11e5-86b1-b3fea9e37d1f.jpg?_dc=1448643316</main_image>
</document>
