<?xml version="1.0" encoding="UTF-8"?>
<document>
<type>mainstream</type>
<forum>http://www.hotnews.ro/</forum>
<forum_title>HotNews.ro - Actualitate</forum_title>
<discussion_title>S-a stins din viata astrologul Hotnews Tina Rizea - Horoscop</discussion_title>
<language>romanian</language>
<gmt_offset>2</gmt_offset>
<topic_url>http://life.hotnews.ro/stiri-horoscop-21479805-stins-din-viata-astrologul-hotnews-tina-rizea.htm</topic_url>
<topic_text>
Florentina Marmureanu alias Tina Rizea a plecat dintre noi pentru totdeauna si s-a ridicat la cer printre astrele pe care le-a iubit si pe care a incercat sa le inteleaga si sa le descifreze pentru cititorii Hotnews.ro mai bine de 16 ani. De-a lungul timpului, previziunile ei au incercat sa ne dea un licar de speranta sau sa ne atentioneze.
Pentru Tina Rizea horoscopul s-a oprit pe 16 decembrie 2016, ora 15.00. Inmormantarea, luni ora 12.30 la Cimitirul Ghencea (Prelungirea Ghencea).
Odihneasca-se in pace! Condoleante familiei!
</topic_text>
<spam_score>0.00</spam_score>
<post_num>8</post_num>
<post_id>post-8</post_id>
<post_url>http://life.hotnews.ro/stiri-horoscop-21479805-stins-din-viata-astrologul-hotnews-tina-rizea.htm#comentariu_21482106</post_url>
<post_date>20161219</post_date>
<post_time>1352</post_time>
<username>in pragul Craciunului... trist!</username>
<post>
zaboo [utilizator] sa isi gaseasca lumina si pacea printre stele
</post>
<signature>

</signature>
<external_links>

</external_links>
<country>RO</country>
<main_image>http://media.hotnews.ro/media_server1/image-2013-02-2-14134436-0-sigla-hotnews-2.jpg</main_image>
</document>
