<?xml version="1.0" encoding="UTF-8"?>
<document>
<type>mainstream</type>
<forum>http://posttoday.com//rss/src/breakingnews.xml</forum>
<forum_title>Posttoday.com : Breaking News</forum_title>
<discussion_title>ICAOให้ไทยยื่นตรวจการบินซ้ำภายในมิ.ย.60</discussion_title>
<language>thai</language>
<gmt_offset></gmt_offset>
<topic_url>http://www.posttoday.com/biz/gov/471066</topic_url>
<topic_text>
- + ICAOให้ไทยยื่นตรวจสอบการบินซ้ำภายใน 30 มิ.ย.นี้ &quot;กพท.&quot;เผยแก้ปัญหาคืบหน้าแล้วกว่า 75% 
นายจุฬา สุขมานพ ผู้อำนวยการสำนักงานการบินพลเรือนแห่งประเทศไทย (กพท.) เปิดเผยความคืบหน้าการแก้ไขปัญหาข้อบกพร่องที่มีนัยสำคัญต่อความปลอดภัยด้านการบิน (เอสเอสซี) ของไทยตามข้อแนะนำขององค์การการบินพลเรือนระหว่างประเทศ (ไอเคโอ) เพื่อปลดธงแดง ว่า หลังจากที่นางฟ่าง หลิว เลขาธิการไอเคโอ เข้าเยี่ยมคารวะ พล.อ.ประยุทธ์ จันทร์โอชา นายกรัฐมนตรี ได้มีการพูดคุยถึงการแก้ไขเอสเอสซี ซึ่งไอเคโอได้ขอให้ไทยยื่นเรื่องเพื่อเข้ามาตรวจสอบซ้ำ ภายในวันที่ 30 มิ.ย.60 โดยจะส่งบุคลากรเข้ามาตรวจสอบหลังจากนั้นไม่เกิน 3 เดือน อย่างไรก็ตาม กพท.จะเร่งจัดทำแผนรัดกุมและมีความแม่นยำมากขึ้นให้สอดคล้องกับเวลาที่ไอเคโอกำหนด 
นายจุฬา กล่าวต่อว่า การแก้ไขเอสเอสซีทั้ง 33 ข้อใหญ่ มีความคืบหน้าแล้ว 75%โดยจะเร่งดำเนินการให้แล้วเสร็จก่อนเดือน มิ.ย.2560 ขณะนี้เหลือเพียงขั้นตอนในส่วนของกฎหมาย คาดว่าภายในสัปดาห์นี้จะนำร่าง พ.ร.บ.การบินพลเรือน ฉบับใหม่เสนอต่อกระทรวงคมนาคมก่อนเข้าสู่ที่ประชุมคณะรัฐมนตรี (ครม.) ภายในเดือน ธ.ค.59 เพื่อเข้าสู่การพิจารณาของสภานิติบัญญัติแห่งชาติและประกาศใช้ต่อไป ส่วนด้านการออกใบรับรองผู้ดำเนินการอากาศใหม่ (รีเอโอซี) ทั้งหมด 25 สายการบินนั้น คาดว่าในเดือน มิ.ย.60 จะออกใบรับรองได้เพียง10-12 ราย แต่ก็ไม่น่ามีปัญหาอะไร เนื่องจากสายการบินหลักจะได้ใบรับรองทันตามกำหนด เหลือเพียงในส่วนของสายการบินที่เช่าเหมาลำและสายการไม่ประจำ (ชาร์เตอร์ไฟล์ท) 
นายจุฬา กล่าวว่า ขณะนี้มีสายการบินที่เข้าสู่ขั้นตอนที่ 4 แล้ว รวมทั้งสิ้น 3 ราย ได้แก่ การบินไทย, ไทยแอร์เอเชีย และบางกอกแอร์เวย์ส โดยขั้นตอนนี้แบ่งเป็น 2 ส่วน ส่วนที่ 1 ตรวจสำนักงาน เช่น ศูนย์ซ่อม ออฟฟิศที่ใช้ปฏิบัติงานทั้งหมด และส่วนที่ 2 ตรวจภาคปฏิบัติ ซึ่งบางกอกแอร์เวย์น่จะเป็นรายแรกที่ผ่านขั้นตอน 4 ภายในเดือนม.ค.ปีหน้า ก่อนเข้าสู่ขั้นตอนที่ 5 การประมวลผล โดยคาดว่าจะออกเอโอซีให้กับบางกอกแอร์เวย์ได้ภายในเดือนก.พ.2560 ส่วนการบินไทย และไทยแอร์เอเชีย ยังอยู่ระหว่างการเก็บเอกสารข้อบกพร่องต่างๆ ที่ให้ไปแก้ไขอยู่ คาดว่าจะทยอยออกเอโอซีได้ในลำดับถัดมา สำหรับสายการบินอื่นๆ ก็ทยอยดำเนินการ โดยอยู่ในขั้นตอนที่ 3 การตรวจเอกสารแล้วอีก 3 ราย ได้แก่ สายการบินนกแอร์, เค-ไมล์ แอร์ และโอเรียนไทย Tags
</topic_text>
<spam_score>0.00</spam_score>
<post_num>1</post_num>
<post_id>post-1</post_id>
<post_url>http://www.posttoday.com/biz/gov/471066</post_url>
<post_date>20161219</post_date>
<post_time>1419</post_time>
<username></username>
<post>
- + ICAOให้ไทยยื่นตรวจสอบการบินซ้ำภายใน 30 มิ.ย.นี้ &quot;กพท.&quot;เผยแก้ปัญหาคืบหน้าแล้วกว่า 75% 
นายจุฬา สุขมานพ ผู้อำนวยการสำนักงานการบินพลเรือนแห่งประเทศไทย (กพท.) เปิดเผยความคืบหน้าการแก้ไขปัญหาข้อบกพร่องที่มีนัยสำคัญต่อความปลอดภัยด้านการบิน (เอสเอสซี) ของไทยตามข้อแนะนำขององค์การการบินพลเรือนระหว่างประเทศ (ไอเคโอ) เพื่อปลดธงแดง ว่า หลังจากที่นางฟ่าง หลิว เลขาธิการไอเคโอ เข้าเยี่ยมคารวะ พล.อ.ประยุทธ์ จันทร์โอชา นายกรัฐมนตรี ได้มีการพูดคุยถึงการแก้ไขเอสเอสซี ซึ่งไอเคโอได้ขอให้ไทยยื่นเรื่องเพื่อเข้ามาตรวจสอบซ้ำ ภายในวันที่ 30 มิ.ย.60 โดยจะส่งบุคลากรเข้ามาตรวจสอบหลังจากนั้นไม่เกิน 3 เดือน อย่างไรก็ตาม กพท.จะเร่งจัดทำแผนรัดกุมและมีความแม่นยำมากขึ้นให้สอดคล้องกับเวลาที่ไอเคโอกำหนด 
นายจุฬา กล่าวต่อว่า การแก้ไขเอสเอสซีทั้ง 33 ข้อใหญ่ มีความคืบหน้าแล้ว 75%โดยจะเร่งดำเนินการให้แล้วเสร็จก่อนเดือน มิ.ย.2560 ขณะนี้เหลือเพียงขั้นตอนในส่วนของกฎหมาย คาดว่าภายในสัปดาห์นี้จะนำร่าง พ.ร.บ.การบินพลเรือน ฉบับใหม่เสนอต่อกระทรวงคมนาคมก่อนเข้าสู่ที่ประชุมคณะรัฐมนตรี (ครม.) ภายในเดือน ธ.ค.59 เพื่อเข้าสู่การพิจารณาของสภานิติบัญญัติแห่งชาติและประกาศใช้ต่อไป ส่วนด้านการออกใบรับรองผู้ดำเนินการอากาศใหม่ (รีเอโอซี) ทั้งหมด 25 สายการบินนั้น คาดว่าในเดือน มิ.ย.60 จะออกใบรับรองได้เพียง10-12 ราย แต่ก็ไม่น่ามีปัญหาอะไร เนื่องจากสายการบินหลักจะได้ใบรับรองทันตามกำหนด เหลือเพียงในส่วนของสายการบินที่เช่าเหมาลำและสายการไม่ประจำ (ชาร์เตอร์ไฟล์ท) 
นายจุฬา กล่าวว่า ขณะนี้มีสายการบินที่เข้าสู่ขั้นตอนที่ 4 แล้ว รวมทั้งสิ้น 3 ราย ได้แก่ การบินไทย, ไทยแอร์เอเชีย และบางกอกแอร์เวย์ส โดยขั้นตอนนี้แบ่งเป็น 2 ส่วน ส่วนที่ 1 ตรวจสำนักงาน เช่น ศูนย์ซ่อม ออฟฟิศที่ใช้ปฏิบัติงานทั้งหมด และส่วนที่ 2 ตรวจภาคปฏิบัติ ซึ่งบางกอกแอร์เวย์น่จะเป็นรายแรกที่ผ่านขั้นตอน 4 ภายในเดือนม.ค.ปีหน้า ก่อนเข้าสู่ขั้นตอนที่ 5 การประมวลผล โดยคาดว่าจะออกเอโอซีให้กับบางกอกแอร์เวย์ได้ภายในเดือนก.พ.2560 ส่วนการบินไทย และไทยแอร์เอเชีย ยังอยู่ระหว่างการเก็บเอกสารข้อบกพร่องต่างๆ ที่ให้ไปแก้ไขอยู่ คาดว่าจะทยอยออกเอโอซีได้ในลำดับถัดมา สำหรับสายการบินอื่นๆ ก็ทยอยดำเนินการ โดยอยู่ในขั้นตอนที่ 3 การตรวจเอกสารแล้วอีก 3 ราย ได้แก่ สายการบินนกแอร์, เค-ไมล์ แอร์ และโอเรียนไทย Tags
</post>
<signature>

</signature>
<external_links>

</external_links>
<country>TH</country>
<main_image>http://www.posttoday.com/media/content/2016/12/19/D123A1813DD64296AEC54ABCFCF8A1C3.jpg</main_image>
</document>
