<?xml version="1.0" encoding="UTF-8"?>
<document>
<type>mainstream</type>
<forum></forum>
<forum_title></forum_title>
<discussion_title>Philippines taps China-backed AIIB to fix infrastructure - Yahoo7 Finance Australia</discussion_title>
<language>english</language>
<gmt_offset></gmt_offset>
<topic_url>https://au.finance.yahoo.com/news/philippines-taps-china-backed-aiib-195754523.html</topic_url>
<topic_text>
View Photo 
Philippine President Rodrigo Duterte turns to China&apos;s AIIB for infrastructure loans as e seeks closer relations with Beijing 
Philippine President Rodrigo Duterte has tapped a China-backed multilateral lender to help fund his government&apos;s &quot;unprecedented infrastructure buildup&quot;, the finance minister said Monday, as he seeks closer relations with Beijing. 
The Beijing-based Asian Infrastructure Investment Bank (AIIB) has been viewed by some as a rival to the World Bank and the Philippines-based Asian Development Bank (ADB). 
Duterte has vowed to boost spending to address crumbling infrastructure, saying he would seek funds from China as he pivots his nation&apos;s foreign policy away from traditional ally the United States. 
Finance Secretary Carlos Dominguez said he met with AIIB president Jin Liqun in Manila last week, who confirmed the lender would fund two projects. 
&quot;The Philippines&apos; membership to the AIIB would provide the government another source of long-term funding ... for the Duterte administration&apos;s unprecedented infrastructure buildup,&quot; Dominguez said in a statement Monday. 
Duterte, 71, increasingly turned to China for loans and aid as he took exception to United States criticism of his drug war that has killed thousands. 
Over the weekend Duterte attacked Washington for deferring aid because of human rights concerns over his anti-crime crackdown. 
&quot;Eat your aid and we will survive. I&apos;ll go to China,&quot; he said. 
Jin said the AIIB would provide loans for a Manila flood management project and a bus rapid transit system in the capital, according to the statement. 
The 23 billion peso ($470 million) Manila flood control project would be co-financed with the World Bank, while the 37 billion peso ($756 million) bus system, which includes construction of 63 stations, would be partly funded by the ADB, the statement added. 
&quot;We are all very eager to finalise the infrastructure projects ... This time, we are very happy we can really talk about something to do in your country,&quot; the statement quoted Jin as saying. 
The Philippines under the government of then president Benigno Aquino joined the AIIB last year despite conflicting territorial claims with Beijing over the South China Sea. 
Duterte signed the treaty in October and the Senate this month approved its ratification. 
The Philippines is among 57 members of the AIIB, with China the largest shareholder with 30 percent. @y7finance on Twitter, become a fan on Facebook Ratings show plan is on track: Morrison AAP 
The ratings agencies are entitled to their view about the probability of a surplus but Treasurer Scott Morrison … 
</topic_text>
<spam_score>0.38</spam_score>
<post_num>1</post_num>
<post_id>post-1</post_id>
<post_url>https://au.finance.yahoo.com/news/philippines-taps-china-backed-aiib-195754523.html</post_url>
<post_date>20161218</post_date>
<post_time></post_time>
<username>Afp</username>
<post>
View Photo 
Philippine President Rodrigo Duterte turns to China&apos;s AIIB for infrastructure loans as e seeks closer relations with Beijing 
Philippine President Rodrigo Duterte has tapped a China-backed multilateral lender to help fund his government&apos;s &quot;unprecedented infrastructure buildup&quot;, the finance minister said Monday, as he seeks closer relations with Beijing. 
The Beijing-based Asian Infrastructure Investment Bank (AIIB) has been viewed by some as a rival to the World Bank and the Philippines-based Asian Development Bank (ADB). 
Duterte has vowed to boost spending to address crumbling infrastructure, saying he would seek funds from China as he pivots his nation&apos;s foreign policy away from traditional ally the United States. 
Finance Secretary Carlos Dominguez said he met with AIIB president Jin Liqun in Manila last week, who confirmed the lender would fund two projects. 
&quot;The Philippines&apos; membership to the AIIB would provide the government another source of long-term funding ... for the Duterte administration&apos;s unprecedented infrastructure buildup,&quot; Dominguez said in a statement Monday. 
Duterte, 71, increasingly turned to China for loans and aid as he took exception to United States criticism of his drug war that has killed thousands. 
Over the weekend Duterte attacked Washington for deferring aid because of human rights concerns over his anti-crime crackdown. 
&quot;Eat your aid and we will survive. I&apos;ll go to China,&quot; he said. 
Jin said the AIIB would provide loans for a Manila flood management project and a bus rapid transit system in the capital, according to the statement. 
The 23 billion peso ($470 million) Manila flood control project would be co-financed with the World Bank, while the 37 billion peso ($756 million) bus system, which includes construction of 63 stations, would be partly funded by the ADB, the statement added. 
&quot;We are all very eager to finalise the infrastructure projects ... This time, we are very happy we can really talk about something to do in your country,&quot; the statement quoted Jin as saying. 
The Philippines under the government of then president Benigno Aquino joined the AIIB last year despite conflicting territorial claims with Beijing over the South China Sea. 
Duterte signed the treaty in October and the Senate this month approved its ratification. 
The Philippines is among 57 members of the AIIB, with China the largest shareholder with 30 percent. @y7finance on Twitter, become a fan on Facebook Ratings show plan is on track: Morrison AAP 
The ratings agencies are entitled to their view about the probability of a surplus but Treasurer Scott Morrison … 
</post>
<signature>

</signature>
<external_links>

</external_links>
<country>GB</country>
<main_image>https://s.yimg.com/bt/api/res/1.2/KQ6BT1iBO5FdgFBxkKBNPQ--/YXBwaWQ9eW5ld3NfbGVnbztpbD1wbGFuZTtxPTc1O3c9NjAw/http://globalfinance.zenfs.com/images/FIN_ANZ_AFP_ART_FTP_LIVE_1/958ff86a1eb1a4f71d93d3a5eb351f507680bbe7_original.jpg</main_image>
</document>
