<?xml version="1.0" encoding="UTF-8"?>
<document>
<type>mainstream</type>
<forum></forum>
<forum_title></forum_title>
<discussion_title>Jennifer Lawrence on Why She Spoke Out After the Presidential Election, Leaving Earth Behind in &apos;Passengers&apos; - Yahoo</discussion_title>
<language>english</language>
<gmt_offset></gmt_offset>
<topic_url>https://gma.yahoo.com/jennifer-lawrence-why-she-spoke-presidential-election-leaving-132506039--abc-news-celebrities.html</topic_url>
<topic_text>
Jennifer Lawrence on Why She Spoke Out After the Presidential Election, Leaving Earth Behind in &apos;Passengers&apos; By JENNIFER PEREIRA 5 hours ago Jennifer Lawrence Talks &apos;Passengers&apos; and Equal Pay Now watching Next video starts in : 7 Play Jennifer Lawrence Talks &apos;Passengers&apos; and Equal Pay  Replay video 12-Year-Old Asks Santa for New Heart for Mom in Touching Letter  12-Year-Old Asks Santa for New Heart for Mom in Touching Letter ABC News Videos A new policy statement today from the American Academy of Pediatrics focuses on helping parents and doctors troubleshoot the new world of donor breast milk to reduce risk of disease or contamination. Load More 
Jennifer Lawrence made headlines last month when she penned an essay after the presidential election about moving forward and acting on what you believe in. 
The “Passengers” actress, 26, said she understands the backlash some actors receive when they speak out on political issues but said she felt a need to address “the divide” in the country with her fans. 
Jennifer Lawrence Apologizes to Hawaiian People for &apos;Hunger Games&apos; Filming Fla 
“I didn&apos;t mean to speak to only people who voted for Hillary [Clinton],” Lawrence said in an interview with Michael Strahan that aired today on “ Good Morning America .&quot; “I meant to just speak to the divide ... for any presidential candidate, being very extreme is scary, left or right.” View gallery Jennifer Lawrence on Why She Spoke Out After the Presidential Election, Leaving Earth Behind in &apos; … 
Lawrence said she recognized that girls who were pre-teens when they started following her in “The Hunger Games ” are now of voting age and still paying attention to what she says and does. 
“When the election happened, I couldn&apos;t help but think of those girls who are 18,” she said. “I completely understand when people say, ‘Just shut up and act.’ But for me there are times where I feel a real need to speak to those girls.” 
Much to her fans’ delight, Lawrence is back on the big screen this month in “Passengers,” a sci-fi romance in which she and her co-star, Chris Pratt , leave Earth behind to journey 120 years into the future for life on a new planet. 
“I love sci-fi. I love watching sci-fi, but it was a genre I just didn&apos;t see for myself,” Lawrence said. “Then once I read it, it was just unbelievable.” 
The film’s drama centers on a disruption that wakes Lawrence and Pratt’s characters 90 years too early in their journey. 
Lawrence said she can’t imagine leaving her life and loved ones behind as her character does. 
“I mean, as things are right now, I can&apos;t see, like, just saying goodbye to everyone I know and love and just peacing out,” she said. “I think the journey sounds amazing. If I could bring people, maybe I would.” 
Lawrence explained that it would actually be her dog, Pippi Lawrence-stocking, that she would not leave behind. 
“She&apos;s not a person,” Lawrence said, “but I couldn&apos;t leave without Pippi.” Arts &amp; Entertainment 
</topic_text>
<spam_score>0.00</spam_score>
<post_num>1</post_num>
<post_id>post-1</post_id>
<post_url>https://gma.yahoo.com/jennifer-lawrence-why-she-spoke-presidential-election-leaving-132506039--abc-news-celebrities.html</post_url>
<post_date>20161219</post_date>
<post_time></post_time>
<username>Jennifer Pereira Hours Ago</username>
<post>
Jennifer Lawrence on Why She Spoke Out After the Presidential Election, Leaving Earth Behind in &apos;Passengers&apos; By JENNIFER PEREIRA 5 hours ago Jennifer Lawrence Talks &apos;Passengers&apos; and Equal Pay Now watching Next video starts in : 7 Play Jennifer Lawrence Talks &apos;Passengers&apos; and Equal Pay  Replay video 12-Year-Old Asks Santa for New Heart for Mom in Touching Letter  12-Year-Old Asks Santa for New Heart for Mom in Touching Letter ABC News Videos A new policy statement today from the American Academy of Pediatrics focuses on helping parents and doctors troubleshoot the new world of donor breast milk to reduce risk of disease or contamination. Load More 
Jennifer Lawrence made headlines last month when she penned an essay after the presidential election about moving forward and acting on what you believe in. 
The “Passengers” actress, 26, said she understands the backlash some actors receive when they speak out on political issues but said she felt a need to address “the divide” in the country with her fans. 
Jennifer Lawrence Apologizes to Hawaiian People for &apos;Hunger Games&apos; Filming Fla 
“I didn&apos;t mean to speak to only people who voted for Hillary [Clinton],” Lawrence said in an interview with Michael Strahan that aired today on “ Good Morning America .&quot; “I meant to just speak to the divide ... for any presidential candidate, being very extreme is scary, left or right.” View gallery Jennifer Lawrence on Why She Spoke Out After the Presidential Election, Leaving Earth Behind in &apos; … 
Lawrence said she recognized that girls who were pre-teens when they started following her in “The Hunger Games ” are now of voting age and still paying attention to what she says and does. 
“When the election happened, I couldn&apos;t help but think of those girls who are 18,” she said. “I completely understand when people say, ‘Just shut up and act.’ But for me there are times where I feel a real need to speak to those girls.” 
Much to her fans’ delight, Lawrence is back on the big screen this month in “Passengers,” a sci-fi romance in which she and her co-star, Chris Pratt , leave Earth behind to journey 120 years into the future for life on a new planet. 
“I love sci-fi. I love watching sci-fi, but it was a genre I just didn&apos;t see for myself,” Lawrence said. “Then once I read it, it was just unbelievable.” 
The film’s drama centers on a disruption that wakes Lawrence and Pratt’s characters 90 years too early in their journey. 
Lawrence said she can’t imagine leaving her life and loved ones behind as her character does. 
“I mean, as things are right now, I can&apos;t see, like, just saying goodbye to everyone I know and love and just peacing out,” she said. “I think the journey sounds amazing. If I could bring people, maybe I would.” 
Lawrence explained that it would actually be her dog, Pippi Lawrence-stocking, that she would not leave behind. 
“She&apos;s not a person,” Lawrence said, “but I couldn&apos;t leave without Pippi.” Arts &amp; Entertainment 
</post>
<signature>

</signature>
<external_links>

</external_links>
<country>GB</country>
<main_image>https://s1.yimg.com/bt/api/res/1.2/9FhJXggHt.gmsuouPXMLtw--/YXBwaWQ9eW5ld3NfbGVnbztxPTc1O3c9NjAw/http://media.zenfs.com/en-US/video/video.abcnewsplus.com/71ed6ed94b4aa80003e367a0a74c7e9e.cf.png</main_image>
</document>
