<?xml version="1.0" encoding="UTF-8"?>
<document>
<type>mainstream</type>
<forum>http://www.it168.com</forum>
<forum_title>IT168.com – 电商时代IT导购第一站</forum_title>
<discussion_title>Ó˘ĚŘśűSDN/NFVźźĘő ÍřÂç×ŞĐÍÔ´śŻÁŚ- ÍřÂçÍ¨ĐĹ×¨Çř</discussion_title>
<language>english</language>
<gmt_offset>6</gmt_offset>
<topic_url>http://net.it168.com/a2016/1219/3070/000003070198.shtml</topic_url>
<topic_text>
žIT168 ĆŔÂŰĄżËć×ĹČËŔŕÉúťîťĽÁŞĐÔľÄÉîČëŁŹÍřÂçÓŚÓĂľÄ˛ťśĎÉîťŻŁŹĘýžÝ˝ŤťáŇÔÖ¸ĘýźśľÄËŮśČĹĘÉýŁŹĘýžÝ°üľÄ×ŞťťşÍÔËĘäľÄÄÜÁŚŇ˛Đč˛ťśĎÔöł¤ĄŁČťśřŁŹÎ´Ŕ´ˇţÎńËůĐčÇóľÄÁéťîĐÔź°šŚÄÜľÄÇż´óĐÔŁŹČ´ĘÇľąĎÂÍřÂçťů´ĄÉčĘŠÎŢˇ¨´ďľ˝ľÄŁŹľąÇ°ÍřÂçÓĐĎŢľÄżÉŔŠŐšĐÔĘšľĂşÜśŕšŚÄÜź°ÓŚÓĂÔÚ˛żĘđĘąĘÜľ˝źŤ´óľÄĎŢÖĆĄŁÎ´Ŕ´ĐÂľÄÍřÂçÄÜ¸üźÓżěËŮľŘ˝řĐĐČíźţś¨ŇĺľÄĘľĎÖÂđ?Î´Ŕ´ľÄÍřÂçČçşÎżÉŇÔČÝÄÉ¸ü´óÁżľÄżÍť§×ĘÔ´şÍżÍť§ĘýÁż?ÎŞÁËÓ­˝ÓÎ´Ŕ´ÔĆťŻľÄÍřÂçĘŔ˝çŁŹĎÖÔÚľÄÍřÂçąŘĐë×ŞąäĄŁ
ĄĄĄĄ SDN/NFVźźĘőźÓËŮÍřÂç×ŞĐÍ
ĄĄĄĄČŤĂć˛żĘđÔĆťŻÉčĘŠŁŹŇâÎś×ĹÎ´Ŕ´ľÄÍřÂç˝Ť˝¨Á˘ÔÚ ĘýžÝÖĐĐÄ ÖŽÉĎŁŹČíźţś¨Ňĺ ĘýžÝÖĐĐÄ ÓÖąíĂ÷´ŤÍłÍřÂçľÄÉýźś×ŞĐÍŇ˛˝Ť´ÓČíźţś¨Ňĺťů´ĄźÜššżŞĘźĄŁĄ°ČŤĂć×ŞąäÍřÂçźÜšš˛˘ˇÇËľľÄÄÇĂ´ČÝŇ×ŁŹËüĐčŇŞÎŇĂÇ×öşÜ´óľÄÍś×ĘĄŁĄąÓ˘ĚŘśűšŤËžĘýžÝÖĐĐÄĘÂŇľ˛żÍ¨ĐĹťů´ĄÉčĘŠ˛żĂĹ×Üž­ŔíDan RodriguezĚáľ˝ŁŹĄ°Ó˘ĚŘśűĎŁÍűÄÜšťŇýÁěŐâ¸öÍřÂçąä¸ďľÄŔËłąŁŹÍŹ¸÷´ó˝âžöˇ˝°¸ľÄšŠÓŚÉĚźÓÇżşĎ×÷ŁŹÔÚŐű¸öÉúĚŹĎľÍłÄÚ´ňÔě¸üżíˇşľÄÍřÂçŁŹÍŹĘąÓĹťŻÍřÂçĆ˝Ě¨źÜššşÍÉčźĆŁŹ˛ťśĎľŘ˝ľľÍŐű¸öÓ˛źţČíźţżŞˇ˘şÍĐ­ÍŹĐčŇŞľÄłÉąžŁŹ¸üşĂľŘÍĆśŻÍřÂçźźĘőľÄŐűĚĺ×Şąäź°ľß¸˛ĄŁĄą
ĄĄĄĄÎŞÂú×ăÓŚÓĂˇţÎńľÄÁéťîĐÔĄ˘°˛ČŤĐÔşÍˇţÎńľÄżÉ´ďĐÔŁŹÓ˘ĚŘśű˛ťśĎľŘÍŹşĎ×÷ťď°éŇťĆđ˝¨Á˘ŐëśÔÎ´Ŕ´ľÄNFVŇÔź°SDNźźĘőĎŕšŘľÄ˝âžöˇ˝°¸ŁŹĚášŠżŞˇĹľÄÍřÂçťů´ĄźÜššĆ˝Ě¨ŁŹĹäşĎQuickAssistźźĘőĄ˘×ĘÔ´ľ÷ĹäźźĘő(Intel RDT)Ą˘ĘýžÝĂćżŞˇ˘Ě×źţ(Intel DPDK)ľČĎŕšŘźźĘőŁŹ˝ľľÍÉčą¸¸´ÔÓśČ˛˘Ěá¸ßÍřÂçŔűÓĂÂĘŁŹÂú×ă ÔËÓŞÉĚ śÔľçĐĹÍřÂçľÄÁéťîĐÔĄ˘żÉŔŠŐšĐÔĄ˘żÉżżĐÔşÍłÉąžĐčÇóŁŹźÓËŮÁË˛úŇľÁ´ľÄźźĘő´´ĐÂşÍÍřÂç×ŞĐÍĄŁ
ĄĄĄĄSDN/NFVźźĘőËůłŤľźľÄÍřÂçżŞˇĹĐÔŁŹŇ˛ÎŞżŞÔ´źźĘőÔÚÍřÂçÁěÓňľÄŇýČë´řŔ´ĆőťúĄŁČÎşÎČíźţĂťÓĐÉçÇřľÄÖ§łÖŇťÇĐśźĘÇÖ˝ÉĎĚ¸ąřŁŹÓ˘ĚŘśűŇťÖąÓëÉçÇř˝řĐĐ˝ôĂÜľÄşĎ×÷ŁŹźÓżě×ŞĐÍŁŹĹÓ´óľÄÉçÇřĚĺĎľŇťˇ˝Ăć´Ů˝řÉçÔąÖŽźä´ďľ˝¸üşĂľÄšľÍ¨ŁŹŇťˇ˝ĂćÎüŇýĐĐŇľľÄŇâźűŁŹ˛ťśĎÍęÉĆČíźţĄŁŇÔDPDKÎŞŔýŁŹ×î˝üľÄĘýžÝĎÔĘžŁŹDPDK°üşŹÁË955ĎîŔ´×ÔÓÚ˛ťÍŹšąĎ×ŐßľÄÖ§łÖŁŹ×÷ÎŞŇť¸öżŞÔ´ľÄČíźţŁŹ¸ĂĘýžÝËľĂ÷DPDKÓľÓĐŇť¸ö˝ĄżľĄ˘żÉżżľÄÉúĚŹĎľÍłŁŹŐâÓëÓ˘ĚŘśűŇťÖąŇÔŔ´śÔĆä˝řĐĐ´óÁŚÍś×ĘŇÔąŁÖ¤ËüľÄżŞÔ´ĐÔŁŹĂÜ˛ťżÉˇÖĄŁłý´ËÖŽÍâŁŹÓ˘ĚŘśűÔÚÎŞËůÓĐżÍť§´î˝¨ŔŕËĆľÄĘýžÝżňźÜÎŞĆäĚášŠĎŕšŘˇţÎń˛˘Đ­ÖúĆäĘšÓĂĄŁ
ĄĄĄĄ ĐŻĘÖÖĐšúľçĐĹł˘ĘÔĐÂˇ˝Ďň
ĄĄĄĄśÔÓÚ ÔËÓŞÉĚ Ŕ´ËľŁŹŇÔÍůľçĐĹÉčą¸śŕ˛ÉÓĂČíÓ˛ŇťĚĺľÄˇâąŐ×¨ÓĂĎľÍłŁŹłÉąž¸ßŁŹÉýźś¸ÄÔěŔ§ÄŃŁŹ˛ťÍŹł§ÉĚľÄÉčą¸źćČÝĐÔşÍťĽÍ¨ĐÔ˛ťşĂŁŹŐâÖą˝ÓÔěłÉÁËľçĐĹŇľÍřÂçľÄ˝¨ÉčÎŹť¤łÉąž¸ßĄ˘żŞˇĹĐÔ˛îŇÔź°ÁéťîĐÔ˛ť×ăŇ˛ĎŢÖĆÁËÔËÓŞÉĚÔÚÍřÂçşÍŇľÎńÉĎľÄ´´ĐÂĄŁÎ´Ŕ´ÔĆťŻÍřÂçľÄÇ°ĚáĘÇĐéÄâťŻŁŹÔËÓŞÉĚĎëłšľ××ßłö´ŤÍłľÄŔĎÂˇŁŹžÍĘÇłŻ×ĹNFVľÄˇ˝Ďň×ßĄŁ
ĄĄĄĄ×÷ÎŞÓ˘ĚŘśűł¤ĆÚŇÔŔ´ľÄşĎ×÷ťď°éŁŹŇťÖąŇÔŔ´ŁŹÖĐšúľçĐĹşÍÓ˘ĚŘśűÔÚŐ˝ÂÔşÍźźĘőÉĎÍ¨ÁŚşĎ×÷ĄŁÓ˘ĚŘśűšŤËžĘýžÝÖĐĐÄĘÂŇľ˛żÍřÂçĆ˝Ě¨˛żĘĐłĄżŞÍŘ×ÜźŕśĹÎ¨ŃďËľľŔŁŹĄ°ĆäĘľÎŇĂÇĐčŇŞ˝âžöľÄł¤ÔśÎĘĚâĘÇÇŁśŻąę×ź×éÖŻš¤×÷ŁŹśřŐâ¸öšýłĚÖĐÎńąŘĐčŇŞ˝řĐĐĘľźĘľÄ˛żĘđŁŹÓ˘ĚŘśűşÍÖĐšúľçĐĹľÄşĎ×÷Ö÷ŇŞĂćĎňÖ÷ÍřŁŹ´ÓÇ°ĆÚ˛âĘÔŇťÖąľ˝şóĆÚŃĄĐÍśźÓĐĄŁžŮŔýŔ´ËľŁŹŐëśÔNFVÖ÷ÍřŔďľÄŇťĐŠÓŚÓĂ˝řĐĐ˛âĘÔŁŹ¸ůžÝ˛âĘÔ˝ášűĎÔĘžľÄĘýžÝČĽžöś¨ŃĄÓĂÄÄŇťżî ˇţÎńĆ÷ ŁŹÍůÍů˝ÇśČ˛ťŇťŃůŁŹÓŚÓĂ˛ťŇťŃůŁŹ ˇţÎńĆ÷ ľÄŃĄÔńśź˛ťžĄĎŕÍŹĄŁĄą´ËÍâŁŹÓ˘ĚŘśűşÍÖĐšúľçĐĹÔÚżŞÔ´ÔÚÓ˘ĚŘśűşÍÖĐšúľçĐĹÔÚąŕĹĹ˛ăŇŃž­ť¨ÁË´óÁżľÄĘąźäŇťÍŹŃĐžżŁŹ˝řĐĐ´óÁżľÄ˛âĘÔĄŁ
ĄĄĄĄĐÔÄÜľÄĚáÉýĘÇÄżÇ°NFVĎëŇŞĘľĎÖ´óšćÄŁÉĚÓĂËůĂćÁŮľÄÖ÷ŇŞĚôŐ˝ŁŹÓČĆäĘÇÔÚĘýžÝĂć×Şˇ˘ÉĎŁŹÖĐšúľçĐĹ˛ÉÓĂÁËťůÓÚx86źÜššľÄľ×˛ăÍřÂçĆ˝Ě¨˛˘ĹäşĎ˛ÉÓĂDPDKźźĘőŁŹźŤ´óľŘÔöÇżÁËĘýžÝ°ü´ŚŔíĐÔÄÜşÍÍĚÍÂÁżŁŹĘľĎÖÁË¸ßĐ§ľÄ×Şˇ˘ĐÔÄÜŁŹ´ÓśřÎŞĘýžÝĆ˝ĂćÓŚÓĂÁôłö¸üśŕĘąźäĄŁÖĐšúľçĐĹSDN/NFVźÜššĘŚĹˇÁÁłĆŁşĄ°ÖĐšúľçĐĹËůĚáłöľÄĄŽÔĆÍřČÚşĎĄŻŁŹź´ÍřÂçÉčą¸ľÄÔĆťŻşÍÍřÂçĚášŠÄÜÁŚľÄÔĆťŻŁŹ×îÖŐľÄÔ¸ž°žÍĘÇÎ´Ŕ´Őű¸öÔËÓŞÉĚ×öľ˝ŇÔĘýžÝÖĐĐÄÎŞÖĐĐÄĄŁťůÓÚÓ˘ĚŘśűľÄÓ˛źţĆ˝Ě¨ź°ÔÚÓ˘ĚŘśűÖ§łÖĎÂĚášŠľÄSDN/NFVĎŕšŘ˝âžöˇ˝°¸ŁŹÎŞÎŇĂÇÍĆ˝řżŞˇĹĄ˘ÁéťîľÄĐÂŇť´úÍřÂçźÜššŁŹĘľĎÖÍřÂçľÄźňľĽšÜŔíĄ˘ˇ˝ąăÔËÎŹĄ˘˝ľľÍłÉąž´ňĎÂÁËźáĘľľÄťů´ĄĄŁĄą
</topic_text>
<spam_score>0.50</spam_score>
<post_num>1</post_num>
<post_id>post-1</post_id>
<post_url>http://net.it168.com/a2016/1219/3070/000003070198.shtml</post_url>
<post_date>20161219</post_date>
<post_time>1716</post_time>
<username>it168.com</username>
<post>
žIT168 ĆŔÂŰĄżËć×ĹČËŔŕÉúťîťĽÁŞĐÔľÄÉîČëŁŹÍřÂçÓŚÓĂľÄ˛ťśĎÉîťŻŁŹĘýžÝ˝ŤťáŇÔÖ¸ĘýźśľÄËŮśČĹĘÉýŁŹĘýžÝ°üľÄ×ŞťťşÍÔËĘäľÄÄÜÁŚŇ˛Đč˛ťśĎÔöł¤ĄŁČťśřŁŹÎ´Ŕ´ˇţÎńËůĐčÇóľÄÁéťîĐÔź°šŚÄÜľÄÇż´óĐÔŁŹČ´ĘÇľąĎÂÍřÂçťů´ĄÉčĘŠÎŢˇ¨´ďľ˝ľÄŁŹľąÇ°ÍřÂçÓĐĎŢľÄżÉŔŠŐšĐÔĘšľĂşÜśŕšŚÄÜź°ÓŚÓĂÔÚ˛żĘđĘąĘÜľ˝źŤ´óľÄĎŢÖĆĄŁÎ´Ŕ´ĐÂľÄÍřÂçÄÜ¸üźÓżěËŮľŘ˝řĐĐČíźţś¨ŇĺľÄĘľĎÖÂđ?Î´Ŕ´ľÄÍřÂçČçşÎżÉŇÔČÝÄÉ¸ü´óÁżľÄżÍť§×ĘÔ´şÍżÍť§ĘýÁż?ÎŞÁËÓ­˝ÓÎ´Ŕ´ÔĆťŻľÄÍřÂçĘŔ˝çŁŹĎÖÔÚľÄÍřÂçąŘĐë×ŞąäĄŁ
ĄĄĄĄ SDN/NFVźźĘőźÓËŮÍřÂç×ŞĐÍ
ĄĄĄĄČŤĂć˛żĘđÔĆťŻÉčĘŠŁŹŇâÎś×ĹÎ´Ŕ´ľÄÍřÂç˝Ť˝¨Á˘ÔÚ ĘýžÝÖĐĐÄ ÖŽÉĎŁŹČíźţś¨Ňĺ ĘýžÝÖĐĐÄ ÓÖąíĂ÷´ŤÍłÍřÂçľÄÉýźś×ŞĐÍŇ˛˝Ť´ÓČíźţś¨Ňĺťů´ĄźÜššżŞĘźĄŁĄ°ČŤĂć×ŞąäÍřÂçźÜšš˛˘ˇÇËľľÄÄÇĂ´ČÝŇ×ŁŹËüĐčŇŞÎŇĂÇ×öşÜ´óľÄÍś×ĘĄŁĄąÓ˘ĚŘśűšŤËžĘýžÝÖĐĐÄĘÂŇľ˛żÍ¨ĐĹťů´ĄÉčĘŠ˛żĂĹ×Üž­ŔíDan RodriguezĚáľ˝ŁŹĄ°Ó˘ĚŘśűĎŁÍűÄÜšťŇýÁěŐâ¸öÍřÂçąä¸ďľÄŔËłąŁŹÍŹ¸÷´ó˝âžöˇ˝°¸ľÄšŠÓŚÉĚźÓÇżşĎ×÷ŁŹÔÚŐű¸öÉúĚŹĎľÍłÄÚ´ňÔě¸üżíˇşľÄÍřÂçŁŹÍŹĘąÓĹťŻÍřÂçĆ˝Ě¨źÜššşÍÉčźĆŁŹ˛ťśĎľŘ˝ľľÍŐű¸öÓ˛źţČíźţżŞˇ˘şÍĐ­ÍŹĐčŇŞľÄłÉąžŁŹ¸üşĂľŘÍĆśŻÍřÂçźźĘőľÄŐűĚĺ×Şąäź°ľß¸˛ĄŁĄą
ĄĄĄĄÎŞÂú×ăÓŚÓĂˇţÎńľÄÁéťîĐÔĄ˘°˛ČŤĐÔşÍˇţÎńľÄżÉ´ďĐÔŁŹÓ˘ĚŘśű˛ťśĎľŘÍŹşĎ×÷ťď°éŇťĆđ˝¨Á˘ŐëśÔÎ´Ŕ´ľÄNFVŇÔź°SDNźźĘőĎŕšŘľÄ˝âžöˇ˝°¸ŁŹĚášŠżŞˇĹľÄÍřÂçťů´ĄźÜššĆ˝Ě¨ŁŹĹäşĎQuickAssistźźĘőĄ˘×ĘÔ´ľ÷ĹäźźĘő(Intel RDT)Ą˘ĘýžÝĂćżŞˇ˘Ě×źţ(Intel DPDK)ľČĎŕšŘźźĘőŁŹ˝ľľÍÉčą¸¸´ÔÓśČ˛˘Ěá¸ßÍřÂçŔűÓĂÂĘŁŹÂú×ă ÔËÓŞÉĚ śÔľçĐĹÍřÂçľÄÁéťîĐÔĄ˘żÉŔŠŐšĐÔĄ˘żÉżżĐÔşÍłÉąžĐčÇóŁŹźÓËŮÁË˛úŇľÁ´ľÄźźĘő´´ĐÂşÍÍřÂç×ŞĐÍĄŁ
ĄĄĄĄSDN/NFVźźĘőËůłŤľźľÄÍřÂçżŞˇĹĐÔŁŹŇ˛ÎŞżŞÔ´źźĘőÔÚÍřÂçÁěÓňľÄŇýČë´řŔ´ĆőťúĄŁČÎşÎČíźţĂťÓĐÉçÇřľÄÖ§łÖŇťÇĐśźĘÇÖ˝ÉĎĚ¸ąřŁŹÓ˘ĚŘśűŇťÖąÓëÉçÇř˝řĐĐ˝ôĂÜľÄşĎ×÷ŁŹźÓżě×ŞĐÍŁŹĹÓ´óľÄÉçÇřĚĺĎľŇťˇ˝Ăć´Ů˝řÉçÔąÖŽźä´ďľ˝¸üşĂľÄšľÍ¨ŁŹŇťˇ˝ĂćÎüŇýĐĐŇľľÄŇâźűŁŹ˛ťśĎÍęÉĆČíźţĄŁŇÔDPDKÎŞŔýŁŹ×î˝üľÄĘýžÝĎÔĘžŁŹDPDK°üşŹÁË955ĎîŔ´×ÔÓÚ˛ťÍŹšąĎ×ŐßľÄÖ§łÖŁŹ×÷ÎŞŇť¸öżŞÔ´ľÄČíźţŁŹ¸ĂĘýžÝËľĂ÷DPDKÓľÓĐŇť¸ö˝ĄżľĄ˘żÉżżľÄÉúĚŹĎľÍłŁŹŐâÓëÓ˘ĚŘśűŇťÖąŇÔŔ´śÔĆä˝řĐĐ´óÁŚÍś×ĘŇÔąŁÖ¤ËüľÄżŞÔ´ĐÔŁŹĂÜ˛ťżÉˇÖĄŁłý´ËÖŽÍâŁŹÓ˘ĚŘśűÔÚÎŞËůÓĐżÍť§´î˝¨ŔŕËĆľÄĘýžÝżňźÜÎŞĆäĚášŠĎŕšŘˇţÎń˛˘Đ­ÖúĆäĘšÓĂĄŁ
ĄĄĄĄ ĐŻĘÖÖĐšúľçĐĹł˘ĘÔĐÂˇ˝Ďň
ĄĄĄĄśÔÓÚ ÔËÓŞÉĚ Ŕ´ËľŁŹŇÔÍůľçĐĹÉčą¸śŕ˛ÉÓĂČíÓ˛ŇťĚĺľÄˇâąŐ×¨ÓĂĎľÍłŁŹłÉąž¸ßŁŹÉýźś¸ÄÔěŔ§ÄŃŁŹ˛ťÍŹł§ÉĚľÄÉčą¸źćČÝĐÔşÍťĽÍ¨ĐÔ˛ťşĂŁŹŐâÖą˝ÓÔěłÉÁËľçĐĹŇľÍřÂçľÄ˝¨ÉčÎŹť¤łÉąž¸ßĄ˘żŞˇĹĐÔ˛îŇÔź°ÁéťîĐÔ˛ť×ăŇ˛ĎŢÖĆÁËÔËÓŞÉĚÔÚÍřÂçşÍŇľÎńÉĎľÄ´´ĐÂĄŁÎ´Ŕ´ÔĆťŻÍřÂçľÄÇ°ĚáĘÇĐéÄâťŻŁŹÔËÓŞÉĚĎëłšľ××ßłö´ŤÍłľÄŔĎÂˇŁŹžÍĘÇłŻ×ĹNFVľÄˇ˝Ďň×ßĄŁ
ĄĄĄĄ×÷ÎŞÓ˘ĚŘśűł¤ĆÚŇÔŔ´ľÄşĎ×÷ťď°éŁŹŇťÖąŇÔŔ´ŁŹÖĐšúľçĐĹşÍÓ˘ĚŘśűÔÚŐ˝ÂÔşÍźźĘőÉĎÍ¨ÁŚşĎ×÷ĄŁÓ˘ĚŘśűšŤËžĘýžÝÖĐĐÄĘÂŇľ˛żÍřÂçĆ˝Ě¨˛żĘĐłĄżŞÍŘ×ÜźŕśĹÎ¨ŃďËľľŔŁŹĄ°ĆäĘľÎŇĂÇĐčŇŞ˝âžöľÄł¤ÔśÎĘĚâĘÇÇŁśŻąę×ź×éÖŻš¤×÷ŁŹśřŐâ¸öšýłĚÖĐÎńąŘĐčŇŞ˝řĐĐĘľźĘľÄ˛żĘđŁŹÓ˘ĚŘśűşÍÖĐšúľçĐĹľÄşĎ×÷Ö÷ŇŞĂćĎňÖ÷ÍřŁŹ´ÓÇ°ĆÚ˛âĘÔŇťÖąľ˝şóĆÚŃĄĐÍśźÓĐĄŁžŮŔýŔ´ËľŁŹŐëśÔNFVÖ÷ÍřŔďľÄŇťĐŠÓŚÓĂ˝řĐĐ˛âĘÔŁŹ¸ůžÝ˛âĘÔ˝ášűĎÔĘžľÄĘýžÝČĽžöś¨ŃĄÓĂÄÄŇťżî ˇţÎńĆ÷ ŁŹÍůÍů˝ÇśČ˛ťŇťŃůŁŹÓŚÓĂ˛ťŇťŃůŁŹ ˇţÎńĆ÷ ľÄŃĄÔńśź˛ťžĄĎŕÍŹĄŁĄą´ËÍâŁŹÓ˘ĚŘśűşÍÖĐšúľçĐĹÔÚżŞÔ´ÔÚÓ˘ĚŘśűşÍÖĐšúľçĐĹÔÚąŕĹĹ˛ăŇŃž­ť¨ÁË´óÁżľÄĘąźäŇťÍŹŃĐžżŁŹ˝řĐĐ´óÁżľÄ˛âĘÔĄŁ
ĄĄĄĄĐÔÄÜľÄĚáÉýĘÇÄżÇ°NFVĎëŇŞĘľĎÖ´óšćÄŁÉĚÓĂËůĂćÁŮľÄÖ÷ŇŞĚôŐ˝ŁŹÓČĆäĘÇÔÚĘýžÝĂć×Şˇ˘ÉĎŁŹÖĐšúľçĐĹ˛ÉÓĂÁËťůÓÚx86źÜššľÄľ×˛ăÍřÂçĆ˝Ě¨˛˘ĹäşĎ˛ÉÓĂDPDKźźĘőŁŹźŤ´óľŘÔöÇżÁËĘýžÝ°ü´ŚŔíĐÔÄÜşÍÍĚÍÂÁżŁŹĘľĎÖÁË¸ßĐ§ľÄ×Şˇ˘ĐÔÄÜŁŹ´ÓśřÎŞĘýžÝĆ˝ĂćÓŚÓĂÁôłö¸üśŕĘąźäĄŁÖĐšúľçĐĹSDN/NFVźÜššĘŚĹˇÁÁłĆŁşĄ°ÖĐšúľçĐĹËůĚáłöľÄĄŽÔĆÍřČÚşĎĄŻŁŹź´ÍřÂçÉčą¸ľÄÔĆťŻşÍÍřÂçĚášŠÄÜÁŚľÄÔĆťŻŁŹ×îÖŐľÄÔ¸ž°žÍĘÇÎ´Ŕ´Őű¸öÔËÓŞÉĚ×öľ˝ŇÔĘýžÝÖĐĐÄÎŞÖĐĐÄĄŁťůÓÚÓ˘ĚŘśűľÄÓ˛źţĆ˝Ě¨ź°ÔÚÓ˘ĚŘśűÖ§łÖĎÂĚášŠľÄSDN/NFVĎŕšŘ˝âžöˇ˝°¸ŁŹÎŞÎŇĂÇÍĆ˝řżŞˇĹĄ˘ÁéťîľÄĐÂŇť´úÍřÂçźÜššŁŹĘľĎÖÍřÂçľÄźňľĽšÜŔíĄ˘ˇ˝ąăÔËÎŹĄ˘˝ľľÍłÉąž´ňĎÂÁËźáĘľľÄťů´ĄĄŁĄą
</post>
<signature>

</signature>
<external_links>
<external_link>http://product.pcpop.com/Operators/10734/</external_link><external_link>http://www.pcpop.com/tm.gif</external_link><external_link>http://product.pcpop.com/datacenter/10734/</external_link><external_link>http://product.pcpop.com/Server/10734/</external_link>
</external_links>
<country>CN</country>
<main_image></main_image>
</document>
