<?xml version="1.0" encoding="UTF-8"?>
<document>
<type>mainstream</type>
<forum>http://ng.se/rss.xml</forum>
<forum_title>Nöjesguiden</forum_title>
<discussion_title>Algoritm ska skapa perfekt öl</discussion_title>
<language>swedish</language>
<gmt_offset></gmt_offset>
<topic_url>http://ng.se/artiklar/algoritm-ska-skapa-perfekt-ol</topic_url>
<topic_text>
Algoritm ska skapa perfekt öl 19:52 19 Dec 2016 
Det engelska brygghuset IntelligentX har tagit fram en algoritm vars syfte är att skapa den perfekta ölen med hjälp av artificiell intelligens. 
Ölen, som även den går under namnet AI, kommer i fyra olika utföranden och varje recept ändras efter konsumenternas feedback. All data som samlas in via ett onlinesystem används sedan av bryggeriets algoritm för att göra nästa sats. 
AI kommer än så länge bara i högst begränsade volymer för &quot;den som vet hur man får tag på det&quot;. Stad:
</topic_text>
<spam_score>0.00</spam_score>
<post_num>1</post_num>
<post_id>post-1</post_id>
<post_url>http://ng.se/artiklar/algoritm-ska-skapa-perfekt-ol</post_url>
<post_date>20161219</post_date>
<post_time>1852</post_time>
<username>Pelle Tamleht</username>
<post>
Algoritm ska skapa perfekt öl 19:52 19 Dec 2016 
Det engelska brygghuset IntelligentX har tagit fram en algoritm vars syfte är att skapa den perfekta ölen med hjälp av artificiell intelligens. 
Ölen, som även den går under namnet AI, kommer i fyra olika utföranden och varje recept ändras efter konsumenternas feedback. All data som samlas in via ett onlinesystem används sedan av bryggeriets algoritm för att göra nästa sats. 
AI kommer än så länge bara i högst begränsade volymer för &quot;den som vet hur man får tag på det&quot;. Stad:
</post>
<signature>

</signature>
<external_links>

</external_links>
<country>SE</country>
<main_image>http://ng.se/sites/default/files/styles/front_blurb/public/images/blurbs/articles/316497/intelligentx-ai.jpg?itok=KvGIDhH7</main_image>
</document>
