<?xml version="1.0" encoding="UTF-8"?>
<document>
<type>mainstream</type>
<forum>http://rssfeeds.wfaa.com/_/20/110031558/wfaa/home</forum>
<forum_title>WFAA - News</forum_title>
<discussion_title>Mistrial for Garland cop Patrick Tuter</discussion_title>
<language>english</language>
<gmt_offset></gmt_offset>
<topic_url>http://rssfeeds.wfaa.com/_/20/110031558/wfaa/http&amp;#x3a;&amp;#x2f;&amp;#x2f;www&amp;#x2e;wfaa&amp;#x2e;com&amp;#x2f;news&amp;#x2f;crime&amp;#x2f;hung-jury-in-garland-officers-manslaughter-trial&amp;#x2f;373336518</topic_url>
<topic_text>
Judge declares mistrial in Garland officer&apos;s manslaughter case Judge declares mistrial in Garland officer&apos;s manslaughter case WFAA.com Staff , WFAA 1:51 PM. CST December 19, 2016 Patrick Tuter testifies. CONNECT TWEET LINKEDIN GOOGLE+ PINTEREST 
The judge has declared a mistrial in Garland officer Patrick Tuter&apos;s manslaughter case after the jury couldn&apos;t reach a verdict. 
Jurors sent out a note Monday morning saying the jury was deadlocked, and told the judge further deliberations would not help. 
Tuter was on trial for manslaughter for the fatal shooting of Michael Allen in 2012. 
Jurors deliberated for five hours Friday and another hour Monday before deciding a verdict would not be reached. Judge thanking jury for their service and says he appreciates their service and is discharging the jury. No verdict reached. #tutertrial — Rebecca Lopez (@rlopezwfaa) December 19, 2016 
Defense attorney Toby Shook told News 8&apos;s Rebecca Lopez via Twitter that nine jurors favored a &quot;not guilty&quot; ruling. 
Tuter fired 41 round into Allen’s truck after a high-speed chase on Aug. 31, 2012. He testified that he thought Allen was going to shoot him. 
“I believed based on what I saw, and experience, that he was going to injure or kill someone,” Tuter testified . 
Allen was unarmed. 
Other Garland officers testified that they never felt their life was in danger and called Tuter’s shooting “reckless.”
</topic_text>
<spam_score>0.00</spam_score>
<post_num>1</post_num>
<post_id>post-1</post_id>
<post_url>http://rssfeeds.wfaa.com/_/20/110031558/wfaa/http&amp;#x3a;&amp;#x2f;&amp;#x2f;www&amp;#x2e;wfaa&amp;#x2e;com&amp;#x2f;news&amp;#x2f;crime&amp;#x2f;hung-jury-in-garland-officers-manslaughter-trial&amp;#x2f;373336518</post_url>
<post_date>20161219</post_date>
<post_time>1951</post_time>
<username></username>
<post>
Judge declares mistrial in Garland officer&apos;s manslaughter case Judge declares mistrial in Garland officer&apos;s manslaughter case WFAA.com Staff , WFAA 1:51 PM. CST December 19, 2016 Patrick Tuter testifies. CONNECT TWEET LINKEDIN GOOGLE+ PINTEREST 
The judge has declared a mistrial in Garland officer Patrick Tuter&apos;s manslaughter case after the jury couldn&apos;t reach a verdict. 
Jurors sent out a note Monday morning saying the jury was deadlocked, and told the judge further deliberations would not help. 
Tuter was on trial for manslaughter for the fatal shooting of Michael Allen in 2012. 
Jurors deliberated for five hours Friday and another hour Monday before deciding a verdict would not be reached. Judge thanking jury for their service and says he appreciates their service and is discharging the jury. No verdict reached. #tutertrial — Rebecca Lopez (@rlopezwfaa) December 19, 2016 
Defense attorney Toby Shook told News 8&apos;s Rebecca Lopez via Twitter that nine jurors favored a &quot;not guilty&quot; ruling. 
Tuter fired 41 round into Allen’s truck after a high-speed chase on Aug. 31, 2012. He testified that he thought Allen was going to shoot him. 
“I believed based on what I saw, and experience, that he was going to injure or kill someone,” Tuter testified . 
Allen was unarmed. 
Other Garland officers testified that they never felt their life was in danger and called Tuter’s shooting “reckless.”
</post>
<signature>

</signature>
<external_links>

</external_links>
<country>US</country>
<main_image>http://content.wfaa.com/photo/2016/12/15/thumbnail_tuter_1481840007370_7356449_ver1.0.jpg</main_image>
</document>
