<?xml version="1.0" encoding="UTF-8"?>
<document>
<type>mainstream</type>
<forum>http://rssfeeds.wwltv.com/_/20/110279948/wwl/local</forum>
<forum_title>WWL - Local</forum_title>
<discussion_title>10 tips to breeze through security</discussion_title>
<language>english</language>
<gmt_offset></gmt_offset>
<topic_url>http://rssfeeds.wwltv.com/_/20/110279948/wwl/http&amp;#x3a;&amp;#x2f;&amp;#x2f;www&amp;#x2e;wwltv&amp;#x2e;com&amp;#x2f;travel&amp;#x2f;10-tips-to-breeze-through-airport-security&amp;#x2f;355340869</topic_url>
<topic_text>
10 tips to breeze through airport security Don&apos;t be one of those people who hold up the line. Travis Pittman , KING 5:56 PM. CST December 19, 2016 Passengers at a screening station at Sea-Tac Airport. (Credit: KING) CONNECT TWEET LINKEDIN GOOGLE+ PINTEREST 
Sea-Tac Airport is expecting heavy travel traffic this holiday season - on average about 55,000 departing passengers each weekday. 
The busiest travel day is Thursday, Dec. 22 with about 60,000 departing passengers expected, followed by Wednesday, Dec. 21 and Friday, Dec. 23. Christmas Eve, Christmas, New Year&apos;s Eve, and New Year&apos;s Day will be the lightest travel days. 
There are some simple ways you can make sure you get through airport security faster during a busy holiday travel week. 
Related: TSA checkpoint wait times at Sea-Tac Airport 
1) Put your ID in your carry-on after it&apos;s been checked by TSA with your boarding pass. People often try to hold onto their IDs as they go through the scanner. They often lose it as a result and scramble back to find it. TSA says once the officer has checked your ID and your boarding pass, you won&apos;t need it again until you get to the gate. 
2) Laptops must be taken out of your bag, placed in one of the bins by themselves, and sent through the scanner on their own. Be sure to do this otherwise, it has to be re-scanned, thereby slowing everyone down. 
3) Tablets can remain in your carry-on. 
4) Take your cell phone out of your pocket and put it in your carry-on. 
5) You must take your shoes off before going through the scanner, so wear lighter shoes that are easy to slip on and off. 
6) Go easy on the bling. Avoid wearing a lot of jewelry that you&apos;re going to have to take off. 
7) If your toiletries with liquids are in your carry-on, have them in a bag and ready to take out quickly. Remember the 3-1-1 rule: 
•3.4 oz (100 mL) bottle or less for all liquids, gels, and aerosols; placed in a•1 quart-sized, clear, plastic, zip-top bag to hold all small bottles; and•1 bag per passenger placed in a screening bin. 
8) Before you put it in your carry-on, check this list for prohibited items. 
9) Don&apos;t take wrapped gifts through security. The TSA may ask you to unwrap them if they see something that concerns them. 
10) This comes straight from the TSA website and should be a no-brainer: &quot;TSA officers do not react well to travelers who are loud, belligerent, or disrespectful. Don’t joke about the words &apos;bomb&apos; or &apos;terrorist&apos; while going through screening.&quot; 
Copyright 2016 KING
</topic_text>
<spam_score>0.00</spam_score>
<post_num>1</post_num>
<post_id>post-1</post_id>
<post_url>http://rssfeeds.wwltv.com/_/20/110279948/wwl/http&amp;#x3a;&amp;#x2f;&amp;#x2f;www&amp;#x2e;wwltv&amp;#x2e;com&amp;#x2f;travel&amp;#x2f;10-tips-to-breeze-through-airport-security&amp;#x2f;355340869</post_url>
<post_date>20161219</post_date>
<post_time>2356</post_time>
<username></username>
<post>
10 tips to breeze through airport security Don&apos;t be one of those people who hold up the line. Travis Pittman , KING 5:56 PM. CST December 19, 2016 Passengers at a screening station at Sea-Tac Airport. (Credit: KING) CONNECT TWEET LINKEDIN GOOGLE+ PINTEREST 
Sea-Tac Airport is expecting heavy travel traffic this holiday season - on average about 55,000 departing passengers each weekday. 
The busiest travel day is Thursday, Dec. 22 with about 60,000 departing passengers expected, followed by Wednesday, Dec. 21 and Friday, Dec. 23. Christmas Eve, Christmas, New Year&apos;s Eve, and New Year&apos;s Day will be the lightest travel days. 
There are some simple ways you can make sure you get through airport security faster during a busy holiday travel week. 
Related: TSA checkpoint wait times at Sea-Tac Airport 
1) Put your ID in your carry-on after it&apos;s been checked by TSA with your boarding pass. People often try to hold onto their IDs as they go through the scanner. They often lose it as a result and scramble back to find it. TSA says once the officer has checked your ID and your boarding pass, you won&apos;t need it again until you get to the gate. 
2) Laptops must be taken out of your bag, placed in one of the bins by themselves, and sent through the scanner on their own. Be sure to do this otherwise, it has to be re-scanned, thereby slowing everyone down. 
3) Tablets can remain in your carry-on. 
4) Take your cell phone out of your pocket and put it in your carry-on. 
5) You must take your shoes off before going through the scanner, so wear lighter shoes that are easy to slip on and off. 
6) Go easy on the bling. Avoid wearing a lot of jewelry that you&apos;re going to have to take off. 
7) If your toiletries with liquids are in your carry-on, have them in a bag and ready to take out quickly. Remember the 3-1-1 rule: 
•3.4 oz (100 mL) bottle or less for all liquids, gels, and aerosols; placed in a•1 quart-sized, clear, plastic, zip-top bag to hold all small bottles; and•1 bag per passenger placed in a screening bin. 
8) Before you put it in your carry-on, check this list for prohibited items. 
9) Don&apos;t take wrapped gifts through security. The TSA may ask you to unwrap them if they see something that concerns them. 
10) This comes straight from the TSA website and should be a no-brainer: &quot;TSA officers do not react well to travelers who are loud, belligerent, or disrespectful. Don’t joke about the words &apos;bomb&apos; or &apos;terrorist&apos; while going through screening.&quot; 
Copyright 2016 KING
</post>
<signature>

</signature>
<external_links>

</external_links>
<country>US</country>
<main_image>http://content.king5.com/photo/2016/11/23/KING_Airport_Security_1479920564134_7108593_ver1.0.JPG</main_image>
</document>
