<?xml version="1.0" encoding="UTF-8"?>
<document>
<type>mainstream</type>
<forum>http://allafrica.com/tools/headlines/rdf/aids/headlines.rdf</forum>
<forum_title>AllAfrica News: HIV-Aids and STDs</forum_title>
<discussion_title>Uganda: MP Lubyayi Cautions Graduates On Dangers of HIV/Aids</discussion_title>
<language>english</language>
<gmt_offset></gmt_offset>
<topic_url>http://allafrica.com/stories/201612190589.html</topic_url>
<topic_text>
Tanzania: Ministry Dismisses Zika Reports By Sadat Mbogo Mpigi — The Mawokota South county legislator Mr John Bosco Lubyayi Sseguya has warned graduates that the only way they can succeed in this world is by keeping healthy and stop bad habits like adultery, taking alcohol and fornication, among others. Mr Lubyayi, also the NRM Chairperson in Mpigi District was speaking during the second graduation ceremony of St. Mbaaga Vocational Training Institute in Buwama Town on Sunday. &quot;Discipline should remain a core principle in your lifestyle and job environment. You must avoid practices that will lead you to acquire HIV/AIDS. It is a killer disease that will not allow you to enjoy your wealth and earn from these skills you have acquired from this institute,&quot; he said. He added: &quot;Use vocational skills you have acquired to create job opportunities that will in turn make you employers for the many unemployed people in this country. Can you imagine, for instance, out of the 30,000 graduates per year, only 700 get job opportunities! Where will the 29,300 be employed? Start up your own enterprises to help them.&quot; Ms Grace Nabulya, the Institute&apos;s Principal warned parents to stop forcing their children into early marriages, urging them to send them to schools to better their future. She added that sexual activities at early ages are one of the major contributing factors towards the spread of HIV/AIDS and unwanted pregnancies. &quot;Watch out for quick money. You will be preyed upon by the so-called rich men and women who are infected with this killer disease and at the end, you will lose your mission of lighting up your future,&quot; she warned. About St Mbaaga Vocational Training Institute It was established in 1996 to give quality vocational and technical education especially to needy and orphans from the three Sub-counties; Kituntu, Buwama and Nkozi in Mawokota Constituency. At least 250 graduates were awarded with certificates in different disciplines like hotel management and catering, tailoring, hairdressing, art and craft. Uganda 
Makerere University lecturers have suspended their sit down strike to pave way for the visiting committee appointed by… Read more » Copyright © 2016 The Monitor. All rights reserved. Distributed by AllAfrica Global Media ( allAfrica.com ). To contact the copyright holder directly for corrections — or for permission to republish or make other authorized use of this material, click here. AllAfrica publishes around 1,000 reports a day from more than 140 news organizations and over 500 other institutions and individuals , representing a diversity of positions on every topic. We publish news and views ranging from vigorous opponents of governments to government publications and spokespersons. Publishers named above each report are responsible for their own content, which AllAfrica does not have the legal right to edit or correct. Articles and commentaries that identify allAfrica.com as the publisher are produced or commissioned by AllAfrica . To address comments or complaints, please Contact us .
</topic_text>
<spam_score>0.00</spam_score>
<post_num>1</post_num>
<post_id>post-1</post_id>
<post_url>http://allafrica.com/stories/201612190589.html</post_url>
<post_date>20161219</post_date>
<post_time>1052</post_time>
<username></username>
<post>
Tanzania: Ministry Dismisses Zika Reports By Sadat Mbogo Mpigi — The Mawokota South county legislator Mr John Bosco Lubyayi Sseguya has warned graduates that the only way they can succeed in this world is by keeping healthy and stop bad habits like adultery, taking alcohol and fornication, among others. Mr Lubyayi, also the NRM Chairperson in Mpigi District was speaking during the second graduation ceremony of St. Mbaaga Vocational Training Institute in Buwama Town on Sunday. &quot;Discipline should remain a core principle in your lifestyle and job environment. You must avoid practices that will lead you to acquire HIV/AIDS. It is a killer disease that will not allow you to enjoy your wealth and earn from these skills you have acquired from this institute,&quot; he said. He added: &quot;Use vocational skills you have acquired to create job opportunities that will in turn make you employers for the many unemployed people in this country. Can you imagine, for instance, out of the 30,000 graduates per year, only 700 get job opportunities! Where will the 29,300 be employed? Start up your own enterprises to help them.&quot; Ms Grace Nabulya, the Institute&apos;s Principal warned parents to stop forcing their children into early marriages, urging them to send them to schools to better their future. She added that sexual activities at early ages are one of the major contributing factors towards the spread of HIV/AIDS and unwanted pregnancies. &quot;Watch out for quick money. You will be preyed upon by the so-called rich men and women who are infected with this killer disease and at the end, you will lose your mission of lighting up your future,&quot; she warned. About St Mbaaga Vocational Training Institute It was established in 1996 to give quality vocational and technical education especially to needy and orphans from the three Sub-counties; Kituntu, Buwama and Nkozi in Mawokota Constituency. At least 250 graduates were awarded with certificates in different disciplines like hotel management and catering, tailoring, hairdressing, art and craft. Uganda 
Makerere University lecturers have suspended their sit down strike to pave way for the visiting committee appointed by… Read more » Copyright © 2016 The Monitor. All rights reserved. Distributed by AllAfrica Global Media ( allAfrica.com ). To contact the copyright holder directly for corrections — or for permission to republish or make other authorized use of this material, click here. AllAfrica publishes around 1,000 reports a day from more than 140 news organizations and over 500 other institutions and individuals , representing a diversity of positions on every topic. We publish news and views ranging from vigorous opponents of governments to government publications and spokespersons. Publishers named above each report are responsible for their own content, which AllAfrica does not have the legal right to edit or correct. Articles and commentaries that identify allAfrica.com as the publisher are produced or commissioned by AllAfrica . To address comments or complaints, please Contact us .
</post>
<signature>

</signature>
<external_links>

</external_links>
<country>US</country>
<main_image>http://allafrica.com/static/images/structure/aa-logo-rgba-no-text-128x128.png</main_image>
</document>
