<?xml version="1.0" encoding="UTF-8"?>
<document>
<type>mainstream</type>
<forum>http://www.hotnews.ro/</forum>
<forum_title>HotNews.ro - Actualitate</forum_title>
<discussion_title>Un baiat numit Craciun - Cultura</discussion_title>
<language>romanian</language>
<gmt_offset>2</gmt_offset>
<topic_url>http://www.hotnews.ro/stiri-cultura-21481645-baiat-numit-craciun.htm</topic_url>
<topic_text>
Un baiat numit Craciun este cartea cea mai frumoasa pe care-ti poti dori s-o citesti de sarbatori. Are de toate: zapada, aventuri, magie, umor, reni, turta dulce, elfi, spiridusi si un baiat pe nume Nikolas caruia nu-i e teama sa creada in magie.
Frumos intretesuta printre randuri, lectia pe care o invata Nikolas si, odata cu el, copiii de toate varstele care citesc cartea, este ca adevarata magie a Craciunului este magia daruirii, un dar de care ne putem bucura cu totii.
Comandati volumul la GiftBooks.ro. Puteti obtine transport GRATUIT! Alte carti pentru copiii si adolescenti
Plina de intelepciune si umor, Un baiat numit Craciun, este deja un clasic in devenire, o poveste neobisnuita si incitanta, scrisa de autorul de succes Matt Haig si minunat ilustrata de Chris Mould.
Drepturile pentru ecranizarea cartii au fost cumparate de Blueprint si Studio Canal, iar scenariul va fi semnat de Ol Parker.
„Un nou clasic maret. Amuzant, un pic trist si absolut stralucit. Se pare ca, de fapt, stiam doar jumatate din poveste.” (Simon Mayo, BBC)
„Cea mai frumoasa poveste de Craciun publicata in ultimele decenii. Generatiile viitoare vor asocia cu Un baiat numit Craciun aceeasi bucurie si stare de bine pe care ne-o dau noua mancarurile traditionale si oamenii de zapada.” (Stephen Fry)
„Un ren numit Blitzen si o caciula rosie putin cam neobisnuita… aceasta poveste de Craciun ar putea sa-l emotioneze chiar si pe Scrooge.” (The Guardian)
„Lectura cartii se aseamana cu placerea de a sta langa foc intr-o zi friguroasa… E cartea perfecta pentru Craciun din toate punctele de vedere.” (The Independent)
Comandati volumul la GiftBooks.ro. Puteti obtine transport GRATUIT! Alte carti pentru copiii si adolescenti
</topic_text>
<spam_score>0.13</spam_score>
<post_num>1</post_num>
<post_id>post-1</post_id>
<post_url>http://www.hotnews.ro/stiri-cultura-21481645-baiat-numit-craciun.htm</post_url>
<post_date>20161219</post_date>
<post_time>1028</post_time>
<username>hotnews.ro</username>
<post>
Un baiat numit Craciun este cartea cea mai frumoasa pe care-ti poti dori s-o citesti de sarbatori. Are de toate: zapada, aventuri, magie, umor, reni, turta dulce, elfi, spiridusi si un baiat pe nume Nikolas caruia nu-i e teama sa creada in magie.
Frumos intretesuta printre randuri, lectia pe care o invata Nikolas si, odata cu el, copiii de toate varstele care citesc cartea, este ca adevarata magie a Craciunului este magia daruirii, un dar de care ne putem bucura cu totii.
Comandati volumul la GiftBooks.ro. Puteti obtine transport GRATUIT! Alte carti pentru copiii si adolescenti
Plina de intelepciune si umor, Un baiat numit Craciun, este deja un clasic in devenire, o poveste neobisnuita si incitanta, scrisa de autorul de succes Matt Haig si minunat ilustrata de Chris Mould.
Drepturile pentru ecranizarea cartii au fost cumparate de Blueprint si Studio Canal, iar scenariul va fi semnat de Ol Parker.
„Un nou clasic maret. Amuzant, un pic trist si absolut stralucit. Se pare ca, de fapt, stiam doar jumatate din poveste.” (Simon Mayo, BBC)
„Cea mai frumoasa poveste de Craciun publicata in ultimele decenii. Generatiile viitoare vor asocia cu Un baiat numit Craciun aceeasi bucurie si stare de bine pe care ne-o dau noua mancarurile traditionale si oamenii de zapada.” (Stephen Fry)
„Un ren numit Blitzen si o caciula rosie putin cam neobisnuita… aceasta poveste de Craciun ar putea sa-l emotioneze chiar si pe Scrooge.” (The Guardian)
„Lectura cartii se aseamana cu placerea de a sta langa foc intr-o zi friguroasa… E cartea perfecta pentru Craciun din toate punctele de vedere.” (The Independent)
Comandati volumul la GiftBooks.ro. Puteti obtine transport GRATUIT! Alte carti pentru copiii si adolescenti
</post>
<signature>

</signature>
<external_links>
<external_link>http://www.giftbooks.ro/10-smartkids</external_link><external_link>http://www.giftbooks.ro/smartkids/1172-un-baiat-numit-craciun.html</external_link>
</external_links>
<country>RO</country>
<main_image>http://media.hotnews.ro/media_server1/image-2016-12-15-21474249-70-baiat-numit-craciun.jpg</main_image>
</document>
