<?xml version="1.0" encoding="UTF-8"?>
<document>
<type>mainstream</type>
<forum>http://businessrecord.com/RSS/248</forum>
<forum_title>RSS Feed businessrecord.com : All Latest News</forum_title>
<discussion_title>SPEAK UP: How a group of CEOs plans to solve gender inequality</discussion_title>
<language>english</language>
<gmt_offset></gmt_offset>
<topic_url>http://www.businessrecord.com:80/Content/Default/-All-Latest-News/Article/SPEAK-UP-How-a-group-of-CEOs-plans-to-solve-gender-inequality/-3/248/75859</topic_url>
<topic_text>
SPEAK UP: How a group of CEOs plans to solve gender inequality Monday, December 19, 2016 8:00 AM Frustrated by the incremental gains, a group of female business leaders got together in June 2015 to see if they could find a way to speed up women&apos;s progress to the C-suite. The result of brainstorming with a larger group of male and female CEOs, executives, board chairpersons, and academics is a newly launched coalition called Paradigm for Parity. Read more about the coalition at FastCompany.com.
</topic_text>
<spam_score>0.00</spam_score>
<post_num>1</post_num>
<post_id>post-1</post_id>
<post_url>http://www.businessrecord.com:80/Content/Default/-All-Latest-News/Article/SPEAK-UP-How-a-group-of-CEOs-plans-to-solve-gender-inequality/-3/248/75859</post_url>
<post_date>20161219</post_date>
<post_time>1400</post_time>
<username></username>
<post>
SPEAK UP: How a group of CEOs plans to solve gender inequality Monday, December 19, 2016 8:00 AM Frustrated by the incremental gains, a group of female business leaders got together in June 2015 to see if they could find a way to speed up women&apos;s progress to the C-suite. The result of brainstorming with a larger group of male and female CEOs, executives, board chairpersons, and academics is a newly launched coalition called Paradigm for Parity. Read more about the coalition at FastCompany.com.
</post>
<signature>

</signature>
<external_links>

</external_links>
<country>US</country>
<main_image></main_image>
</document>
