<?xml version="1.0" encoding="UTF-8"?>
<document>
<type>mainstream</type>
<forum>http://finance.qq.com</forum>
<forum_title>财经频道_腾讯网</forum_title>
<discussion_title>高盛改口 转为看好欧佩克减产协议_证券_腾讯网</discussion_title>
<language>chinese</language>
<gmt_offset>6</gmt_offset>
<topic_url>http://stock.qq.com/a/20161220/000165.htm</topic_url>
<topic_text>
腾讯证券讯 北京时间12月20日凌晨消息，短短几天之内， 高盛 就改变了自己的想法，开始相信欧佩克的成员们会严格履行自己的减产承诺了。他们说，这是因为各个产油国——尤其是沙特阿拉伯——有着“强烈的”动机去执行协议。于是，高盛周五将自己的明年第二季度西得克萨斯中间基原油目标价格从每桶55美元提升到了57.50美元。 第一季度目标价格保持55美元不变。 高盛同时将第二季度布伦特原油目标价格从56.50美元提升到了59美元，目前预计布油全年平均价格57.40美元，较之前提升了3.40美元。 几天前，高盛层面表示预计欧佩克各国不大会兑现减产承诺，因此保持纽油上半年55美元价格的预期不变。 然而现在，分析了沙特的财政收入和经济前景之后，高盛认为，他们忠实履约的可能性已经达到了84%。 “最终，我们对沙特财政状况的研究结果显示，沙特能源部长上周末的讲话是符合现实的，这个王国有强烈的动机去减产，以达到库存正常化的目标，哪怕这意味着大规模单边减产。” 日前，欧佩克和十一个非欧佩克产油国承诺将原油日产量削减180万桶，其中欧佩克国家减产120万桶，非欧佩克国家减产55万8000桶，包括俄罗斯在内。 随后，沙特能源部长法里赫(Khalid al-Falih)又发话说，沙特已经准备好进行超过协议幅度的减产，引发了市场的进一步反应。 高盛还表示，尼日利亚和利比亚未参加欧佩克的内部减产，还在进一步增产，同时，美元也在走强，这些将对油价形成短期的打压。 他们重申，预计美国页岩油日产量明年上半年将增加30万桶。（费绿） 【牛人大赛】快来腾讯证券官号（qqzixuangu）参赛啦！点击“话费天天送”，话费、 苹果 电脑大派送，更有三重奖等你拿！ 正文已结束，您可以按alt+4进行评论
</topic_text>
<spam_score>0.00</spam_score>
<post_num>1</post_num>
<post_id>post-1</post_id>
<post_url>http://stock.qq.com/a/20161220/000165.htm</post_url>
<post_date>20161220</post_date>
<post_time>0008</post_time>
<username>qq.com</username>
<post>
腾讯证券讯 北京时间12月20日凌晨消息，短短几天之内， 高盛 就改变了自己的想法，开始相信欧佩克的成员们会严格履行自己的减产承诺了。他们说，这是因为各个产油国——尤其是沙特阿拉伯——有着“强烈的”动机去执行协议。于是，高盛周五将自己的明年第二季度西得克萨斯中间基原油目标价格从每桶55美元提升到了57.50美元。 第一季度目标价格保持55美元不变。 高盛同时将第二季度布伦特原油目标价格从56.50美元提升到了59美元，目前预计布油全年平均价格57.40美元，较之前提升了3.40美元。 几天前，高盛层面表示预计欧佩克各国不大会兑现减产承诺，因此保持纽油上半年55美元价格的预期不变。 然而现在，分析了沙特的财政收入和经济前景之后，高盛认为，他们忠实履约的可能性已经达到了84%。 “最终，我们对沙特财政状况的研究结果显示，沙特能源部长上周末的讲话是符合现实的，这个王国有强烈的动机去减产，以达到库存正常化的目标，哪怕这意味着大规模单边减产。” 日前，欧佩克和十一个非欧佩克产油国承诺将原油日产量削减180万桶，其中欧佩克国家减产120万桶，非欧佩克国家减产55万8000桶，包括俄罗斯在内。 随后，沙特能源部长法里赫(Khalid al-Falih)又发话说，沙特已经准备好进行超过协议幅度的减产，引发了市场的进一步反应。 高盛还表示，尼日利亚和利比亚未参加欧佩克的内部减产，还在进一步增产，同时，美元也在走强，这些将对油价形成短期的打压。 他们重申，预计美国页岩油日产量明年上半年将增加30万桶。（费绿） 【牛人大赛】快来腾讯证券官号（qqzixuangu）参赛啦！点击“话费天天送”，话费、 苹果 电脑大派送，更有三重奖等你拿！ 正文已结束，您可以按alt+4进行评论
</post>
<signature>

</signature>
<external_links>

</external_links>
<country>CN</country>
<main_image></main_image>
</document>
