<?xml version="1.0" encoding="UTF-8"?>
<document>
<type>mainstream</type>
<forum>http://180graus.com/rss/index.xml</forum>
<forum_title>180graus - O Maior Portal do Piauí</forum_title>
<discussion_title>Centro Multidisciplinar da DPE-PI faz o Natal das crianças do assentamento</discussion_title>
<language>portuguese</language>
<gmt_offset></gmt_offset>
<topic_url>http://180graus.com/geral/centro-multidisciplinar-da-dpepi-faz-o-natal-das-criancas-do-assentamento</topic_url>
<topic_text>
3 mil famílias - 19/12/2016 às 19h39 Centro Multidisciplinar da DPE-PI faz o Natal das crianças do assentamento Compartilhar 
O Centro de Apoio Multidisciplinar da DPE-PI (CAM) realizou, nesta segunda-feira (19), a entrega de brinquedos e roupas para um grupo de crianças do assentamento Dilma Roussef, na região da Santa Maria da Codipi, zona Norte de Teresina. 
A distribuição foi feita pelas assistentes sociais do CAM, Jurema Almeida Souza e Mercês Krystine Araújo Silva, que idealizaram uma campanha de arrecadação na defensoria Pública, de brinquedos e roupas novos e usados em bom estado. 
A moradora do assentamento, Maria Lúcia Rodrigues dos Santos, foi a responsável por contactar as mães que levaram seus filhos ao local da distribuição. &quot;Fiquei feliz em poder ajudar, pois aqui foram beneficiados não somente os meus filhos, mas outras crianças da comunidade&quot;, disse. 
&quot;Dentro do possível levamos um pouco de alegria a essas crianças, cujas famílias muitas vezes não dispõem de mínimas condições para ofertar um brinquedo no período do Natal ”, diz Jurema Sousa. A distribuição contou também com um lanche oferecido às crianças do assentamento, onde residem cerca de 3 mil famílias. 
Fonte: Governo do Estado do Piauí  
</topic_text>
<spam_score>0.00</spam_score>
<post_num>1</post_num>
<post_id>post-1</post_id>
<post_url>http://180graus.com/geral/centro-multidisciplinar-da-dpepi-faz-o-natal-das-criancas-do-assentamento</post_url>
<post_date>20161219</post_date>
<post_time>1039</post_time>
<username></username>
<post>
3 mil famílias - 19/12/2016 às 19h39 Centro Multidisciplinar da DPE-PI faz o Natal das crianças do assentamento Compartilhar 
O Centro de Apoio Multidisciplinar da DPE-PI (CAM) realizou, nesta segunda-feira (19), a entrega de brinquedos e roupas para um grupo de crianças do assentamento Dilma Roussef, na região da Santa Maria da Codipi, zona Norte de Teresina. 
A distribuição foi feita pelas assistentes sociais do CAM, Jurema Almeida Souza e Mercês Krystine Araújo Silva, que idealizaram uma campanha de arrecadação na defensoria Pública, de brinquedos e roupas novos e usados em bom estado. 
A moradora do assentamento, Maria Lúcia Rodrigues dos Santos, foi a responsável por contactar as mães que levaram seus filhos ao local da distribuição. &quot;Fiquei feliz em poder ajudar, pois aqui foram beneficiados não somente os meus filhos, mas outras crianças da comunidade&quot;, disse. 
&quot;Dentro do possível levamos um pouco de alegria a essas crianças, cujas famílias muitas vezes não dispõem de mínimas condições para ofertar um brinquedo no período do Natal ”, diz Jurema Sousa. A distribuição contou também com um lanche oferecido às crianças do assentamento, onde residem cerca de 3 mil famílias. 
Fonte: Governo do Estado do Piauí  
</post>
<signature>

</signature>
<external_links>

</external_links>
<country>US</country>
<main_image>http://180graus.com/res/img/default-article-image.png</main_image>
</document>
