<?xml version="1.0" encoding="UTF-8"?>
<document>
<type>mainstream</type>
<forum>http://www.nieuws.be/rss/nieuws/Regio.rss</forum>
<forum_title>Nieuws.be - Rubriek &apos;Regio&apos;</forum_title>
<discussion_title>JONGCD&amp;V: &apos;Pijnlijk duidelijk dat Gent fietsen nog niet genoeg aanmoedigt&apos;</discussion_title>
<language>english</language>
<gmt_offset></gmt_offset>
<topic_url>http://www.nieuws.be/nieuws/JONGCD_V_Pijnlijk_duidelijk_dat_Gent_fietsen_nog_niet_genoeg_aanmoedigt_b11a2aba.aspx</topic_url>
<topic_text>
JONGCD&amp;V: &apos;Pijnlijk duidelijk dat Gent fietsen nog niet genoeg aanmoedigt&apos; &quot;Het werd nog maar eens pijnlijk duidelijk dat de infrastructuur fietsen nog niet voldoende aanmoedigt: van wegen en fietspaden vol putten, over het ontbreken van ruimte voor fietsers, tot situaties waar fietsers en openbaar vervoer in conflict komen.&quot; De Gentse JONGCD&amp;V&apos;ers roepen de Stad Gent op meer te investeren in de infrastructuur voor fietsers. Lees meer » maandag 19 dec 19u52
</topic_text>
<spam_score>0.00</spam_score>
<post_num>1</post_num>
<post_id>post-1</post_id>
<post_url>http://www.nieuws.be/nieuws/JONGCD_V_Pijnlijk_duidelijk_dat_Gent_fietsen_nog_niet_genoeg_aanmoedigt_b11a2aba.aspx</post_url>
<post_date>20161219</post_date>
<post_time>1852</post_time>
<username>Nieuws.be</username>
<post>
JONGCD&amp;V: &apos;Pijnlijk duidelijk dat Gent fietsen nog niet genoeg aanmoedigt&apos; &quot;Het werd nog maar eens pijnlijk duidelijk dat de infrastructuur fietsen nog niet voldoende aanmoedigt: van wegen en fietspaden vol putten, over het ontbreken van ruimte voor fietsers, tot situaties waar fietsers en openbaar vervoer in conflict komen.&quot; De Gentse JONGCD&amp;V&apos;ers roepen de Stad Gent op meer te investeren in de infrastructuur voor fietsers. Lees meer » maandag 19 dec 19u52
</post>
<signature>

</signature>
<external_links>

</external_links>
<country>BE</country>
<main_image></main_image>
</document>
