<?xml version="1.0" encoding="UTF-8"?>
<document>
<type>mainstream</type>
<forum>http://www.techtimes.com/rss/sections/videogames.xml</forum>
<forum_title>Tech Times : Video Games</forum_title>
<discussion_title>Nintendo Hands Out Free New 3DS XL Units With &apos;Super Mario Maker&apos; Vouchers On Southwest Flight</discussion_title>
<language>english</language>
<gmt_offset></gmt_offset>
<topic_url>http://www.techtimes.com/articles/189344/20161219/nintendo-hands-out-free-new-3ds-xl-units-with-super-mario-maker-vouchers-on-southwest-flight.htm</topic_url>
<topic_text>
Nintendo Hands Out Free New 3DS XL Units With &apos;Super Mario Maker&apos; Vouchers On Southwest Flight 19 December 2016, 2:00 pm EST By Carl Velasco Tech Times Nintendo surprised passengers of a Southwest Airlines flight with free New 3DS XL systems and &quot;Super Mario Maker&quot; vouchers. The early holiday gift is part of the Say Yes to Nintendo 3DS promotion with Southwest Airlines. ( Nintendo ) Advertisement Nintendo handed out free New 3DS XL systems to unsuspecting passengers aboard the Southwest Airlines flight 2482 on Wednesday, kicking off the company&apos;s gift-giving spirits in time for the holidays. Hovering 10,000 feet up in the air mid-flight, a familiar voice echoed inside the plane, one that&apos;s peppered by an iconic Italian lilt. Mario, Nintendo&apos;s beloved mascot, announced an early holiday surprise for everyone aboard. Free New 3DS XLs were given out, alongside a voucher to download Super Mario Maker , the latest Mario entry that lets players hone their level design skills. &quot;With Super Mario Maker for Nintendo 3DS, everyone can enjoy a nearly limitless supply of side-scrolling 2D Mario courses anytime, anywhere,&quot; Doug Bowser, Nintendo od America&apos;s senior VP for Sales and Marketing, said . A Very Nintendo Christmas Representatives from Nintendo guided passengers through Super Mario Maker , helping them create side-scrolling levels for Mario to course though. YouTube personality iJustine was also on the flight, helping Nintendo tip the lucky passengers about Super Mario Maker . The aforementioned flight was the first leg of a promotion titled &quot;Say Yes to Nintendo 3DS&quot; with Southwest Airlines. It runs from Dec. 16 to Jan. 14, 2017, open to U.S. residents 14 years old and above. Up for grabs are New Nintendo 3DS systems and games, and one lucky winner will receive a grand prize, which includes a four-person New York trip, air travel and hotel accommodations, and a shopping spree at the Nintendo Store in Rockefeller Center. Super Mario Maker Super Mario Maker was released for the Wii U in 2015, but a 3DS port soon followed. The game unleashes an expansive Super Mario toolkit for players to design levels with. Players have already run up and down the creativity spectrum with Super Mario Maker for the Wii U with unique results . Even Southwest Airlines created a custom Super Mario Maker level early this year. The 3DS version is a virtually complete port in and itself, though its measly online features are something of a disappointment for fans who enjoyed cross-sharing levels with online players. Other Mario News Super Mario Run , Nintendo&apos;s second foray in the mobile space, was released Thursday, and it&apos;s still racking up millions of downloads as we speak. The game is a one-hand endless runner that brings Shigeru Miyamoto&apos;s masterstroke into Apple smartphones and tablets. On that note, we have handy tips and guides for novices trying their hand at Super Mario Run . 
What do you think of Nintendo&apos;s early holiday treat for lucky Southwest Airlines passengers? Feel free to sound off in the comments section below!  
</topic_text>
<spam_score>0.00</spam_score>
<post_num>1</post_num>
<post_id>post-1</post_id>
<post_url>http://www.techtimes.com/articles/189344/20161219/nintendo-hands-out-free-new-3ds-xl-units-with-super-mario-maker-vouchers-on-southwest-flight.htm</post_url>
<post_date>20161219</post_date>
<post_time>1900</post_time>
<username></username>
<post>
Nintendo Hands Out Free New 3DS XL Units With &apos;Super Mario Maker&apos; Vouchers On Southwest Flight 19 December 2016, 2:00 pm EST By Carl Velasco Tech Times Nintendo surprised passengers of a Southwest Airlines flight with free New 3DS XL systems and &quot;Super Mario Maker&quot; vouchers. The early holiday gift is part of the Say Yes to Nintendo 3DS promotion with Southwest Airlines. ( Nintendo ) Advertisement Nintendo handed out free New 3DS XL systems to unsuspecting passengers aboard the Southwest Airlines flight 2482 on Wednesday, kicking off the company&apos;s gift-giving spirits in time for the holidays. Hovering 10,000 feet up in the air mid-flight, a familiar voice echoed inside the plane, one that&apos;s peppered by an iconic Italian lilt. Mario, Nintendo&apos;s beloved mascot, announced an early holiday surprise for everyone aboard. Free New 3DS XLs were given out, alongside a voucher to download Super Mario Maker , the latest Mario entry that lets players hone their level design skills. &quot;With Super Mario Maker for Nintendo 3DS, everyone can enjoy a nearly limitless supply of side-scrolling 2D Mario courses anytime, anywhere,&quot; Doug Bowser, Nintendo od America&apos;s senior VP for Sales and Marketing, said . A Very Nintendo Christmas Representatives from Nintendo guided passengers through Super Mario Maker , helping them create side-scrolling levels for Mario to course though. YouTube personality iJustine was also on the flight, helping Nintendo tip the lucky passengers about Super Mario Maker . The aforementioned flight was the first leg of a promotion titled &quot;Say Yes to Nintendo 3DS&quot; with Southwest Airlines. It runs from Dec. 16 to Jan. 14, 2017, open to U.S. residents 14 years old and above. Up for grabs are New Nintendo 3DS systems and games, and one lucky winner will receive a grand prize, which includes a four-person New York trip, air travel and hotel accommodations, and a shopping spree at the Nintendo Store in Rockefeller Center. Super Mario Maker Super Mario Maker was released for the Wii U in 2015, but a 3DS port soon followed. The game unleashes an expansive Super Mario toolkit for players to design levels with. Players have already run up and down the creativity spectrum with Super Mario Maker for the Wii U with unique results . Even Southwest Airlines created a custom Super Mario Maker level early this year. The 3DS version is a virtually complete port in and itself, though its measly online features are something of a disappointment for fans who enjoyed cross-sharing levels with online players. Other Mario News Super Mario Run , Nintendo&apos;s second foray in the mobile space, was released Thursday, and it&apos;s still racking up millions of downloads as we speak. The game is a one-hand endless runner that brings Shigeru Miyamoto&apos;s masterstroke into Apple smartphones and tablets. On that note, we have handy tips and guides for novices trying their hand at Super Mario Run . 
What do you think of Nintendo&apos;s early holiday treat for lucky Southwest Airlines passengers? Feel free to sound off in the comments section below!  
</post>
<signature>

</signature>
<external_links>

</external_links>
<country>US</country>
<main_image>http://images.techtimes.com/data/images/full/284492/nintendos-early-holiday-gift.png</main_image>
</document>
