<?xml version="1.0" encoding="UTF-8"?>
<document>
<type>mainstream</type>
<forum>http://ecommercenews.com.br/feed/</forum>
<forum_title>E-Commerce News</forum_title>
<discussion_title>Liminar da Justiça derruba plano dos Correios de descontinuar o e-Sedex</discussion_title>
<language>portuguese</language>
<gmt_offset></gmt_offset>
<topic_url>http://ecommercenews.com.br/noticias/legislacao-noticias/liminar-da-justica-derruba-plano-dos-correios-de-descontinuar-o-e-sedex</topic_url>
<topic_text>
E-Commerce News | 18/12/2016 - 13:30 PM | Comentários (0) 
Em caráter liminar, a Justiça atendeu ao pedido da Associação Brasileira de Franquias Postais (Abrapost) que impede os Correios de descontinuar o E-Sedex, serviço exclusivo para empresas do comércio eletrônico. Os Correios ainda podem recorrer da decisão. 
No despacho, a juíza Diana Maria Wanderlei da Silva, da 5º Vara do Tribunal Regional Federal da Primeira Região, assinala que o plano estratégico dos Correios foi aprovado em reunião da Diretoria Executiva sem ter sido apreciado pelo Conselho de Administração que é, de fato, o órgão que delibera sobre o assunto. Caso haja descumprimento da decisão, a juíza determinou a cobrança de multa de R$ 500 ao dia. 
Em novembro, os Correios anunciaram o fim do e-sedex a partir de 2017. O presidente dos Correios, Guilherme Campos Junior, justificou que a medida teve de ser tomada para sanear os custos da empresa, que passa por grave crise financeira. Segundo ele, o preço de pacote simples e a qualidade de Sedex tornou o e-Sedex muito custoso para os Correios. 
O serviço e-Sedex é exclusivo para empresas de comércio eletrônico que possuem contrato com os Correios. O preço é praticamente igual ao de uma encomenda convencional, mas com exatamente os mesmos os prazos de entrega do Sedex normal. O que difere é a área de cobertura, restrita a algumas cidades, além do limite de peso de objetos postados — de até 15 quilos. Categoria : Legislação 
Sobre E-Commerce News : Fundado no ano de 2009, o E-Commerce News é um site projetado para profissionais de todas as áreas, interessados nos mais recentes conteúdos sobre o e-commerce no Brasil e no mundo.  
</topic_text>
<spam_score>0.00</spam_score>
<post_num>1</post_num>
<post_id>post-1</post_id>
<post_url>http://ecommercenews.com.br/noticias/legislacao-noticias/liminar-da-justica-derruba-plano-dos-correios-de-descontinuar-o-e-sedex</post_url>
<post_date>20161218</post_date>
<post_time>1530</post_time>
<username>E-Commerce News</username>
<post>
E-Commerce News | 18/12/2016 - 13:30 PM | Comentários (0) 
Em caráter liminar, a Justiça atendeu ao pedido da Associação Brasileira de Franquias Postais (Abrapost) que impede os Correios de descontinuar o E-Sedex, serviço exclusivo para empresas do comércio eletrônico. Os Correios ainda podem recorrer da decisão. 
No despacho, a juíza Diana Maria Wanderlei da Silva, da 5º Vara do Tribunal Regional Federal da Primeira Região, assinala que o plano estratégico dos Correios foi aprovado em reunião da Diretoria Executiva sem ter sido apreciado pelo Conselho de Administração que é, de fato, o órgão que delibera sobre o assunto. Caso haja descumprimento da decisão, a juíza determinou a cobrança de multa de R$ 500 ao dia. 
Em novembro, os Correios anunciaram o fim do e-sedex a partir de 2017. O presidente dos Correios, Guilherme Campos Junior, justificou que a medida teve de ser tomada para sanear os custos da empresa, que passa por grave crise financeira. Segundo ele, o preço de pacote simples e a qualidade de Sedex tornou o e-Sedex muito custoso para os Correios. 
O serviço e-Sedex é exclusivo para empresas de comércio eletrônico que possuem contrato com os Correios. O preço é praticamente igual ao de uma encomenda convencional, mas com exatamente os mesmos os prazos de entrega do Sedex normal. O que difere é a área de cobertura, restrita a algumas cidades, além do limite de peso de objetos postados — de até 15 quilos. Categoria : Legislação 
Sobre E-Commerce News : Fundado no ano de 2009, o E-Commerce News é um site projetado para profissionais de todas as áreas, interessados nos mais recentes conteúdos sobre o e-commerce no Brasil e no mundo.  
</post>
<signature>

</signature>
<external_links>

</external_links>
<country>BR</country>
<main_image>https://ecommercenews.com.br/wp-content/uploads/2014/07/law.jpg</main_image>
</document>
