<?xml version="1.0" encoding="UTF-8"?>
<document>
<type>mainstream</type>
<forum>http://www.journaldemontreal.com//rss.xml</forum>
<forum_title>Accueil</forum_title>
<discussion_title>Ski Saint-Bruno : la station la plus accessible</discussion_title>
<language>french</language>
<gmt_offset></gmt_offset>
<topic_url>http://www.journaldemontreal.com/2016/12/19/ski-saint-bruno-la-station-la-plus-accessible</topic_url>
<topic_text>
Un skieur en herbe avec deux moniteurs. Photo courtoisie, Ski Saint-Bruno Un cours de véloneige incluant l’équipement est donné par l’école Dcade. Photo courtoisie, Alain Demers évasions - demers - 1- Les skieurs fréquentent la station pour sa proximité et ses plus bas prix. photo courtoisie Ski Saint-Bruno/Carlos Richer (1220-Evasions01) Photo courtoisie, Ski Saint-Bruno Serge Couture, propriétaire de la station pendant plus de 20 ans et aujourd’hui actionnaire, a accueilli le véloneige avec enthousiasme. Photo courtoisie, Alain Demers Un skieur en herbe avec deux moniteurs. Photo courtoisie, Ski Saint-Bruno Un cours de véloneige incluant l’équipement est donné par l’école Dcade. Photo courtoisie, Alain Demers évasions - demers - 1- Les skieurs fréquentent la station pour sa proximité et ses plus bas prix. photo courtoisie Ski Saint-Bruno/Carlos Richer (1220-Evasions01) Photo courtoisie, Ski Saint-Bruno Serge Couture, propriétaire de la station pendant plus de 20 ans et aujourd’hui actionnaire, a accueilli le véloneige avec enthousiasme. Photo courtoisie, Alain Demers Ski Saint-Bruno : la station la plus accessible Autres   18:39   18:39   
Du ski pas cher à peu de distance pour les résidents de Montréal et de la Montérégie, voilà qui fait de Ski Saint-Bruno une station où l’on peut se rendre encore plus souvent pour dévaler les pentes. 
Cette facilité d’accès a contribuéà faire de la station une pépinière de skieurs. 
D’ailleurs, l’école de ski compterait plus de 500 moniteurs! 
C’est au mont Saint-Bruno que j’ai fait mes premières descentes alors que j’étais étudiant. J’allais skier le soir parce que ça coûtait moins cher. C’est encore le cas. 
Moins cher 
Ski Saint-Bruno est l’une des seules stations, sinon la seule, à offrir un tarif à l’heure. Si on n’a pas beaucoup de temps, on peut simplement faire une couple d’heures de ski pour 23 $. 
Le ski de soirée, qui débute dès 16 h, ne coûte que 27 $. Les dimanches soir, à compter de 17 h, les prix chutent à 13 $. 
Malgré ses bas prix comparativement aux plus grandes stations, Ski Saint-Bruno n’est pas en reste. Sa modeste altitude de 175 mètres n’est pas un handicap, comme en font foi ses 15 pistes pour tous les niveaux de skieurs et de planchistes. 
Du véloneige 
L’an dernier, le véloneige était autorisé seulement en semaine et en soirée, mais à compter de cette saison, ce sera en tout temps. Si vous n’êtes pas familier, l’appareil en question ressemble à une planche à neige articulée munie d’un guidon de vélo. 
Le véloneige s’apprend beaucoup plus rapidement que le ski alpin et la planche à neige. Souvent, un cours de base ou deux suffisent pour devenir à l’aise. L’école Dcade, du manufacturier du même nom, donne des cours à des groupes d’au plus cinq personnes tout près du chalet d’accueil. Exemple de tarif de ski: 27 $/adulte par soir sauf le dimanche (13 $)
</topic_text>
<spam_score>0.00</spam_score>
<post_num>1</post_num>
<post_id>post-1</post_id>
<post_url>http://www.journaldemontreal.com/2016/12/19/ski-saint-bruno-la-station-la-plus-accessible</post_url>
<post_date>20161219</post_date>
<post_time>2339</post_time>
<username></username>
<post>
Un skieur en herbe avec deux moniteurs. Photo courtoisie, Ski Saint-Bruno Un cours de véloneige incluant l’équipement est donné par l’école Dcade. Photo courtoisie, Alain Demers évasions - demers - 1- Les skieurs fréquentent la station pour sa proximité et ses plus bas prix. photo courtoisie Ski Saint-Bruno/Carlos Richer (1220-Evasions01) Photo courtoisie, Ski Saint-Bruno Serge Couture, propriétaire de la station pendant plus de 20 ans et aujourd’hui actionnaire, a accueilli le véloneige avec enthousiasme. Photo courtoisie, Alain Demers Un skieur en herbe avec deux moniteurs. Photo courtoisie, Ski Saint-Bruno Un cours de véloneige incluant l’équipement est donné par l’école Dcade. Photo courtoisie, Alain Demers évasions - demers - 1- Les skieurs fréquentent la station pour sa proximité et ses plus bas prix. photo courtoisie Ski Saint-Bruno/Carlos Richer (1220-Evasions01) Photo courtoisie, Ski Saint-Bruno Serge Couture, propriétaire de la station pendant plus de 20 ans et aujourd’hui actionnaire, a accueilli le véloneige avec enthousiasme. Photo courtoisie, Alain Demers Ski Saint-Bruno : la station la plus accessible Autres   18:39   18:39   
Du ski pas cher à peu de distance pour les résidents de Montréal et de la Montérégie, voilà qui fait de Ski Saint-Bruno une station où l’on peut se rendre encore plus souvent pour dévaler les pentes. 
Cette facilité d’accès a contribuéà faire de la station une pépinière de skieurs. 
D’ailleurs, l’école de ski compterait plus de 500 moniteurs! 
C’est au mont Saint-Bruno que j’ai fait mes premières descentes alors que j’étais étudiant. J’allais skier le soir parce que ça coûtait moins cher. C’est encore le cas. 
Moins cher 
Ski Saint-Bruno est l’une des seules stations, sinon la seule, à offrir un tarif à l’heure. Si on n’a pas beaucoup de temps, on peut simplement faire une couple d’heures de ski pour 23 $. 
Le ski de soirée, qui débute dès 16 h, ne coûte que 27 $. Les dimanches soir, à compter de 17 h, les prix chutent à 13 $. 
Malgré ses bas prix comparativement aux plus grandes stations, Ski Saint-Bruno n’est pas en reste. Sa modeste altitude de 175 mètres n’est pas un handicap, comme en font foi ses 15 pistes pour tous les niveaux de skieurs et de planchistes. 
Du véloneige 
L’an dernier, le véloneige était autorisé seulement en semaine et en soirée, mais à compter de cette saison, ce sera en tout temps. Si vous n’êtes pas familier, l’appareil en question ressemble à une planche à neige articulée munie d’un guidon de vélo. 
Le véloneige s’apprend beaucoup plus rapidement que le ski alpin et la planche à neige. Souvent, un cours de base ou deux suffisent pour devenir à l’aise. L’école Dcade, du manufacturier du même nom, donne des cours à des groupes d’au plus cinq personnes tout près du chalet d’accueil. Exemple de tarif de ski: 27 $/adulte par soir sauf le dimanche (13 $)
</post>
<signature>

</signature>
<external_links>

</external_links>
<country>US</country>
<main_image>http://storage.journaldemontreal.com/v1/dynamic_resize/sws_path/jdx-prod-images/da0b9f0d-4c94-4808-affd-28e5c3ce1821_JDX-2x1_WEB.jpg?quality=80&amp;size=1200x&amp;version=1</main_image>
</document>
