<?xml version="1.0" encoding="UTF-8"?>
<document>
<type>mainstream</type>
<forum>http://finance.qq.com</forum>
<forum_title>财经频道_腾讯网</forum_title>
<discussion_title>流通盘不足20% 万科A连续下挫的动能在哪_财经_腾讯网</discussion_title>
<language>chinese</language>
<gmt_offset>6</gmt_offset>
<topic_url>http://finance.qq.com/a/20161220/004559.htm</topic_url>
<topic_text>
流通盘不足20% 万科A连续下挫的动能在哪
</topic_text>
<spam_score>0.00</spam_score>
<post_num>1</post_num>
<post_id>post-1</post_id>
<post_url>http://finance.qq.com/a/20161220/004559.htm</post_url>
<post_date>20161220</post_date>
<post_time>0732</post_time>
<username>qq.com</username>
<post>
流通盘不足20% 万科A连续下挫的动能在哪
</post>
<signature>

</signature>
<external_links>

</external_links>
<country>CN</country>
<main_image></main_image>
</document>
