<?xml version="1.0" encoding="UTF-8"?>
<document>
<type>mainstream</type>
<forum>http://www.elaph.com/news/arab.htm</forum>
<forum_title>Elaph - إيلاف </forum_title>
<discussion_title>سويسرا ترفض قوانين الإرث الإسلامي</discussion_title>
<language>arabic</language>
<gmt_offset>0</gmt_offset>
<topic_url>http://www.elaph.com/Web/News/2016/12/1124378.html</topic_url>
<topic_text>
جنيف: اعتبرت المحكمة، وهي اعلى سلطة قضائية في سويسرا، ان استثناء الارملة من الارث بسبب كونها غير مسلمة (مسيحية) يتعارض مع &quot;النظام العام السويسري&quot;. يتعلق الأمر بحالة مليونير مصري مسلم توفي في 2007 في باريس عن سن 67 عامًا. والرجل الذي ليس له ابناء كان متزوجًا بألمانية مسيحية.
إلى التمييز
وطالب اشقاء وشقيقات المليونير من القضاء في كل الدول التي لديه املاك فيها، باملاك شقيقهم المتوفي كافة بموجب القانون المصري المستوحى من الشريعة الاسلامية. وبحسب قرار المحكمة، فإن اخوة المتوفي طالبوا بكل الاموال المودعة في مصرفين سويسريين، وذلك بناء على شهادة وراثة مصرية.
وقالت دينيز فاغنر ميسياكا محامية الورثة &quot;ربحنا القضية في المستوى الابتدائي، ثم خسرناها في الاستئناف، والان في التمييز&quot;.
هذه القضية في جنيف ليست الا واحدة من الخلافات المتعددة بين اخوة المتوفي وارملته.
ففي 2008، اعلن القضاء الالماني الارملة وريثة لنصف املاك زوجها الراحل في المانيا، وعاد النصف الاخر الى اخوته. كما فتحت محاكمة اثر وفاة المليونير المصري امام محكمة الاستئناف في باريس، التي اقرت باختصاص القضاء الفرنسي في تقرير لمن تعود بناية للمتوفي في العاصمة الفرنسية. والمتوفي الثري الذي لم يكشف اسمه كان يملك عقارات في فرنسا ومصر. وكان يملك حسابات بنكية في فرنسا والمانيا وسويسرا.
</topic_text>
<spam_score>0.20</spam_score>
<post_num>14</post_num>
<post_id>post-14</post_id>
<post_url>http://www.elaph.com/Web/News/2016/12/1124378.html</post_url>
<post_date>20161215</post_date>
<post_time></post_time>
<username>من كتابهم (المقدس)5</username>
<post>
وإنما الجدال حول لاهوتية هذه الشخصية ويسوع نفسه تحدث بشكل صريح عن نفسه مؤكدا انسانيته ( وَأَنَا إِنْسَانٌ قَدْ كَلَّمَكُمْ بِالْحَقِّ الَّذِي سَمِعَهُ مِنَ اللهِ ) يوحنا 40/8 وكون يسوع الناصري انسان (حقيقي) ,تنطبق عليه معايير البشر ويعيش نفس ظروفهم و يتألم ويعاني مثلهم ,يستوجب ان يكون خاضعا مثلهم للمقاييس والنواميس الإنسانية والتي من ضمنها ما أكد عليه الكتاب المقدس (لأنه ليس إنسان لا يخطئ ) سفر الملوك 46/8 (لأنه لا إنسان صديق في الأرض يعمل صلاحا ولا يخطئ) سفر الجامعة 20/7 ومن يريد استثناء يسوع (الإنسان) من خضوعه للنواميس والطبيعة الإنسانية, فهو يحكم عليه بأنه إنسان (غير حقيقي) وبذلك تكون قصة التجسد وتحمل الألم وفداء خطايا البشر بدمه المسفوح وكل الاسطوانة المعزوفة لا معنى لها من الأساس!والاهم من كل هذا هو إقرار يسوع الناصري بنفسه ,على انه مثل باقي الناس وليس استثناء عنهم, فنجده يصحح للشخص الذي دعاه بالصالح قائلا ( لِمَاذَا تَدْعُونِي صَالِحًا. لَيْسَ أحَدٌ صَالِحًا إلاَّ وَاحِدٌ وَهُوَ اللهُ ) متى 17/19 علما ان يسوع لم يدع ابدا انه الله\r\nونفس المعنى يتكرر في قصة الزانية التي جاؤا بها لترجم ,حيث نجد يسوع قد وضع شرطا لمن يقوم بعملية الرجم ورمي الحجر عليها ,وهو ان يكون بلا خطيئة, ولما انسحب الجميع سأل يسوع المرأة كما في اصحاح يوحنا(هل دانك منهم أحد ؟) فأجابت المرأة بالنفي ,حينئذ قال لها يسوع (ولا انا ادينك) ومن هنا يتضح لنا ان يسوع لم يكن يرى نفسه بلا خطيئة ,لذلك لا يستطيع إدانتها ايضا, حاله حال جميع المنسحبين ,لعدم تحقق الشرط الذي وضعه هو للقيام بتطبيق تعليم من تعاليم الناموس المقدس الذي يجب ان لا ينقض ابدا .\r\n
</post>
<signature>

</signature>
<external_links>

</external_links>
<country>GB</country>
<main_image>http://www.myelaph.com/Web/ImageHandlers/ResizeImageHandler.ashx?ImageUrl=/elaphweb/Resources/images/Politics/2016/12/week2/swicce_kada2.jpg&amp;amp;Width=600</main_image>
</document>
