<?xml version="1.0" encoding="UTF-8"?>
<document>
<type>mainstream</type>
<forum>http://www.trading-house.net/rss/meldungen/</forum>
<forum_title>trading-house.net Nachrichtenfeed</forum_title>
<discussion_title>Ungarn: Viktor Orbán greift durch</discussion_title>
<language>german</language>
<gmt_offset></gmt_offset>
<topic_url>http://www.trading-house.net/news/ungarn-viktor-orb-n-greift-durch-52508939</topic_url>
<topic_text>
20.12.2016 - 00:37 Uhr Ungarn: Viktor Orbán greift durch Faschisten bzw. Neonazis beim Namen nennen? Wer dies in Ungarn tut, könnte sich künftig vor Gericht wiederfinden
</topic_text>
<spam_score>0.00</spam_score>
<post_num>1</post_num>
<post_id>post-1</post_id>
<post_url>http://www.trading-house.net/news/ungarn-viktor-orb-n-greift-durch-52508939</post_url>
<post_date>20161219</post_date>
<post_time>2337</post_time>
<username></username>
<post>
20.12.2016 - 00:37 Uhr Ungarn: Viktor Orbán greift durch Faschisten bzw. Neonazis beim Namen nennen? Wer dies in Ungarn tut, könnte sich künftig vor Gericht wiederfinden
</post>
<signature>

</signature>
<external_links>

</external_links>
<country>DE</country>
<main_image></main_image>
</document>
