<?xml version="1.0" encoding="UTF-8"?>
<document>
<type>mainstream</type>
<forum>http://www.dailytribune.com/section?template=RSS&amp;profile=4001867&amp;mime=xml</forum>
<forum_title>RSS Feed from The Daily Tribune: http://www.dailytribune.com</forum_title>
<discussion_title>Stanford&apos;s McCaffrey to skip Sun Bowl to prepare for draft</discussion_title>
<language>english</language>
<gmt_offset></gmt_offset>
<topic_url>http://www.dailytribune.com/article/DT/20161219/SPORTS/161219594</topic_url>
<topic_text>
# Comments 
Christian McCaffrey is done playing college football even though Stanford has one more game. 
The star running back wants to prepare for the draft and said on Twitter on Monday he will not play in the Sun Bowl. The No. 16 Cardinal (9-3) face North Carolina (8-4) on Dec. 30 in El Paso, Texas. 
Very tough decision, but I have decided not to play in the Sun Bowl so I can begin my draft prep immediately, McCaffrey said. He thanked his teammates for their support. It means a lot to me. Go Cardinal! 
Stanford receiver Trenton Irwin posted on Twitter: The whole team supports (at)CMccaffrey5 in everything and anything. Hes been a leader to this team through the easy times and tough times. Advertisement 
McCaffrey is the second prominent player to make such a decision for the same reason. LSU running back Leonard Fournette has said he will not play in the Citrus Bowl. 
I would do anything to play one more time with my brothers in that scarlet and gray, Dallas Cowboys running back Ezekiel Elliott posted on Twitter about players sitting out bowl games. 
McCaffrey said last month he would be skipping his senior season to enter the NFL draft. He was the Heisman Trophy runner-up in 2015 as a sophomore when he set the NCAA record for all-purpose yards in a season. 
For three years Christian has not only been a great player, but a great teammate as well, Stanford coach David Shaw said in a statement. We wish him great success at the next level, as we continue our preparation for the Sun Bowl. 
This season, McCaffrey missed a game against Notre Dame with an undisclosed injury, but finished the season strong. He had at least 135 yards rushing in his final five games and finished the season with 1,603 yards on the ground and 13 touchdowns. 
I dont think it takes away from the fact weve still got two pretty good football teams that are going to play, Sun Bowl executive director Bernie Olivas said. Yeah, it would have been great to have a prolific runner like Christian McCaffrey going against a prolific passer like (North Carolina quarterback) Mitch Trubisky, but I totally understand where hes coming from. I still hope he makes the trip and enjoys the festivities we have for the teams. 
Trubisky, a junior, is still considering whether to come back for another college season. He would be one of the top quarterback prospects in the draft if he does leave early. 
I think its smart on their part, because its different when youre a running back and youre taking all the shots. So for them to just prep for the NFL, I respect it because theyre making the decision thats best for them in their career, Trubisky said. Just based on what Im going through with my decision, I know they just didnt make that decision. Theres probably a lot of thought process that goes in behind that. 
The 6-foot, 200-pound McCaffrey has been one of the busiest ball carriers in college football over the last two seasons. He has 672 touches from scrimmage (590 rushes, 82 receptions) and another 76 kick and punt returns. 
With McCaffrey gone, Bryce Love will likely get most of the carries for Stanford against North Carolina. The sophomore from Wake Forest, North Carolina, ran for 664 yards and 7.4 per carry this season. He had 129 yards and a touchdown against Notre Dame, when McCaffrey was out. 
Theyre not going to change what they do, North Carolina coach Larry Fedora said about Stanford. Theyre going to run the ball and pound it at you and play-action pass you. 
 
Contributing to this report were AP sports writers Aaron Beard in Chapel Hill, North Carolina; Steve Megargee in Knoxville, Tennessee; and Josh Dubow in Oakland, California. 
 
Follow Ralph D. Russo at www.Twitter.com/ralphDrussoAP 

</topic_text>
<spam_score>0.00</spam_score>
<post_num>1</post_num>
<post_id>post-1</post_id>
<post_url>http://www.dailytribune.com/article/DT/20161219/SPORTS/161219594</post_url>
<post_date>20161219</post_date>
<post_time>2350</post_time>
<username>RALPH D. RUSSO AP College Football Writer</username>
<post>
# Comments 
Christian McCaffrey is done playing college football even though Stanford has one more game. 
The star running back wants to prepare for the draft and said on Twitter on Monday he will not play in the Sun Bowl. The No. 16 Cardinal (9-3) face North Carolina (8-4) on Dec. 30 in El Paso, Texas. 
Very tough decision, but I have decided not to play in the Sun Bowl so I can begin my draft prep immediately, McCaffrey said. He thanked his teammates for their support. It means a lot to me. Go Cardinal! 
Stanford receiver Trenton Irwin posted on Twitter: The whole team supports (at)CMccaffrey5 in everything and anything. Hes been a leader to this team through the easy times and tough times. Advertisement 
McCaffrey is the second prominent player to make such a decision for the same reason. LSU running back Leonard Fournette has said he will not play in the Citrus Bowl. 
I would do anything to play one more time with my brothers in that scarlet and gray, Dallas Cowboys running back Ezekiel Elliott posted on Twitter about players sitting out bowl games. 
McCaffrey said last month he would be skipping his senior season to enter the NFL draft. He was the Heisman Trophy runner-up in 2015 as a sophomore when he set the NCAA record for all-purpose yards in a season. 
For three years Christian has not only been a great player, but a great teammate as well, Stanford coach David Shaw said in a statement. We wish him great success at the next level, as we continue our preparation for the Sun Bowl. 
This season, McCaffrey missed a game against Notre Dame with an undisclosed injury, but finished the season strong. He had at least 135 yards rushing in his final five games and finished the season with 1,603 yards on the ground and 13 touchdowns. 
I dont think it takes away from the fact weve still got two pretty good football teams that are going to play, Sun Bowl executive director Bernie Olivas said. Yeah, it would have been great to have a prolific runner like Christian McCaffrey going against a prolific passer like (North Carolina quarterback) Mitch Trubisky, but I totally understand where hes coming from. I still hope he makes the trip and enjoys the festivities we have for the teams. 
Trubisky, a junior, is still considering whether to come back for another college season. He would be one of the top quarterback prospects in the draft if he does leave early. 
I think its smart on their part, because its different when youre a running back and youre taking all the shots. So for them to just prep for the NFL, I respect it because theyre making the decision thats best for them in their career, Trubisky said. Just based on what Im going through with my decision, I know they just didnt make that decision. Theres probably a lot of thought process that goes in behind that. 
The 6-foot, 200-pound McCaffrey has been one of the busiest ball carriers in college football over the last two seasons. He has 672 touches from scrimmage (590 rushes, 82 receptions) and another 76 kick and punt returns. 
With McCaffrey gone, Bryce Love will likely get most of the carries for Stanford against North Carolina. The sophomore from Wake Forest, North Carolina, ran for 664 yards and 7.4 per carry this season. He had 129 yards and a touchdown against Notre Dame, when McCaffrey was out. 
Theyre not going to change what they do, North Carolina coach Larry Fedora said about Stanford. Theyre going to run the ball and pound it at you and play-action pass you. 
 
Contributing to this report were AP sports writers Aaron Beard in Chapel Hill, North Carolina; Steve Megargee in Knoxville, Tennessee; and Josh Dubow in Oakland, California. 
 
Follow Ralph D. Russo at www.Twitter.com/ralphDrussoAP 

</post>
<signature>

</signature>
<external_links>

</external_links>
<country>US</country>
<main_image>http://www.dailytribune.com/apps/pbcsi.dll/storyimage/DT/20161219/SPORTS/161219594/AR/0/AR-161219594.jpg?Maxh=1500&amp;Maxw=1500</main_image>
</document>
