<?xml version="1.0" encoding="UTF-8"?>
<document>
<type>mainstream</type>
<forum>http://www.nieuws.be/rss/nieuws/Regio.rss</forum>
<forum_title>Nieuws.be - Rubriek &apos;Regio&apos;</forum_title>
<discussion_title>FOTO. &apos;Wintermagie&apos; als een lange kerstfeestdis in Stationsstraat</discussion_title>
<language>dutch</language>
<gmt_offset></gmt_offset>
<topic_url>http://www.nieuws.be/nieuws/FOTO_Wintermagie_als_een_lange_kerstfeestdis_in_Stationsstraat_0a4d878c.aspx</topic_url>
<topic_text>
FOTO. &apos;Wintermagie&apos; als een lange kerstfeestdis in Stationsstraat Ook in onze regio wordt meer en meer afgestapt van het klassieke kerstmarktmodel. Om eenheidsworst of platte commercie tegen te gaan, trekt menig organisator de kaart van de alternatieve gezelligheid, sociale thema&apos;s en het betere koorwerk. Met wisselend succes werd de Overijsese Stationsstraat omgebouwd tot place to be. De eerste editie van Wintermagie afgelopen zondag kon alvast rekenen op een milde temperatuur zodat het publiek niet afhaakte. Integendeel. Na een voorzichtige aanzet brak het culinaire feest goed los. Poffertjes, warme chocolademelk, oliebollen, pannenkoeken, wafels, palmhartensoep met teff brood, Kivukoffie, donuts, Hongaarse goulash, Tartiflette met Reblochon,... zelden zo&apos;n Overijses voedingssalon gezien. (Kerst)missie geslaagd. Lees meer » maandag 19 dec 23u52
</topic_text>
<spam_score>0.00</spam_score>
<post_num>1</post_num>
<post_id>post-1</post_id>
<post_url>http://www.nieuws.be/nieuws/FOTO_Wintermagie_als_een_lange_kerstfeestdis_in_Stationsstraat_0a4d878c.aspx</post_url>
<post_date>20161219</post_date>
<post_time>2252</post_time>
<username>Nieuws.be</username>
<post>
FOTO. &apos;Wintermagie&apos; als een lange kerstfeestdis in Stationsstraat Ook in onze regio wordt meer en meer afgestapt van het klassieke kerstmarktmodel. Om eenheidsworst of platte commercie tegen te gaan, trekt menig organisator de kaart van de alternatieve gezelligheid, sociale thema&apos;s en het betere koorwerk. Met wisselend succes werd de Overijsese Stationsstraat omgebouwd tot place to be. De eerste editie van Wintermagie afgelopen zondag kon alvast rekenen op een milde temperatuur zodat het publiek niet afhaakte. Integendeel. Na een voorzichtige aanzet brak het culinaire feest goed los. Poffertjes, warme chocolademelk, oliebollen, pannenkoeken, wafels, palmhartensoep met teff brood, Kivukoffie, donuts, Hongaarse goulash, Tartiflette met Reblochon,... zelden zo&apos;n Overijses voedingssalon gezien. (Kerst)missie geslaagd. Lees meer » maandag 19 dec 23u52
</post>
<signature>

</signature>
<external_links>

</external_links>
<country>BE</country>
<main_image></main_image>
</document>
