<?xml version="1.0" encoding="UTF-8"?>
<document>
<type>mainstream</type>
<forum>http://bonde.com.br//rss</forum>
<forum_title>Bonde. O seu portal</forum_title>
<discussion_title>O bebê vem aí</discussion_title>
<language>portuguese</language>
<gmt_offset></gmt_offset>
<topic_url>http://www.bonde.com.br/mulher/dicas-rapidas/o-bebe-esta-chegando-dicas-do-que-levar-para-maternidade-430171.html</topic_url>
<topic_text>
Chegando no sexto mês da gravidez as mamães já precisam começar a preparar a mala para uma das viagens mais inesquecíveis da vida: a ida para maternidade. Antes de qualquer coisa, faça uma lista dos itens essenciais para ir conferindo o que está sendo colocado na mala. Assim, quando as mamães entrarem em trabalho de parto, é só focar neste momento tão importante que está por vir. A NUK ( www.nuk.com.br ) - produtos e acessórios para bebês -, separou alguns itens essenciais e a quantidade indicada para que não falte nada. Podem parecer muitas coisas, porém é importante levar itens de reserva para o caso de algum imprevisto. 6 macacões tamanho RN; 6 calças com pé (mijão); 2 casaquinhos de lã, de preferência com botões na frente e que não tenham que passar pela cabeça; 6 bodies ou camisas tipo pagão; 6 pares de meias, se estiver muito frio; 6 paninhos de boca; 2 xales de linha ou lã (pode ser um só, especialmente se estiver calor); 1 manta de algodão; Fraldas de tecido para apoiar no ombro ao colocar o bebê para arrotar; 1 xampu/sabonete líquido pequenos, indicado para recém-nascidos; 1 pomada para prevenção de assaduras; 1 pacote de lenços umedecidos; É muito importante lavar tudo com sabão neutro, retirar etiquetas que possam machucar o pequeno e sempre checar com o hospital se ainda há a necessidade de levar algo específico. Geralmente, as fraldas descartáveis são cedidas pela maternidade, mas é sempre bom levar um pacotinho na mala. Abaixo, usuários do Facebook
</topic_text>
<spam_score>0.00</spam_score>
<post_num>1</post_num>
<post_id>post-1</post_id>
<post_url>http://www.bonde.com.br/mulher/dicas-rapidas/o-bebe-esta-chegando-dicas-do-que-levar-para-maternidade-430171.html</post_url>
<post_date>20161219</post_date>
<post_time>1904</post_time>
<username></username>
<post>
Chegando no sexto mês da gravidez as mamães já precisam começar a preparar a mala para uma das viagens mais inesquecíveis da vida: a ida para maternidade. Antes de qualquer coisa, faça uma lista dos itens essenciais para ir conferindo o que está sendo colocado na mala. Assim, quando as mamães entrarem em trabalho de parto, é só focar neste momento tão importante que está por vir. A NUK ( www.nuk.com.br ) - produtos e acessórios para bebês -, separou alguns itens essenciais e a quantidade indicada para que não falte nada. Podem parecer muitas coisas, porém é importante levar itens de reserva para o caso de algum imprevisto. 6 macacões tamanho RN; 6 calças com pé (mijão); 2 casaquinhos de lã, de preferência com botões na frente e que não tenham que passar pela cabeça; 6 bodies ou camisas tipo pagão; 6 pares de meias, se estiver muito frio; 6 paninhos de boca; 2 xales de linha ou lã (pode ser um só, especialmente se estiver calor); 1 manta de algodão; Fraldas de tecido para apoiar no ombro ao colocar o bebê para arrotar; 1 xampu/sabonete líquido pequenos, indicado para recém-nascidos; 1 pomada para prevenção de assaduras; 1 pacote de lenços umedecidos; É muito importante lavar tudo com sabão neutro, retirar etiquetas que possam machucar o pequeno e sempre checar com o hospital se ainda há a necessidade de levar algo específico. Geralmente, as fraldas descartáveis são cedidas pela maternidade, mas é sempre bom levar um pacotinho na mala. Abaixo, usuários do Facebook
</post>
<signature>

</signature>
<external_links>

</external_links>
<country>BR</country>
<main_image>http://www.bonde.com.br/img/bondenews/2016/12/img_1_34_3216.jpg</main_image>
</document>
