<?xml version="1.0" encoding="UTF-8"?>
<document>
<type>mainstream</type>
<forum>http://rzeszowiak.pl//rss/Przemysl-Maszyny-i-urzadzenia.xml</forum>
<forum_title>Przemysł www.rzeszowiak.pl</forum_title>
<discussion_title>Wiertarka - Szlifierka - Frezarka - RZESZÓW ...</discussion_title>
<language>polish</language>
<gmt_offset></gmt_offset>
<topic_url>http://www.rzeszowiak.pl/sprzedam-szlifierke-na-plasko-cena-15500zl-frezarke-8696630</topic_url>
<topic_text>
Ceny do negocjacji.Tel.782 274 141 Rzeszów
</topic_text>
<spam_score>0.00</spam_score>
<post_num>1</post_num>
<post_id>post-1</post_id>
<post_url>http://www.rzeszowiak.pl/sprzedam-szlifierke-na-plasko-cena-15500zl-frezarke-8696630</post_url>
<post_date>20161218</post_date>
<post_time>1001</post_time>
<username>Wiertarka - Szlifierka - Frezarka - RZESZÓW</username>
<post>
Ceny do negocjacji.Tel.782 274 141 Rzeszów
</post>
<signature>

</signature>
<external_links>

</external_links>
<country>PL</country>
<main_image></main_image>
</document>
