<?xml version="1.0" encoding="UTF-8"?>
<document>
<type>mainstream</type>
<forum>http://news.rambler.ru/rss/europe/</forum>
<forum_title>Европа — Рамблер/новости</forum_title>
<discussion_title>Суд признал главу МВФ Лагард виновной в халатности</discussion_title>
<language>russian</language>
<gmt_offset></gmt_offset>
<topic_url>https://news.rambler.ru/europe/35620563-sud-priznal-glavu-mvf-lagard-vinovnoy-v-halatnosti/</topic_url>
<topic_text>
Фото: AFP Директор-распорядитель Международного валютного фонда (МВФ) Кристин Лагард признана виновной в «халатности при исполнении своих служебных обязанностей» в бытность министра экономики во Франции. Такое решение вынес в понедельник суд Французской Республики, передал ТАСС со ссылкой на BFM-TV. Во Франции продолжается разбирательство из-за продажи в 1993 году Бернаром Тапи - известным бизнесменом, политиком и близким другом экс-президента Николя Саркози - компании Adidas. О том, что в рамках этого дела начато расследование в отношении Лагард, стало известно в августе 2014 года. Для заключения сделки по продаже Adidas был создан консорциум под управлением государственного банка Credit Lyonnais. Когда продажа состоялась, Тапи обвинил банк в махинациях и потребовал возмещения ущерба. В 2007 году Лагард, будучи тогда главой минфина Франции, передала дело Тапи в арбитраж. Принятое им спустя год решение вызвало скандал: предприниматель получил от финансовой госструктуры около 403 миллионов евро в качестве компенсации за споры, возникшие после продажи Adidas. Представители в то время оппозиционной Социалистической партии Франции обвинили власти во вмешательстве и давлении на судебную систему. Лагард грозит до года тюремного заключения и штраф в размере 15 тыс. евро. В декабре 2015 года совет директоров Международного валютного фонда решил оставить Кристин Лагард на посту директора-распорядителя МВФ, несмотря на решение о привлечении ее к суду во Франции.
</topic_text>
<spam_score>0.00</spam_score>
<post_num>1</post_num>
<post_id>post-1</post_id>
<post_url>https://news.rambler.ru/europe/35620563-sud-priznal-glavu-mvf-lagard-vinovnoy-v-halatnosti/</post_url>
<post_date>20161219</post_date>
<post_time>1440</post_time>
<username>Деловая газета «Взгляд»</username>
<post>
Фото: AFP Директор-распорядитель Международного валютного фонда (МВФ) Кристин Лагард признана виновной в «халатности при исполнении своих служебных обязанностей» в бытность министра экономики во Франции. Такое решение вынес в понедельник суд Французской Республики, передал ТАСС со ссылкой на BFM-TV. Во Франции продолжается разбирательство из-за продажи в 1993 году Бернаром Тапи - известным бизнесменом, политиком и близким другом экс-президента Николя Саркози - компании Adidas. О том, что в рамках этого дела начато расследование в отношении Лагард, стало известно в августе 2014 года. Для заключения сделки по продаже Adidas был создан консорциум под управлением государственного банка Credit Lyonnais. Когда продажа состоялась, Тапи обвинил банк в махинациях и потребовал возмещения ущерба. В 2007 году Лагард, будучи тогда главой минфина Франции, передала дело Тапи в арбитраж. Принятое им спустя год решение вызвало скандал: предприниматель получил от финансовой госструктуры около 403 миллионов евро в качестве компенсации за споры, возникшие после продажи Adidas. Представители в то время оппозиционной Социалистической партии Франции обвинили власти во вмешательстве и давлении на судебную систему. Лагард грозит до года тюремного заключения и штраф в размере 15 тыс. евро. В декабре 2015 года совет директоров Международного валютного фонда решил оставить Кристин Лагард на посту директора-распорядителя МВФ, несмотря на решение о привлечении ее к суду во Франции.
</post>
<signature>

</signature>
<external_links>

</external_links>
<country>RU</country>
<main_image>https://news.rambler.ru/share/snippets/35620563/d6b109ec01111484ab5253bcc6be7ddc.png</main_image>
</document>
