<?xml version="1.0" encoding="UTF-8"?>
<document>
<type>mainstream</type>
<forum>http://detroit.eater.com/rss/index.xml</forum>
<forum_title>Eater Detroit -  All</forum_title>
<discussion_title>Downtown’s Angelina Italian Bistro Tangles With Bedrock Real Estate Over Rent Increases</discussion_title>
<language>english</language>
<gmt_offset></gmt_offset>
<topic_url>http://detroit.eater.com/2016/12/19/14013544/angelina-italian-bistro-bedrock-real-estate-landlord-tenant-dispute</topic_url>
<topic_text>
Downtown’s Angelina Italian Bistro Tangles With Bedrock Real Estate Over Rent Increases The Detroit restaurant could face eviction Yelp/Akira O. Looking for more evidence that rent is going up in downtown Detroit? Look no further than Angelina Italian Bistro . The Grand Circus Park restaurant is a tenant in Bedrock Real Estate’s M@dison Building and is the latest subject of a downtown landlord dispute. The Detroit Free Press reports that Angelina owner Tom Agosta is accusing Dan Gilbert’s development arm of trying to force him out of a lease with unfair rent increases. Agosta alleges that Bedrock is attempting to increase the 5,900-square-foot eatery’s rent from $13.50 to $37 per square foot plus 3 percent yearly increases, but says an appraiser has valued the property at around $19 per square foot. The difference may seem small but it amounts to a discrepancy of around $106,200 per year. &quot;They are looking to get as much money out of their leases as they can,&quot; Agosta tells the Free Press . In response to Agosta’s allegations Bedrock’s CEO Jim Ketai has slapped back that &quot;Angelina’s has been in default on its lease for over 19 months,&quot; something the restaurant owner has disputed on social media as a “total fabrication.” Bedrock plans to take the fight to court. Angelina’s owner and Bedrock have faced off in court before over similar issues. According to MLive , in 2013 the two parties went head to head over maintenance fee increases, but the issue was quickly patched up after Agosta went to the press. Now, once again facing legal action, Angelina’s owner released a statement today that Bedrock is threatening the restaurant with eviction if it doesn’t negotiate or pay $162,351.53 past due charges (rent and electric bills). Agosta calls the back charges “fabricated” and says he too is consulting attorneys. This is far from the first time downtown restaurants have tangled with Bedrock. In 2015 reports surfaced that the real estate company was allegedly installing surveillance equipment on several buildings including American Coney Island and 1515 Broadway without owner approval . Bedrock disputed those allegations.
</topic_text>
<spam_score>0.00</spam_score>
<post_num>1</post_num>
<post_id>post-1</post_id>
<post_url>http://detroit.eater.com/2016/12/19/14013544/angelina-italian-bistro-bedrock-real-estate-landlord-tenant-dispute</post_url>
<post_date>20161219</post_date>
<post_time>2300</post_time>
<username>Brenna Houck</username>
<post>
Downtown’s Angelina Italian Bistro Tangles With Bedrock Real Estate Over Rent Increases The Detroit restaurant could face eviction Yelp/Akira O. Looking for more evidence that rent is going up in downtown Detroit? Look no further than Angelina Italian Bistro . The Grand Circus Park restaurant is a tenant in Bedrock Real Estate’s M@dison Building and is the latest subject of a downtown landlord dispute. The Detroit Free Press reports that Angelina owner Tom Agosta is accusing Dan Gilbert’s development arm of trying to force him out of a lease with unfair rent increases. Agosta alleges that Bedrock is attempting to increase the 5,900-square-foot eatery’s rent from $13.50 to $37 per square foot plus 3 percent yearly increases, but says an appraiser has valued the property at around $19 per square foot. The difference may seem small but it amounts to a discrepancy of around $106,200 per year. &quot;They are looking to get as much money out of their leases as they can,&quot; Agosta tells the Free Press . In response to Agosta’s allegations Bedrock’s CEO Jim Ketai has slapped back that &quot;Angelina’s has been in default on its lease for over 19 months,&quot; something the restaurant owner has disputed on social media as a “total fabrication.” Bedrock plans to take the fight to court. Angelina’s owner and Bedrock have faced off in court before over similar issues. According to MLive , in 2013 the two parties went head to head over maintenance fee increases, but the issue was quickly patched up after Agosta went to the press. Now, once again facing legal action, Angelina’s owner released a statement today that Bedrock is threatening the restaurant with eviction if it doesn’t negotiate or pay $162,351.53 past due charges (rent and electric bills). Agosta calls the back charges “fabricated” and says he too is consulting attorneys. This is far from the first time downtown restaurants have tangled with Bedrock. In 2015 reports surfaced that the real estate company was allegedly installing surveillance equipment on several buildings including American Coney Island and 1515 Broadway without owner approval . Bedrock disputed those allegations.
</post>
<signature>

</signature>
<external_links>

</external_links>
<country>US</country>
<main_image>https://cdn0.vox-cdn.com/thumbor/ldPDq5ObpQHVRX7GCrKSRmrY1io=/0x146:750x568/1600x900/cdn0.vox-cdn.com/uploads/chorus_image/image/52368477/Angelina_Italian_Bistro.0.jpeg</main_image>
</document>
