<?xml version="1.0" encoding="UTF-8"?>
<document>
<type>mainstream</type>
<forum>http://www.jewishpress.com/news/israel/aliyah-israel/</forum>
<forum_title>The Jewish Press //» » Aliyah</forum_title>
<discussion_title>Israeli President Welcomes 50,000th Oleh Brought Home by Nefesh B’nefesh | JNi.Media | Wednesday, August 17,</discussion_title>
<language>english</language>
<gmt_offset>-6</gmt_offset>
<topic_url>http://www.jewishpress.com/news/breaking-news/israeli-president-welcomes-50000th-oleh-brought-home-by-nefesh-bnefesh/2016/08/17/</topic_url>
<topic_text>
Soon-to-be IDF soldiers getting off the plane at Ben Gurion Airport / Photo credit: Shahar Azran
A group of 233 Olim (newcomers) landed Wednesday morning in Tel Aviv’s Ben Gurion International Airport on an El Al Boeing 777 chartered by Nefesh B’Nefesh to begin new lives in Israel. The flight celebrated the Aliyah of the 50,000th newcomer through the Nefesh B’Nefesh organization, which was founded in 2002. Among the newcomers were 75 “lone soldiers” who will become Israeli citizens and volunteer to serve in the IDF. The flight was a collaborative project of Israel’s Ministry of Aliyah &amp; Immigrant Absorption, the Jewish Agency for Israel, Keren Kayemeth Le’Israel, JNF-USA and Tzofim-Garin Tzabar.
More than half of the 75 soon-to-be soldiers are young women. Rebecca Glanzer, 22, from Brooklyn, NY, graduated recently from Columbia University with a degree in economics and is hoping to serve in the IDF’s Artillery Brigade. “I have been looking forward to making Aliyah and serving as a lone soldier in the IDF for so many years, and it is so crazy to me that this dream I had in high school is finally being realized,” said Glanzer. She then explained: “What drew me to Israel was the community and sense of belonging that you cannot find anywhere else in the world. Being the 50,000th person to make Aliyah with Nefesh B’Nefesh only affirms for me that I am part of something bigger, joining the thousands of people who took the opportunity to live a more meaningful and more Jewish life in Israel. I can’t believe it’s finally happening.”
The flight included a diverse mix of people from 22 US states and one Canadian province, including 24 families, 78 children and 10 medical professionals. The ages ranged from three and a half weeks to 85 years old.
&lt;img class=&quot;size-full wp-image-282765&quot; src=&quot;http://www.jewishpress.com/wp-content/plugins/wp-replace-unlicensed-and-broken-images/images/empty_image.png?v=1.0.4&quot;&quot;http://www.jewishpress.com/wp-content/plugins/wp-replace-unlicensed-and-broken-images/images/empty_image.png?v=1.0.4&quot; alt=&quot;Nefesh B’Nefesh’s 50,000 Oleh Rebecca Glanzer with (L-R) Rabbi Yehoshua Fass, President Reuven Rivlin, Minister of Aliyah and Immigrant Absorption Sofa Landver, and Tony Gelbart, co-founder of Nefesh B’Nefesh / Photo credit: Shahar Azran&quot; width=&quot;475&quot; height=&quot;316&quot; &quot;http://www.jewishpress.com/wp-content/plugins/wp-replace-unlicensed-and-broken-images/images/empty_image.png?v=1.0.4&quot; sizes=&quot;(max-width: 475px) 100vw, 475px&quot; /&gt;&lt;/a&gt;Nefesh B’Nefesh’s 50,000 Oleh Rebecca Glanzer with (L-R) Rabbi Yehoshua Fass, President Reuven Rivlin, Minister of Aliyah and Immigrant Absorption Sofa Landver, and Tony Gelbart, co-founder of Nefesh B’Nefesh / Photo credit: Shahar Azran
&lt;/div&gt; “This is such an honor for me to join you at this special moment, The moment you have all come home,” President Reuven Rivlin said at the ceremony welcoming the group. He continued, “You are no longer Jews in exile, you are now all Israelis. Each of you, young and old, men and women, have fulfilled the dream of 2000 years, you have made Aliyah.”
“I know the decision to make Aliyah is not easy, leaving behind family and friends, looking for work, starting in new schools, learning a new language. There are challenges ahead but we are all here to support you and help you build your new home,” the President said.
Minister of Aliyah and Immigrant Absorption Sofa Landver told the newcomers that “the State of Israel salutes the young people who chose to leave their comfortable lives in North America in order to make the greatest contribution to the country’s national security and its people. I congratulate them and the other Olim who make Aliyah as a result of the cooperation between the Ministry and our partner in Aliyah, Nefesh B’Nefesh. I’m confident, and I promise, that the Ministry of Aliyah and Immigrant Absorption will accompany these Olim and take care of them throughout their entire integration process.”
Rabbi Yehoshua Fass, Founder and Executive Director of Nefesh B’Nefesh, pointed out that “every single family and individual we bring to Israel who decides to make Aliyah is such a special thing for us as an organization, but when you see so many brave young men and women from North America sacrifice so much and voluntarily leave their families because they feel a yearning desire to serve in the IDF and defend Israel, that’s powerful.”
He reminisced how “back in 2002 when Tony Gelbart and I founded this organization, we couldn’t have imagined bringing 50,000 Jews from North America to Israel to fulfill their dreams and the dreams of the Jewish people. And we’re not stopping anytime soon.”
Chairman of the Jewish Agency for Israel Natan Sharansky said, “We are proud of our partnership with Nefesh B’Nefesh, and every new planeload of North American Olim strengthens and enriches our country. The immigrants arriving from the United States and Canada are coming not out of distress but rather out of excitement to take part in the greatest national project of the Jewish people, said. We must ensure that the State of Israel remains a place in which every Jew feels at home, a place that ignites Jews’ imagination and strengthens their identity and security. I would particularly like to welcome the dozens of young people who are choosing to build their lives in Israel: your success is our success, and your future is our future. Welcome home!”
Gary Vitkin, CEO of Tzofim Tzabar Olami, said, “The touching stories of the participants are inspiring and encourage us to continue to give them the warm hug that they deserve, these young adults from all over the world come to Israel to serve in the IDF as Lone Soldiers. One of the most meaningful accomplishments of Tzofim – Garin Tzabar that is in collaboration with The Jewish Agency, Ministry of Aliyah and Immigrant Absorption, the Kibbutz Movement and Nefesh B’Nefesh is the unique dynamic that is formed by the teens is made possible by these organizations and I am happy to see that this success is translated to building a future in Israel.”
&lt;a href=&quot;http://JNi.Media&quot; title=&quot;Visit JNi.Media’s website&quot; rel=&quot;author external&quot;&gt;JNi.Media&lt;/a&gt; &lt;strong&gt;About the Author:&lt;/strong&gt; &lt;em&gt;&lt;a href=&quot;http://jni.media&quot;&gt;JNi.Media&lt;/a&gt; provides editors and publishers with high quality Jewish-focused content for their publications.&lt;/em&gt;
&lt;div style=&quot;clear:both&quot;&gt;&lt;/div&gt;
&lt;div style=&quot;clear:both&quot;&gt;&lt;/div&gt; &lt;p align=center&gt;
</topic_text>
<spam_score>0.00</spam_score>
<post_num>1</post_num>
<post_id>post-1</post_id>
<post_url>http://www.jewishpress.com/news/breaking-news/israeli-president-welcomes-50000th-oleh-brought-home-by-nefesh-bnefesh/2016/08/17/</post_url>
<post_date>20160817</post_date>
<post_time></post_time>
<username>JNi.Media</username>
<post>
Soon-to-be IDF soldiers getting off the plane at Ben Gurion Airport / Photo credit: Shahar Azran
A group of 233 Olim (newcomers) landed Wednesday morning in Tel Aviv’s Ben Gurion International Airport on an El Al Boeing 777 chartered by Nefesh B’Nefesh to begin new lives in Israel. The flight celebrated the Aliyah of the 50,000th newcomer through the Nefesh B’Nefesh organization, which was founded in 2002. Among the newcomers were 75 “lone soldiers” who will become Israeli citizens and volunteer to serve in the IDF. The flight was a collaborative project of Israel’s Ministry of Aliyah &amp; Immigrant Absorption, the Jewish Agency for Israel, Keren Kayemeth Le’Israel, JNF-USA and Tzofim-Garin Tzabar.
More than half of the 75 soon-to-be soldiers are young women. Rebecca Glanzer, 22, from Brooklyn, NY, graduated recently from Columbia University with a degree in economics and is hoping to serve in the IDF’s Artillery Brigade. “I have been looking forward to making Aliyah and serving as a lone soldier in the IDF for so many years, and it is so crazy to me that this dream I had in high school is finally being realized,” said Glanzer. She then explained: “What drew me to Israel was the community and sense of belonging that you cannot find anywhere else in the world. Being the 50,000th person to make Aliyah with Nefesh B’Nefesh only affirms for me that I am part of something bigger, joining the thousands of people who took the opportunity to live a more meaningful and more Jewish life in Israel. I can’t believe it’s finally happening.”
The flight included a diverse mix of people from 22 US states and one Canadian province, including 24 families, 78 children and 10 medical professionals. The ages ranged from three and a half weeks to 85 years old.
&lt;img class=&quot;size-full wp-image-282765&quot; src=&quot;http://www.jewishpress.com/wp-content/plugins/wp-replace-unlicensed-and-broken-images/images/empty_image.png?v=1.0.4&quot;&quot;http://www.jewishpress.com/wp-content/plugins/wp-replace-unlicensed-and-broken-images/images/empty_image.png?v=1.0.4&quot; alt=&quot;Nefesh B’Nefesh’s 50,000 Oleh Rebecca Glanzer with (L-R) Rabbi Yehoshua Fass, President Reuven Rivlin, Minister of Aliyah and Immigrant Absorption Sofa Landver, and Tony Gelbart, co-founder of Nefesh B’Nefesh / Photo credit: Shahar Azran&quot; width=&quot;475&quot; height=&quot;316&quot; &quot;http://www.jewishpress.com/wp-content/plugins/wp-replace-unlicensed-and-broken-images/images/empty_image.png?v=1.0.4&quot; sizes=&quot;(max-width: 475px) 100vw, 475px&quot; /&gt;&lt;/a&gt;Nefesh B’Nefesh’s 50,000 Oleh Rebecca Glanzer with (L-R) Rabbi Yehoshua Fass, President Reuven Rivlin, Minister of Aliyah and Immigrant Absorption Sofa Landver, and Tony Gelbart, co-founder of Nefesh B’Nefesh / Photo credit: Shahar Azran
&lt;/div&gt; “This is such an honor for me to join you at this special moment, The moment you have all come home,” President Reuven Rivlin said at the ceremony welcoming the group. He continued, “You are no longer Jews in exile, you are now all Israelis. Each of you, young and old, men and women, have fulfilled the dream of 2000 years, you have made Aliyah.”
“I know the decision to make Aliyah is not easy, leaving behind family and friends, looking for work, starting in new schools, learning a new language. There are challenges ahead but we are all here to support you and help you build your new home,” the President said.
Minister of Aliyah and Immigrant Absorption Sofa Landver told the newcomers that “the State of Israel salutes the young people who chose to leave their comfortable lives in North America in order to make the greatest contribution to the country’s national security and its people. I congratulate them and the other Olim who make Aliyah as a result of the cooperation between the Ministry and our partner in Aliyah, Nefesh B’Nefesh. I’m confident, and I promise, that the Ministry of Aliyah and Immigrant Absorption will accompany these Olim and take care of them throughout their entire integration process.”
Rabbi Yehoshua Fass, Founder and Executive Director of Nefesh B’Nefesh, pointed out that “every single family and individual we bring to Israel who decides to make Aliyah is such a special thing for us as an organization, but when you see so many brave young men and women from North America sacrifice so much and voluntarily leave their families because they feel a yearning desire to serve in the IDF and defend Israel, that’s powerful.”
He reminisced how “back in 2002 when Tony Gelbart and I founded this organization, we couldn’t have imagined bringing 50,000 Jews from North America to Israel to fulfill their dreams and the dreams of the Jewish people. And we’re not stopping anytime soon.”
Chairman of the Jewish Agency for Israel Natan Sharansky said, “We are proud of our partnership with Nefesh B’Nefesh, and every new planeload of North American Olim strengthens and enriches our country. The immigrants arriving from the United States and Canada are coming not out of distress but rather out of excitement to take part in the greatest national project of the Jewish people, said. We must ensure that the State of Israel remains a place in which every Jew feels at home, a place that ignites Jews’ imagination and strengthens their identity and security. I would particularly like to welcome the dozens of young people who are choosing to build their lives in Israel: your success is our success, and your future is our future. Welcome home!”
Gary Vitkin, CEO of Tzofim Tzabar Olami, said, “The touching stories of the participants are inspiring and encourage us to continue to give them the warm hug that they deserve, these young adults from all over the world come to Israel to serve in the IDF as Lone Soldiers. One of the most meaningful accomplishments of Tzofim – Garin Tzabar that is in collaboration with The Jewish Agency, Ministry of Aliyah and Immigrant Absorption, the Kibbutz Movement and Nefesh B’Nefesh is the unique dynamic that is formed by the teens is made possible by these organizations and I am happy to see that this success is translated to building a future in Israel.”
&lt;a href=&quot;http://JNi.Media&quot; title=&quot;Visit JNi.Media’s website&quot; rel=&quot;author external&quot;&gt;JNi.Media&lt;/a&gt; &lt;strong&gt;About the Author:&lt;/strong&gt; &lt;em&gt;&lt;a href=&quot;http://jni.media&quot;&gt;JNi.Media&lt;/a&gt; provides editors and publishers with high quality Jewish-focused content for their publications.&lt;/em&gt;
&lt;div style=&quot;clear:both&quot;&gt;&lt;/div&gt;
&lt;div style=&quot;clear:both&quot;&gt;&lt;/div&gt; &lt;p align=center&gt;
</post>
<signature>

</signature>
<external_links>

</external_links>
<country>US</country>
<main_image>http://www.jewishpress.com/wp-content/plugins/wp-replace-unlicensed-and-broken-images/images/empty_image.png?v=1.0.4</main_image>
</document>
