<?xml version="1.0" encoding="UTF-8"?>
<document>
<type>mainstream</type>
<forum>http://businessrecord.com/RSS/248</forum>
<forum_title>RSS Feed businessrecord.com : All Latest News</forum_title>
<discussion_title>Easter Lake to be drained temporarily by February</discussion_title>
<language>english</language>
<gmt_offset></gmt_offset>
<topic_url>http://www.businessrecord.com:80/Content/Default/-All-Latest-News/Article/Easter-Lake-to-be-drained-temporarily-by-February/-3/248/75867</topic_url>
<topic_text>
Easter Lake to be drained temporarily by February Monday, December 19, 2016 3:39 PM The Polk County Conservation Board is draining Easter Lake as part of a rehabilitation plan. The lake is dropping 6 inches a day and should be empty by February. Most of the fish left after a season of relaxed fishing regulations will go down the Des Moines River. The draining will make it easier to continue dredging, install a gate structure, improve boat ramps, restore vegetation and restore the shoreline. Major improvements should be done by March 2018, when the lake will begin refilling and fish will be restocked. Final trail construction and other major improvements should be done by the end of 2017. Park shelters will be open on a first-come, first served basis. The swimming beach and boat ramp will be closed.
</topic_text>
<spam_score>0.00</spam_score>
<post_num>1</post_num>
<post_id>post-1</post_id>
<post_url>http://www.businessrecord.com:80/Content/Default/-All-Latest-News/Article/Easter-Lake-to-be-drained-temporarily-by-February/-3/248/75867</post_url>
<post_date>20161219</post_date>
<post_time>2139</post_time>
<username></username>
<post>
Easter Lake to be drained temporarily by February Monday, December 19, 2016 3:39 PM The Polk County Conservation Board is draining Easter Lake as part of a rehabilitation plan. The lake is dropping 6 inches a day and should be empty by February. Most of the fish left after a season of relaxed fishing regulations will go down the Des Moines River. The draining will make it easier to continue dredging, install a gate structure, improve boat ramps, restore vegetation and restore the shoreline. Major improvements should be done by March 2018, when the lake will begin refilling and fish will be restocked. Final trail construction and other major improvements should be done by the end of 2017. Park shelters will be open on a first-come, first served basis. The swimming beach and boat ramp will be closed.
</post>
<signature>

</signature>
<external_links>

</external_links>
<country>US</country>
<main_image></main_image>
</document>
