<?xml version="1.0" encoding="UTF-8"?>
<document>
<type>mainstream</type>
<forum>http://ewallstreeter.com/rss.php?c=277</forum>
<forum_title>eWallstreeter</forum_title>
<discussion_title>‘6 Shots Of Vodka’: Mother Accused Of Drinking, Leaving Child In Car</discussion_title>
<language>english</language>
<gmt_offset></gmt_offset>
<topic_url>http://ewallstreeter.com/shots-of-vodka-----mother-accused-of-drinking--leaving-child-in-car-6709/</topic_url>
<topic_text>
‘6 Shots Of Vodka’: Mother Accused Of Drinking, Leaving Child In Car From CBS DenverDecember 19, 2016 - 1:53pm The woman accused of leaving her toddler son alone inside a car for 14 hours overnight during subzero temperatures over the weekend also admitted to police that she had six shots of vodka that night.
</topic_text>
<spam_score>0.00</spam_score>
<post_num>1</post_num>
<post_id>post-1</post_id>
<post_url>http://ewallstreeter.com/shots-of-vodka-----mother-accused-of-drinking--leaving-child-in-car-6709/</post_url>
<post_date>20161219</post_date>
<post_time>1853</post_time>
<username></username>
<post>
‘6 Shots Of Vodka’: Mother Accused Of Drinking, Leaving Child In Car From CBS DenverDecember 19, 2016 - 1:53pm The woman accused of leaving her toddler son alone inside a car for 14 hours overnight during subzero temperatures over the weekend also admitted to police that she had six shots of vodka that night.
</post>
<signature>

</signature>
<external_links>

</external_links>
<country>US</country>
<main_image>http://ewallstreeter.com/post-images/denver/shots-of-vodka-----mother-accused-of-drinking--leaving-child-in-car.jpg</main_image>
</document>
