<?xml version="1.0" encoding="UTF-8"?>
<document>
<type>mainstream</type>
<forum>http://businessrecord.com/RSS/248</forum>
<forum_title>RSS Feed businessrecord.com : All Latest News</forum_title>
<discussion_title>Fiscal &apos;16 sales tax revenues up 2.37 percent</discussion_title>
<language>english</language>
<gmt_offset></gmt_offset>
<topic_url>http://www.businessrecord.com:80/Content/Default/-All-Latest-News/Article/Fiscal-16-sales-tax-revenues-up-2-37-percent/-3/248/75869</topic_url>
<topic_text>
Fiscal &apos;16 sales tax revenues up 2.37 percent Monday, December 19, 2016 3:40 PM Food and specialty retailers in Iowa had the largest taxable year-over-year sales gains in fiscal 2016, according to the Iowa Department of Revenue&apos;s sales and use tax annual report . Total retail sales taxes due on returns filed for the fiscal year that ended June 30 were $2.3 billion, a 2.37 percent increase from the $2.24 billion computed in fiscal year 2015. The aggregate number of quarterly returns filed increased from 337,017 in fiscal year 2015 to 337,810 in fiscal year 2016, a 0.2 percent increase. By category, taxes on food dealers had the largest percentage increase from fiscal 2015, up 5.5 percent to $208.7 million. The second- and third-largest percentage growth was in specialty retail, up 4.8 percent to $183.1 million, and eating and drinking, up 4.2 percent to $253.7 million.
</topic_text>
<spam_score>0.00</spam_score>
<post_num>1</post_num>
<post_id>post-1</post_id>
<post_url>http://www.businessrecord.com:80/Content/Default/-All-Latest-News/Article/Fiscal-16-sales-tax-revenues-up-2-37-percent/-3/248/75869</post_url>
<post_date>20161219</post_date>
<post_time>2140</post_time>
<username></username>
<post>
Fiscal &apos;16 sales tax revenues up 2.37 percent Monday, December 19, 2016 3:40 PM Food and specialty retailers in Iowa had the largest taxable year-over-year sales gains in fiscal 2016, according to the Iowa Department of Revenue&apos;s sales and use tax annual report . Total retail sales taxes due on returns filed for the fiscal year that ended June 30 were $2.3 billion, a 2.37 percent increase from the $2.24 billion computed in fiscal year 2015. The aggregate number of quarterly returns filed increased from 337,017 in fiscal year 2015 to 337,810 in fiscal year 2016, a 0.2 percent increase. By category, taxes on food dealers had the largest percentage increase from fiscal 2015, up 5.5 percent to $208.7 million. The second- and third-largest percentage growth was in specialty retail, up 4.8 percent to $183.1 million, and eating and drinking, up 4.2 percent to $253.7 million.
</post>
<signature>

</signature>
<external_links>

</external_links>
<country>US</country>
<main_image></main_image>
</document>
