<?xml version="1.0" encoding="UTF-8"?>
<document>
<type>mainstream</type>
<forum>http://espresso.repubblica.it/rss?sezione=espresso</forum>
<forum_title>Rss l&apos;Espresso</forum_title>
<discussion_title>Football Leaks, la Fifa se ne lava le mani</discussion_title>
<language>italian</language>
<gmt_offset></gmt_offset>
<topic_url>http://espresso.repubblica.it/inchieste/2016/12/19/news/football-leaks-la-fifa-se-ne-lava-le-mani-1.291432</topic_url>
<topic_text>
Football Leaks, la Fifa se ne lava le... Intervista Football Leaks, la Fifa se ne lava le mani Dopo l&apos;esplosione dello scandalo sui conti offshore dei calciatori e lo strapotere dei procuratori, il presidente della federazione del calcio parla ai giornali del netwoek Eic. E promette trasparenza, ma scarica ad altri la responsabilità di intervenire di Vittorio Malagutti e Stefano Vergine 19 dicembre 2016 Gianni Infantino Arresti, tangenti e poi dimissioni a catena, tra cui quella dell&apos;inossidabile presidente Sepp Blatter. La Fifa , l&apos;organo di governo mondiale del pallone, arriva da due anni terribili, in cui un&apos;ondata di scandali ha messo seriamente in pericolo la credibilità della più ricca e potente tra le federazioni mondiali dello sport. Adesso le rivelazioni di Football Leaks alzano il velo sugli affari sporchi del pallone: i traffici milionari dei grandi agenti di calciatori, i sospetti di evasione fiscale, il ricorso ai paradisi offshore da parte di celebrate star come Cristiano Ronaldo o l&apos;allenatore José Mourinho. L&apos;intervista rilasciata dal presidente della Federazione calcistica internazionale ai giornali del network Eic, tra cui l&apos;Espresso per l&apos;Italia, che hanno svelato i segreti offshore del mondo del calcio Gianni Infantino , 46 anni, doppia cittadinanza italiana e svizzera, ha preso le redini della Fifa come presidente dallo scorso febbraio, ereditando la guida di un&apos;organizzazione quanto mai in crisi di credibilità. In questa intervista concessa ai giornalisti del network Eic, European investigative collaborations, di cui fa parte anche l&apos;Espresso, il capo dell&apos;”Onu del pallone”, ammette che la Fifa: «ha attraversato una fase estremamente delicata, un periodo molto buio» e promette trasparenza e chiarezza per «ricostruire l&apos;immagine» della Federazione. vedi anche: Football Leaks, tutti i nomi e i campioni dell&apos;inchiesta su calcio e paradisi fiscali Le stelle del mondo del pallone, i fondi di investimento, le triangolazioni offshore: in esclusiva sull&apos;Espresso l&apos;elenco di chi è coinvolto nell&apos;inchiesta realizzata dal network internazionale EIC che fa tremare i potenti del rettangolo verde. Ecco i primi nomi a cui si aggiungeranno nelle prossime settimane altre decine di big Sui traffici finanziari sospetti, in cui appaiono coinvolti in primo luogo gli agenti dei calciatori, Infantino dice che compito della Fifa è quello di «garantire una maggiore trasparenza e di attribuire maggiore responsabilità a tutte le parti coinvolte». In concreto, però, la palla viene rilanciata nel campo delle autorità statali. Tocca a loro, dice il numero uno della Fifa, intervenire sulle questioni fiscali. «Noi dobbiamo cercare di garantire in ogni modo che questi trasferimenti di denaro, questi miliardi di euro o di dollari che circolano ogni anno, arrivino nel posto giusto. Dobbiamo puntare soprattutto sulla trasparenza». La questione dello strapotere degli agenti, come dimostra l&apos;inchiesta Football Leaks, è però quella che sembra più complessa da affrontare. E la decisione della Fifa, che nel 2015 ha rinunciato a esercitare ogni forma di controllo sugli intermediari del calciomercato, non ha certo contribuito a migliorare la situazione. Anche in questo caso, secondo Infantino, tocca ai governi nazionali intervenire per mettere ordine e sottoporre gli agenti a controlli più stringenti. «Esisteva un sistema che imponeva agli agenti di superare un esame, ma come si può sottoporre a un esame il mondo intero? È una cosa davvero complicata e molto difficile. Per far questo, servirebbe il sostegno dei governi allo scopo di regolare la professione di agente in modo da poter dare ai giocatori le necessarie garanzie». Insomma, Infantino promette trasparenza. Assicura che il rinnovamento procede, ma sulle questioni concrete, quelle che riguardano i traffici sospetti che circondano il mondo del pallone, il presidente scarica altrove la responsabilità dell&apos;intervento. Di questo passo la strada verso la trasparenza sembra davvero ancora lunga e impervia. Tag
</topic_text>
<spam_score>0.00</spam_score>
<post_num>1</post_num>
<post_id>post-1</post_id>
<post_url>http://espresso.repubblica.it/inchieste/2016/12/19/news/football-leaks-la-fifa-se-ne-lava-le-mani-1.291432</post_url>
<post_date>20161219</post_date>
<post_time>1319</post_time>
<username></username>
<post>
Football Leaks, la Fifa se ne lava le... Intervista Football Leaks, la Fifa se ne lava le mani Dopo l&apos;esplosione dello scandalo sui conti offshore dei calciatori e lo strapotere dei procuratori, il presidente della federazione del calcio parla ai giornali del netwoek Eic. E promette trasparenza, ma scarica ad altri la responsabilità di intervenire di Vittorio Malagutti e Stefano Vergine 19 dicembre 2016 Gianni Infantino Arresti, tangenti e poi dimissioni a catena, tra cui quella dell&apos;inossidabile presidente Sepp Blatter. La Fifa , l&apos;organo di governo mondiale del pallone, arriva da due anni terribili, in cui un&apos;ondata di scandali ha messo seriamente in pericolo la credibilità della più ricca e potente tra le federazioni mondiali dello sport. Adesso le rivelazioni di Football Leaks alzano il velo sugli affari sporchi del pallone: i traffici milionari dei grandi agenti di calciatori, i sospetti di evasione fiscale, il ricorso ai paradisi offshore da parte di celebrate star come Cristiano Ronaldo o l&apos;allenatore José Mourinho. L&apos;intervista rilasciata dal presidente della Federazione calcistica internazionale ai giornali del network Eic, tra cui l&apos;Espresso per l&apos;Italia, che hanno svelato i segreti offshore del mondo del calcio Gianni Infantino , 46 anni, doppia cittadinanza italiana e svizzera, ha preso le redini della Fifa come presidente dallo scorso febbraio, ereditando la guida di un&apos;organizzazione quanto mai in crisi di credibilità. In questa intervista concessa ai giornalisti del network Eic, European investigative collaborations, di cui fa parte anche l&apos;Espresso, il capo dell&apos;”Onu del pallone”, ammette che la Fifa: «ha attraversato una fase estremamente delicata, un periodo molto buio» e promette trasparenza e chiarezza per «ricostruire l&apos;immagine» della Federazione. vedi anche: Football Leaks, tutti i nomi e i campioni dell&apos;inchiesta su calcio e paradisi fiscali Le stelle del mondo del pallone, i fondi di investimento, le triangolazioni offshore: in esclusiva sull&apos;Espresso l&apos;elenco di chi è coinvolto nell&apos;inchiesta realizzata dal network internazionale EIC che fa tremare i potenti del rettangolo verde. Ecco i primi nomi a cui si aggiungeranno nelle prossime settimane altre decine di big Sui traffici finanziari sospetti, in cui appaiono coinvolti in primo luogo gli agenti dei calciatori, Infantino dice che compito della Fifa è quello di «garantire una maggiore trasparenza e di attribuire maggiore responsabilità a tutte le parti coinvolte». In concreto, però, la palla viene rilanciata nel campo delle autorità statali. Tocca a loro, dice il numero uno della Fifa, intervenire sulle questioni fiscali. «Noi dobbiamo cercare di garantire in ogni modo che questi trasferimenti di denaro, questi miliardi di euro o di dollari che circolano ogni anno, arrivino nel posto giusto. Dobbiamo puntare soprattutto sulla trasparenza». La questione dello strapotere degli agenti, come dimostra l&apos;inchiesta Football Leaks, è però quella che sembra più complessa da affrontare. E la decisione della Fifa, che nel 2015 ha rinunciato a esercitare ogni forma di controllo sugli intermediari del calciomercato, non ha certo contribuito a migliorare la situazione. Anche in questo caso, secondo Infantino, tocca ai governi nazionali intervenire per mettere ordine e sottoporre gli agenti a controlli più stringenti. «Esisteva un sistema che imponeva agli agenti di superare un esame, ma come si può sottoporre a un esame il mondo intero? È una cosa davvero complicata e molto difficile. Per far questo, servirebbe il sostegno dei governi allo scopo di regolare la professione di agente in modo da poter dare ai giocatori le necessarie garanzie». Insomma, Infantino promette trasparenza. Assicura che il rinnovamento procede, ma sulle questioni concrete, quelle che riguardano i traffici sospetti che circondano il mondo del pallone, il presidente scarica altrove la responsabilità dell&apos;intervento. Di questo passo la strada verso la trasparenza sembra davvero ancora lunga e impervia. Tag
</post>
<signature>

</signature>
<external_links>

</external_links>
<country>IT</country>
<main_image>http://espresso.repubblica.it/polopoly_fs/1.291433.1482153498!/httpImage/image.jpg_gen/derivatives/articolo_222/image.jpg</main_image>
</document>
