<?xml version="1.0" encoding="UTF-8"?>
<document>
<type>mainstream</type>
<forum>http://gambling911.com/rss.xml</forum>
<forum_title>Gambling911.com</forum_title>
<discussion_title>What is the Line on the Giants-Eagles Game Thursday Night Week 16?</discussion_title>
<language>english</language>
<gmt_offset></gmt_offset>
<topic_url>http://www.gambling911.com/football-news/what-line-giants-eagles-game-thursday-night-week-16-.html</topic_url>
<topic_text>
What is the Line on the Giants-Eagles Game Thursday Night Week 16?   
The opening line for the Giants-Eagles Thursday Night Football game had New York as a -3 road favorite. The number had dipped to -2.5 by Monday evening . 
Giants-Eagles Head to Head Betting Trends 
Philadelphia is 4-1 both Straight Up and Against The Spread in this series over the last three seasons. 
Hot Total Trend for This Game 
In Philadelphia home games, the UNDER is 1-5 this season. 
In all Giants games this season, the UNDER is 3-11 this season. 
What’s at Stake? 
The Giants are in the lead for the NFC&apos;s top wild-card spot. New York only needs to beat Philadelphia to advance into the post season. 
The Giants (10-4) will finish the regular season 7-1 at home this year. They’re 3-3 on the road, and their home dominance has them on the brink of qualifying for the postseason. 
- Tyrone Black , Gambling911.com
</topic_text>
<spam_score>0.00</spam_score>
<post_num>1</post_num>
<post_id>post-1</post_id>
<post_url>http://www.gambling911.com/football-news/what-line-giants-eagles-game-thursday-night-week-16-.html</post_url>
<post_date>20161219</post_date>
<post_time>2344</post_time>
<username>Guest</username>
<post>
What is the Line on the Giants-Eagles Game Thursday Night Week 16?   
The opening line for the Giants-Eagles Thursday Night Football game had New York as a -3 road favorite. The number had dipped to -2.5 by Monday evening . 
Giants-Eagles Head to Head Betting Trends 
Philadelphia is 4-1 both Straight Up and Against The Spread in this series over the last three seasons. 
Hot Total Trend for This Game 
In Philadelphia home games, the UNDER is 1-5 this season. 
In all Giants games this season, the UNDER is 3-11 this season. 
What’s at Stake? 
The Giants are in the lead for the NFC&apos;s top wild-card spot. New York only needs to beat Philadelphia to advance into the post season. 
The Giants (10-4) will finish the regular season 7-1 at home this year. They’re 3-3 on the road, and their home dominance has them on the brink of qualifying for the postseason. 
- Tyrone Black , Gambling911.com
</post>
<signature>

</signature>
<external_links>

</external_links>
<country>CA</country>
<main_image></main_image>
</document>
