<?xml version="1.0" encoding="UTF-8"?>
<document>
<type>mainstream</type>
<forum>http://businessrecord.com/RSS/248</forum>
<forum_title>RSS Feed businessrecord.com : All Latest News</forum_title>
<discussion_title>Industrial neighborhood of Sioux City getting $25M makeover</discussion_title>
<language>english</language>
<gmt_offset></gmt_offset>
<topic_url>http://www.businessrecord.com:80/Content/Default/-All-Latest-News/Article/-Industrial-neighborhood-of-Sioux-City-getting-25M-makeover/-3/248/75865</topic_url>
<topic_text>
Industrial neighborhood of Sioux City getting $25M makeover Monday, December 19, 2016 11:40 AM Sioux City Journal: An abandoned industrial section of downtown Sioux City is getting a $25 million makeover that developers hope will turn the neighborhood into a bustling urban residential area. The project is led by Ho-Chunk Inc., which is the Winnebago Tribe of Nebraska&apos;s economic development corporation.
</topic_text>
<spam_score>0.00</spam_score>
<post_num>1</post_num>
<post_id>post-1</post_id>
<post_url>http://www.businessrecord.com:80/Content/Default/-All-Latest-News/Article/-Industrial-neighborhood-of-Sioux-City-getting-25M-makeover/-3/248/75865</post_url>
<post_date>20161219</post_date>
<post_time>1740</post_time>
<username></username>
<post>
Industrial neighborhood of Sioux City getting $25M makeover Monday, December 19, 2016 11:40 AM Sioux City Journal: An abandoned industrial section of downtown Sioux City is getting a $25 million makeover that developers hope will turn the neighborhood into a bustling urban residential area. The project is led by Ho-Chunk Inc., which is the Winnebago Tribe of Nebraska&apos;s economic development corporation.
</post>
<signature>

</signature>
<external_links>

</external_links>
<country>US</country>
<main_image></main_image>
</document>
