<?xml version="1.0" encoding="UTF-8"?>
<document>
<type>mainstream</type>
<forum>http://www.globenewswire.com/newsroom/rss/keyword/?kw=PHARMACEUTICALS</forum>
<forum_title>GlobeNewswire: Latest Articles</forum_title>
<discussion_title>Ericsson, Qualcomm and SK Telecom announce collaboration on 5G NR trials to accelerate wide-scale 5G deployments</discussion_title>
<language>english</language>
<gmt_offset></gmt_offset>
<topic_url>https://globenewswire.com/news-release/2016/12/20/898985/0/en/Ericsson-Qualcomm-and-SK-Telecom-announce-collaboration-on-5G-NR-trials-to-accelerate-wide-scale-5G-deployments.html</topic_url>
<topic_text>
Ericsson, Qualcomm and SK Telecom announce collaboration on 5G NR trials to accelerate wide-scale 5G deployments December 19, 2016 19:00 ET | Source: Telefonaktiebolaget LM Ericsson Ericsson Qualcomm and SK Telecom announce collaboration on 5G.pdf Trials will be compliant with the 5G NR 3GPP specification, the global 5G standard Driving ecosystem towards rapid commercialization at scale 
STOCKHOLM - December 20, 2016 - Ericsson (NASDAQ: ERIC ), Qualcomm Technologies, Inc., a subsidiary of Qualcomm Incorporated, and SK Telecom today announced plans to conduct interoperability testing and over-the-air field trials based on 5G New Radio (NR) standards being developed based on specifications in 3GPP. The trials intend to drive the mobile ecosystem toward rapid validation and commercialization of 5G NR technologies at scale, enabling timely commercial network launches based on 3GPP Rel-15 standard compliant 5G NR infrastructure and devices. 
In the trials, the Companies will showcase new 5G NR technologies that utilize wide bandwidths available at higher frequency bands to increase network capacity and achieve multi-gigabit per second data rates. These technologies will be critical to meeting the increasing consumer connectivity requirements for emerging consumer mobile broadband experiences such as virtual reality, augmented reality and connected cloud services. Additionally, the proliferation of 5G NR technology can make it more cost-effective and easier for multi-gigabit Internet service to reach more homes and businesses. 
The trials will employ 3GPP 5G NR Multiple-Input Multiple-Output (MIMO) antenna technology with adaptive beamforming and beam tracking techniques to deliver robust and sustained mobile broadband communications at higher frequency bands, including non-line-of-sight (NLOS) environments and device mobility. It will also make use of scalable OFDM-based waveforms and a new flexible framework design that are also part of the 5G NR specifications. The trials are expected to yield valuable insight into the unique challenges of integrating 5G NR technologies into mobile networks and devices. 
&quot;As we did in both 3G and 4G, we are excited about collaborating with leading operators and industry stakeholders such as Ericsson and SK Telecom to accelerate the path to 5G,&quot; said Matt Grob, executive vice president and chief technology officer, Qualcomm Technologies, Inc. &quot;The roadmap of 5G technologies is incredibly complex, and trials based on the global 3GPP 5G standard, such as this, are critical to continuing our long history of leadership integrating advanced wireless technologies in form-factor accurate devices to ensure timely deployment of 5G networks.&quot; 
&quot;As 5G rapidly gains momentum, a globally agreed and unified standard becomes imperative to achieve early commercialization of 5G and build an efficient ecosystem around it,&quot; said Alex Jinsung Choi, EVP, Chief Technology Officer, SK Telecom, &quot;As 3GPP NR is a global 5G standard, we are delighted to announce early 3GPP NR trials with leading 5G players, Ericsson and Qualcomm, with which we have made remarkable world&apos;s first footprints in the past with previous generations of groundbreaking mobile technologies..&quot; 
&quot;5G is the greatest opportunity our industry has ever experienced. It will enable operators to move into new markets and build new revenue streams with radically new business models and use cases,&quot; said Ulf Ewaldsson, senior vice president and chief technology officer, Ericsson. &quot;This important 5G standard-based trial collaboration will demonstrate compliance to 3GPP and support the accelerated commercialization of the global 3GPP 5G standard. On the road to 5G, Ericsson is working with leading operators and ecosystem players to enable innovative use cases on a global scale.&quot; 
The interoperability testing and trials, which will launch in Korea starting in the second half of 2017, are intended to track closely with, as well as help accelerate, the first 3GPP 5G NR specification that will be part of Release 15 - the global 5G standard that will make use of both sub-6 GHz and mmWave spectrum bands. Tracking the 3GPP specification is important because it promotes adherence and validation with the global 5G standard, accelerating the time to standard-compliant devices and infrastructure. It will also drive forward compatibility to future 3GPP 5G NR releases. 

About Ericsson 
For media kits, backgrounders and high-resolution photos, please visit www.ericsson.com/press 
Ericsson is the driving force behind the Networked Society - a world leader in communications technology and services. Our long-term relationships with every major telecom operator in the world allow people, business and society to fulfill their potential and create a more sustainable future. 
Our services, software and infrastructure - especially in mobility, broadband and the cloud - are enabling the telecom industry and other sectors to do better business, increase efficiency, improve the user experience and capture new opportunities. 
With approximately 115,000 professionals and customers in 180 countries, we combine global scale with technology and services leadership. We support networks that connect more than 2.5 billion subscribers. Forty percent of the world&apos;s mobile traffic is carried over Ericsson networks. And our investments in research and development ensure that our solutions - and our customers - stay in front. 
Founded in 1876, Ericsson has its headquarters in Stockholm, Sweden. Net sales in 2015 were SEK 246.9 billion (USD 29.4 billion). Ericsson is listed on NASDAQ OMX stock exchange in Stockholm and the NASDAQ in New York.
</topic_text>
<spam_score>0.00</spam_score>
<post_num>1</post_num>
<post_id>post-1</post_id>
<post_url>https://globenewswire.com/news-release/2016/12/20/898985/0/en/Ericsson-Qualcomm-and-SK-Telecom-announce-collaboration-on-5G-NR-trials-to-accelerate-wide-scale-5G-deployments.html</post_url>
<post_date>20161220</post_date>
<post_time>0500</post_time>
<username></username>
<post>
Ericsson, Qualcomm and SK Telecom announce collaboration on 5G NR trials to accelerate wide-scale 5G deployments December 19, 2016 19:00 ET | Source: Telefonaktiebolaget LM Ericsson Ericsson Qualcomm and SK Telecom announce collaboration on 5G.pdf Trials will be compliant with the 5G NR 3GPP specification, the global 5G standard Driving ecosystem towards rapid commercialization at scale 
STOCKHOLM - December 20, 2016 - Ericsson (NASDAQ: ERIC ), Qualcomm Technologies, Inc., a subsidiary of Qualcomm Incorporated, and SK Telecom today announced plans to conduct interoperability testing and over-the-air field trials based on 5G New Radio (NR) standards being developed based on specifications in 3GPP. The trials intend to drive the mobile ecosystem toward rapid validation and commercialization of 5G NR technologies at scale, enabling timely commercial network launches based on 3GPP Rel-15 standard compliant 5G NR infrastructure and devices. 
In the trials, the Companies will showcase new 5G NR technologies that utilize wide bandwidths available at higher frequency bands to increase network capacity and achieve multi-gigabit per second data rates. These technologies will be critical to meeting the increasing consumer connectivity requirements for emerging consumer mobile broadband experiences such as virtual reality, augmented reality and connected cloud services. Additionally, the proliferation of 5G NR technology can make it more cost-effective and easier for multi-gigabit Internet service to reach more homes and businesses. 
The trials will employ 3GPP 5G NR Multiple-Input Multiple-Output (MIMO) antenna technology with adaptive beamforming and beam tracking techniques to deliver robust and sustained mobile broadband communications at higher frequency bands, including non-line-of-sight (NLOS) environments and device mobility. It will also make use of scalable OFDM-based waveforms and a new flexible framework design that are also part of the 5G NR specifications. The trials are expected to yield valuable insight into the unique challenges of integrating 5G NR technologies into mobile networks and devices. 
&quot;As we did in both 3G and 4G, we are excited about collaborating with leading operators and industry stakeholders such as Ericsson and SK Telecom to accelerate the path to 5G,&quot; said Matt Grob, executive vice president and chief technology officer, Qualcomm Technologies, Inc. &quot;The roadmap of 5G technologies is incredibly complex, and trials based on the global 3GPP 5G standard, such as this, are critical to continuing our long history of leadership integrating advanced wireless technologies in form-factor accurate devices to ensure timely deployment of 5G networks.&quot; 
&quot;As 5G rapidly gains momentum, a globally agreed and unified standard becomes imperative to achieve early commercialization of 5G and build an efficient ecosystem around it,&quot; said Alex Jinsung Choi, EVP, Chief Technology Officer, SK Telecom, &quot;As 3GPP NR is a global 5G standard, we are delighted to announce early 3GPP NR trials with leading 5G players, Ericsson and Qualcomm, with which we have made remarkable world&apos;s first footprints in the past with previous generations of groundbreaking mobile technologies..&quot; 
&quot;5G is the greatest opportunity our industry has ever experienced. It will enable operators to move into new markets and build new revenue streams with radically new business models and use cases,&quot; said Ulf Ewaldsson, senior vice president and chief technology officer, Ericsson. &quot;This important 5G standard-based trial collaboration will demonstrate compliance to 3GPP and support the accelerated commercialization of the global 3GPP 5G standard. On the road to 5G, Ericsson is working with leading operators and ecosystem players to enable innovative use cases on a global scale.&quot; 
The interoperability testing and trials, which will launch in Korea starting in the second half of 2017, are intended to track closely with, as well as help accelerate, the first 3GPP 5G NR specification that will be part of Release 15 - the global 5G standard that will make use of both sub-6 GHz and mmWave spectrum bands. Tracking the 3GPP specification is important because it promotes adherence and validation with the global 5G standard, accelerating the time to standard-compliant devices and infrastructure. It will also drive forward compatibility to future 3GPP 5G NR releases. 

About Ericsson 
For media kits, backgrounders and high-resolution photos, please visit www.ericsson.com/press 
Ericsson is the driving force behind the Networked Society - a world leader in communications technology and services. Our long-term relationships with every major telecom operator in the world allow people, business and society to fulfill their potential and create a more sustainable future. 
Our services, software and infrastructure - especially in mobility, broadband and the cloud - are enabling the telecom industry and other sectors to do better business, increase efficiency, improve the user experience and capture new opportunities. 
With approximately 115,000 professionals and customers in 180 countries, we combine global scale with technology and services leadership. We support networks that connect more than 2.5 billion subscribers. Forty percent of the world&apos;s mobile traffic is carried over Ericsson networks. And our investments in research and development ensure that our solutions - and our customers - stay in front. 
Founded in 1876, Ericsson has its headquarters in Stockholm, Sweden. Net sales in 2015 were SEK 246.9 billion (USD 29.4 billion). Ericsson is listed on NASDAQ OMX stock exchange in Stockholm and the NASDAQ in New York.
</post>
<signature>

</signature>
<external_links>

</external_links>
<country>US</country>
<main_image></main_image>
</document>
