<?xml version="1.0" encoding="UTF-8"?>
<document>
<type>mainstream</type>
<forum>http://eldictamen.mx/feed/</forum>
<forum_title>El Dictamen</forum_title>
<discussion_title>El directorio ejecutivo del FMI reafirma su confianza en Lagarde</discussion_title>
<language>spanish</language>
<gmt_offset></gmt_offset>
<topic_url>http://eldictamen.mx/2016/12/finanzas/directorio-ejecutivo-del-fmi-reafirma-confianza-en-lagarde/</topic_url>
<topic_text>
Home » Finanzas » El directorio ejecutivo del FMI reafirma su confianza en Lagarde El directorio ejecutivo del FMI reafirma su confianza en Lagarde 
  5:51   El directorio ejecutivo del Fondo Monetario Internacional (FMI) reafirmó hoy su “total confianza” en la gestión de Christine Lagarde tras la condena por negligencia a la directora gerente del organismo por parte de la justicia francesa. 
Lagarde ve revalidada su gestión por el órgano rector del FMI tras una reunión convocada hoy luego del anuncio de la sentencia de un tribunal francés que la condenó por negligencia por el caso de indemnización millonaria al empresario Bernard Tapie. 
“El directorio ejecutivo reafirma su total confianza en la capacidad de la directora gerente para continuar de manera efectiva sus deberes”, indicó el FMI en un comunicado. 
Lagarde, que se encontraba hoy en Washington, no asistió a la lectura de la condena en París, que no llevaba asociada condena o multa alguna y que no entrará a formar parte de los antecedentes penales de la exministra de Finanzas gala. 
“El directorio ejecutivo se ha reunido de forma regular desde que la directora gerente fue elegida en 2011 para considerar los acontecimientos en su proceso legal en Francia y sobre si estos afectaban a su capacidad para liderar el Fondo”, indicó el directorio ejecutivo del Fondo en un comunicado. 
El directorio aseguró también que en la reunión de hoy analizaron todos los factores relevantes al caso y tuvieron en cuenta el “destacado liderazgo” de Lagarde al frente del FMI y su respeto en el ámbito internacional. 
Lagarde fue considerada hoy culpable por un tribunal de haber cometido “negligencia” en 2008, cuando era ministra de Finanzas de Francia, pero los jueces alegaron su prestigio internacional para dispensarle de pena. Compartir:
</topic_text>
<spam_score>0.00</spam_score>
<post_num>1</post_num>
<post_id>post-1</post_id>
<post_url>http://eldictamen.mx/2016/12/finanzas/directorio-ejecutivo-del-fmi-reafirma-confianza-en-lagarde/</post_url>
<post_date>20161219</post_date>
<post_time>2351</post_time>
<username></username>
<post>
Home » Finanzas » El directorio ejecutivo del FMI reafirma su confianza en Lagarde El directorio ejecutivo del FMI reafirma su confianza en Lagarde 
  5:51   El directorio ejecutivo del Fondo Monetario Internacional (FMI) reafirmó hoy su “total confianza” en la gestión de Christine Lagarde tras la condena por negligencia a la directora gerente del organismo por parte de la justicia francesa. 
Lagarde ve revalidada su gestión por el órgano rector del FMI tras una reunión convocada hoy luego del anuncio de la sentencia de un tribunal francés que la condenó por negligencia por el caso de indemnización millonaria al empresario Bernard Tapie. 
“El directorio ejecutivo reafirma su total confianza en la capacidad de la directora gerente para continuar de manera efectiva sus deberes”, indicó el FMI en un comunicado. 
Lagarde, que se encontraba hoy en Washington, no asistió a la lectura de la condena en París, que no llevaba asociada condena o multa alguna y que no entrará a formar parte de los antecedentes penales de la exministra de Finanzas gala. 
“El directorio ejecutivo se ha reunido de forma regular desde que la directora gerente fue elegida en 2011 para considerar los acontecimientos en su proceso legal en Francia y sobre si estos afectaban a su capacidad para liderar el Fondo”, indicó el directorio ejecutivo del Fondo en un comunicado. 
El directorio aseguró también que en la reunión de hoy analizaron todos los factores relevantes al caso y tuvieron en cuenta el “destacado liderazgo” de Lagarde al frente del FMI y su respeto en el ámbito internacional. 
Lagarde fue considerada hoy culpable por un tribunal de haber cometido “negligencia” en 2008, cuando era ministra de Finanzas de Francia, pero los jueces alegaron su prestigio internacional para dispensarle de pena. Compartir:
</post>
<signature>

</signature>
<external_links>

</external_links>
<country>MX</country>
<main_image>http://eldictamen.mx/wp-content/uploads/2015/03/Christine_Lagarde_EFE-2.jpg</main_image>
</document>
