<?xml version="1.0" encoding="UTF-8"?>
<document>
<type>mainstream</type>
<forum>http://ewallstreeter.com/rss.php?c=277</forum>
<forum_title>eWallstreeter</forum_title>
<discussion_title>It’s The Busiest Mailing Day Of The Year</discussion_title>
<language>english</language>
<gmt_offset></gmt_offset>
<topic_url>http://ewallstreeter.com/it-s-the-busiest-mailing-day-of-the-year-3921/</topic_url>
<topic_text>
It’s The Busiest Mailing Day Of The Year From CBS DenverDecember 19, 2016 - 12:29pm Monday is expected to be the busiest mailing day of the year for the U.S. Postal Service.
</topic_text>
<spam_score>0.00</spam_score>
<post_num>1</post_num>
<post_id>post-1</post_id>
<post_url>http://ewallstreeter.com/it-s-the-busiest-mailing-day-of-the-year-3921/</post_url>
<post_date>20161219</post_date>
<post_time>1729</post_time>
<username></username>
<post>
It’s The Busiest Mailing Day Of The Year From CBS DenverDecember 19, 2016 - 12:29pm Monday is expected to be the busiest mailing day of the year for the U.S. Postal Service.
</post>
<signature>

</signature>
<external_links>

</external_links>
<country>US</country>
<main_image>http://ewallstreeter.com/post-images/denver/it-s-the-busiest-mailing-day-of-the-year.jpg</main_image>
</document>
