<?xml version="1.0" encoding="UTF-8"?>
<document>
<type>mainstream</type>
<forum>http://www.telemetro.com/rss/section/1000300/</forum>
<forum_title>Telemetro - Internacionales</forum_title>
<discussion_title>Unasur dice que asesinato de embajador ruso enluta a la diplomacia mundial</discussion_title>
<language>spanish</language>
<gmt_offset></gmt_offset>
<topic_url>http://www.telemetro.com/internacionales/Unasur-asesinato-embajador-diplomacia-mundial_0_982402638.html</topic_url>
<topic_text>
Unasur dice que asesinato de embajador ruso enluta a la diplomacia mundial 635x357 La Unasur dice que asesinato de embajador ruso enluta a la diplomacia mundial. Foto/EFE. / | 19 dic 2016 06.53pm El secretario general de la Unión de Naciones Suramericanas (Unasur), el colombiano Ernesto Samper, lamentó hoy el asesinato del embajador ruso en Turquía, Andréi Karlov, y aseguró que ese hecho enluta a la diplomacia mundial. El asesinato de Karlov &quot;enluta a la diplomacia mundial&quot;, escribió Samper en su cuenta de Twitter, en la que expresó su &quot;solidaridad con el Gobierno de Rusia por la lamentable muerte&quot; del embajador en Turquía. Karlov fue disparado a quemarropa por un policía turco cuando pronunciaba unas palabras en la inauguración de una exposición fotográfica en Ankara. También la secretaría general de Unasur, con sede en Quito, en su cuenta institucional de Twitter, condenó &quot;los terribles hechos registrados hoy en Turquía&quot;. &quot;Lamentamos la muerte del embajador ruso, la diplomacia de la región se solidariza con su Gobierno y familia&quot;, agregó la Secretaría de Unasur.
</topic_text>
<spam_score>0.00</spam_score>
<post_num>1</post_num>
<post_id>post-1</post_id>
<post_url>http://www.telemetro.com/internacionales/Unasur-asesinato-embajador-diplomacia-mundial_0_982402638.html</post_url>
<post_date>20161219</post_date>
<post_time>2353</post_time>
<username></username>
<post>
Unasur dice que asesinato de embajador ruso enluta a la diplomacia mundial 635x357 La Unasur dice que asesinato de embajador ruso enluta a la diplomacia mundial. Foto/EFE. / | 19 dic 2016 06.53pm El secretario general de la Unión de Naciones Suramericanas (Unasur), el colombiano Ernesto Samper, lamentó hoy el asesinato del embajador ruso en Turquía, Andréi Karlov, y aseguró que ese hecho enluta a la diplomacia mundial. El asesinato de Karlov &quot;enluta a la diplomacia mundial&quot;, escribió Samper en su cuenta de Twitter, en la que expresó su &quot;solidaridad con el Gobierno de Rusia por la lamentable muerte&quot; del embajador en Turquía. Karlov fue disparado a quemarropa por un policía turco cuando pronunciaba unas palabras en la inauguración de una exposición fotográfica en Ankara. También la secretaría general de Unasur, con sede en Quito, en su cuenta institucional de Twitter, condenó &quot;los terribles hechos registrados hoy en Turquía&quot;. &quot;Lamentamos la muerte del embajador ruso, la diplomacia de la región se solidariza con su Gobierno y familia&quot;, agregó la Secretaría de Unasur.
</post>
<signature>

</signature>
<external_links>

</external_links>
<country>PA</country>
<main_image>http://d1vmfp3l3lxrif.cloudfront.net/internacionales/Unasur-asesinato-embajador-diplomacia-FotoEFE_MEDIMA20161219_0195_14.jpg</main_image>
</document>
