<?xml version="1.0" encoding="UTF-8"?>
<document>
<type>mainstream</type>
<forum>http://espresso.repubblica.it/rss?sezione=espresso</forum>
<forum_title>Rss l&apos;Espresso</forum_title>
<discussion_title>Disuguaglianza sociale, per l&apos;ottanta per cento degli italiani sono urgenti nuove politiche</discussion_title>
<language>italian</language>
<gmt_offset></gmt_offset>
<topic_url>http://espresso.repubblica.it/attualita/2016/12/19/news/disuguaglianza-sociale-per-l-ottanta-per-cento-degli-italiani-e-urgente-attuare-nuove-politiche-per-ridurla-1.291577</topic_url>
<topic_text>
Il sondaggio Disuguaglianza sociale, per l&apos;ottanta per cento degli italiani sono urgenti nuove politiche Il sondaggio dell&apos;istituto Demopolis per Oxfam mette in luce le preoccupazioni della stragrande maggioranza dei cittadini per l&apos;aumento delle disparità economiche e sociali. Con grande scetticismo sugli strumenti adottati fino ad oggi per combatterle 19 dicembre 2016 Negli ultimi cinque anni sono aumentate le disuguaglianze in Italia: è la percezione del 61 per cento dei cittadini, così come emerge da un’indagine dell’Istituto Demopolis promossa da Oxfam . La ricerca, realizzata su un campione stratificato di 3.000 intervistati rappresentativo della popolazione italiana, ha permesso di identificare le dimensioni di disuguaglianza maggiormente avvertite dall’opinione pubblica: la graduatoria è aperta dal reddito, indicato dal 76 per cento degli intervistati. “Più di 6 cittadini su 10 – afferma il direttore di Demopolis Pietro Vento – individuano nella concentrazione dei patrimoni e nelle opportunità di accesso al mondo del lavoro altri due ambiti in cui le disuguaglianze si manifestano con maggiore risalto. La maggioranza assoluta cita anche le sperequazioni nelle possibilità di cura e di fruizione dei servizi sanitari”. In Italia, secondo i dati di Oxfam, l’1 per cento più ricco della popolazione è in possesso di quasi un quarto della ricchezza nazionale netta: con chiare conseguenze per la coesione sociale. Nella percezione di quasi i due terzi degli italiani intervistati dall’Istituto Demopolis, accanto alle relazioni clientelari e alle scelte di politica economica, sono soprattutto “evasione ed elusione fiscale” ad amplificare le sperequazioni. Anche perché sottraggono al bilancio dello Stato risorse fondamentali per l’erogazione dei servizi pubblici e per il Welfare: ne sono convinti più di 8 italiani su 10. Molto severo è il giudizio complessivo sul sistema fiscale nel nostro Paese: l’82 per cento lo ritiene non equo; una valutazione positiva è espressa da appena l’11 per cento dei cittadini. I dati di Demopolis evidenziano un ampio consenso dell’opinione pubblica in materia di giustizia fiscale, ma anche un certo scetticismo sugli strumenti fino ad oggi attuati per combattere la grande evasione. “Dall’indagine emerge la netta percezione della disuguaglianza e delle dispari opportunità. La classe politica – sostiene Roberto Barbieri, direttore generale di Oxfam Italia – non può più permettersi di ritardare l’adozione di rimedi ambiziosi in materia di giustizia fiscale, contrastando gli abusi che, in Italia e a livello internazionale, alimentano la grande disuguaglianza dei nostri tempi”. La crisi economica - spiega il direttore dell’Istituto Demopolis Pietro Vento - sembra aver determinato, nell’opinione pubblica, una maggiore consapevolezza sull’importanza delle scelte in materia economica e fiscale. Per l’80 per cento degli italiani è oggi prioritaria ed urgente l’attuazione di politiche volte a ridurre le crescenti disuguaglianze sociali ed economiche nel nostro Paese”. Un preciso promemoria per il nuovo Governo Gentiloni… Nota informativa e metodologica La ricerca è stata condotta dall’Istituto Demopolis per Oxfam Italia su un campione di 3.000 intervistati, rappresentativo dell’universo della popolazione italiana maggiorenne, stratificato per genere, fascia d’età ed area geografica di residenza. Coordinamento dell’indagine demoscopica a cura di Pietro Vento e di Maria Sabrina Titone, con la collaborazione di Giusy Montalbano e Marco E. Tabacchi. Metodologia completa ed approfondimenti su: www.demopolis.it Tag
</topic_text>
<spam_score>0.00</spam_score>
<post_num>1</post_num>
<post_id>post-1</post_id>
<post_url>http://espresso.repubblica.it/attualita/2016/12/19/news/disuguaglianza-sociale-per-l-ottanta-per-cento-degli-italiani-e-urgente-attuare-nuove-politiche-per-ridurla-1.291577</post_url>
<post_date>20161219</post_date>
<post_time>1654</post_time>
<username></username>
<post>
Il sondaggio Disuguaglianza sociale, per l&apos;ottanta per cento degli italiani sono urgenti nuove politiche Il sondaggio dell&apos;istituto Demopolis per Oxfam mette in luce le preoccupazioni della stragrande maggioranza dei cittadini per l&apos;aumento delle disparità economiche e sociali. Con grande scetticismo sugli strumenti adottati fino ad oggi per combatterle 19 dicembre 2016 Negli ultimi cinque anni sono aumentate le disuguaglianze in Italia: è la percezione del 61 per cento dei cittadini, così come emerge da un’indagine dell’Istituto Demopolis promossa da Oxfam . La ricerca, realizzata su un campione stratificato di 3.000 intervistati rappresentativo della popolazione italiana, ha permesso di identificare le dimensioni di disuguaglianza maggiormente avvertite dall’opinione pubblica: la graduatoria è aperta dal reddito, indicato dal 76 per cento degli intervistati. “Più di 6 cittadini su 10 – afferma il direttore di Demopolis Pietro Vento – individuano nella concentrazione dei patrimoni e nelle opportunità di accesso al mondo del lavoro altri due ambiti in cui le disuguaglianze si manifestano con maggiore risalto. La maggioranza assoluta cita anche le sperequazioni nelle possibilità di cura e di fruizione dei servizi sanitari”. In Italia, secondo i dati di Oxfam, l’1 per cento più ricco della popolazione è in possesso di quasi un quarto della ricchezza nazionale netta: con chiare conseguenze per la coesione sociale. Nella percezione di quasi i due terzi degli italiani intervistati dall’Istituto Demopolis, accanto alle relazioni clientelari e alle scelte di politica economica, sono soprattutto “evasione ed elusione fiscale” ad amplificare le sperequazioni. Anche perché sottraggono al bilancio dello Stato risorse fondamentali per l’erogazione dei servizi pubblici e per il Welfare: ne sono convinti più di 8 italiani su 10. Molto severo è il giudizio complessivo sul sistema fiscale nel nostro Paese: l’82 per cento lo ritiene non equo; una valutazione positiva è espressa da appena l’11 per cento dei cittadini. I dati di Demopolis evidenziano un ampio consenso dell’opinione pubblica in materia di giustizia fiscale, ma anche un certo scetticismo sugli strumenti fino ad oggi attuati per combattere la grande evasione. “Dall’indagine emerge la netta percezione della disuguaglianza e delle dispari opportunità. La classe politica – sostiene Roberto Barbieri, direttore generale di Oxfam Italia – non può più permettersi di ritardare l’adozione di rimedi ambiziosi in materia di giustizia fiscale, contrastando gli abusi che, in Italia e a livello internazionale, alimentano la grande disuguaglianza dei nostri tempi”. La crisi economica - spiega il direttore dell’Istituto Demopolis Pietro Vento - sembra aver determinato, nell’opinione pubblica, una maggiore consapevolezza sull’importanza delle scelte in materia economica e fiscale. Per l’80 per cento degli italiani è oggi prioritaria ed urgente l’attuazione di politiche volte a ridurre le crescenti disuguaglianze sociali ed economiche nel nostro Paese”. Un preciso promemoria per il nuovo Governo Gentiloni… Nota informativa e metodologica La ricerca è stata condotta dall’Istituto Demopolis per Oxfam Italia su un campione di 3.000 intervistati, rappresentativo dell’universo della popolazione italiana maggiorenne, stratificato per genere, fascia d’età ed area geografica di residenza. Coordinamento dell’indagine demoscopica a cura di Pietro Vento e di Maria Sabrina Titone, con la collaborazione di Giusy Montalbano e Marco E. Tabacchi. Metodologia completa ed approfondimenti su: www.demopolis.it Tag
</post>
<signature>

</signature>
<external_links>

</external_links>
<country>IT</country>
<main_image>http://espresso.repubblica.it/polopoly_fs/1.291582.1482168997!/httpImage/image.png_gen/derivatives/articolo_222/image.png</main_image>
</document>
