<?xml version="1.0" encoding="UTF-8"?>
<document>
<type>mainstream</type>
<forum></forum>
<forum_title></forum_title>
<discussion_title>On-a-Roll Lifter Spinner | PrintingNews.com</discussion_title>
<language>english</language>
<gmt_offset></gmt_offset>
<topic_url>http://www.printingnews.com/product/12288894/foster-on-a-roll-lifter-spinner</topic_url>
<topic_text>
| Share | Share 
Foster announced the immediate availability of the Foster On-a-Roll Lifter Spinner, the latest in the Foster line of material handling equipment. Designed specifically for use by converters, package printers, and label manufacturers, the Spinner lifter enables a single operator to safely and easily load rolls. The two roller shafts allow the operator to spin the roll into the proper position for a production run. For roll unloading, the roll is spun in the opposite direction to break the friction lock.Announcing the new lifter, Foster CEO Ted Borowsky said, &quot;Media rolls are bigger and heavier as mills and converters seek to make their production workflow more efficient. These larger rolls are heavy and unwieldy for operators and warehouse personnel to handle. Our new Foster On-a-Roll Lifter Spinner can accommodate rolls as wide as 61 inches (1500mm), with diameters as great as 24 inches (610mm). With it, a single operator can safely manipulate media rolls in shops with limited floor space and can quickly and single-handedly position fresh rolls for quick and easy mounting and unloading. It is available from Foster dealers around the world.&quot; Continue Reading 
</topic_text>
<spam_score>0.20</spam_score>
<post_num>1</post_num>
<post_id>post-1</post_id>
<post_url>http://www.printingnews.com/product/12288894/foster-on-a-roll-lifter-spinner</post_url>
<post_date>20161216</post_date>
<post_time></post_time>
<username></username>
<post>
| Share | Share 
Foster announced the immediate availability of the Foster On-a-Roll Lifter Spinner, the latest in the Foster line of material handling equipment. Designed specifically for use by converters, package printers, and label manufacturers, the Spinner lifter enables a single operator to safely and easily load rolls. The two roller shafts allow the operator to spin the roll into the proper position for a production run. For roll unloading, the roll is spun in the opposite direction to break the friction lock.Announcing the new lifter, Foster CEO Ted Borowsky said, &quot;Media rolls are bigger and heavier as mills and converters seek to make their production workflow more efficient. These larger rolls are heavy and unwieldy for operators and warehouse personnel to handle. Our new Foster On-a-Roll Lifter Spinner can accommodate rolls as wide as 61 inches (1500mm), with diameters as great as 24 inches (610mm). With it, a single operator can safely manipulate media rolls in shops with limited floor space and can quickly and single-handedly position fresh rolls for quick and easy mounting and unloading. It is available from Foster dealers around the world.&quot; Continue Reading 
</post>
<signature>

</signature>
<external_links>

</external_links>
<country>US</country>
<main_image>http://r1.printingnews.com/files/base/CGN/image/2016/12/16x9/1280x720/Spinner_with_Roll_1.5858440c7205d.jpg</main_image>
</document>
