<?xml version="1.0" encoding="UTF-8"?>
<document>
<type>mainstream</type>
<forum>http://www.nieuws.be/rss/nieuws/Regio.rss</forum>
<forum_title>Nieuws.be - Rubriek &apos;Regio&apos;</forum_title>
<discussion_title>Kerstconcert in Kerk De Verrezen Heer</discussion_title>
<language>dutch</language>
<gmt_offset></gmt_offset>
<topic_url>http://www.nieuws.be/nieuws/Kerstconcert_in_Kerk_De_Verrezen_Heer_14be179b.aspx</topic_url>
<topic_text>
Kerstconcert in Kerk De Verrezen Heer Chris Van de Velde, voorzitter van de Berchemse seniorenraad, vertelde dat hij problemen had met zijn gsm en plots een stem hoorde die hem zei dat hij om de ware geest van Kerstmis te vinden een Kerstconcert moest organiseren voor de senioren van Berchem. Lees meer » dinsdag 20 dec 00u04
</topic_text>
<spam_score>0.00</spam_score>
<post_num>1</post_num>
<post_id>post-1</post_id>
<post_url>http://www.nieuws.be/nieuws/Kerstconcert_in_Kerk_De_Verrezen_Heer_14be179b.aspx</post_url>
<post_date>20161219</post_date>
<post_time>2304</post_time>
<username>Nieuws.be</username>
<post>
Kerstconcert in Kerk De Verrezen Heer Chris Van de Velde, voorzitter van de Berchemse seniorenraad, vertelde dat hij problemen had met zijn gsm en plots een stem hoorde die hem zei dat hij om de ware geest van Kerstmis te vinden een Kerstconcert moest organiseren voor de senioren van Berchem. Lees meer » dinsdag 20 dec 00u04
</post>
<signature>

</signature>
<external_links>

</external_links>
<country>BE</country>
<main_image></main_image>
</document>
