<?xml version="1.0" encoding="UTF-8"?>
<document>
<type>mainstream</type>
<forum>http://rostovnadonu.bezformata.ru/rss.xml</forum>
<forum_title>Новости города БезФормата.Ru Ростовская область Ростов-на-Дону</forum_title>
<discussion_title>В Ростове мужчина до смерти забил своего пожилого отца</discussion_title>
<language>russian</language>
<gmt_offset></gmt_offset>
<topic_url>http://rostovnadonu.bezformata.ru/listnews/zabil-svoego-pozhilogo-ottca/53373572/</topic_url>
<topic_text>
В Ростове мужчина до смерти забил своего пожилого отца В Ростове 41-летний мужчина подозревается в убийстве своего пожилого отца. 14 декабря ростовчанин пришел в гости к своему 67-летнему отцу, с которым он длительное время конфликтовал. Мужчины вместе стали распивать спиртное. Во время застолья между ними произошла ссора. - Во время конфликта житель Ростова нанес множественные удары руками и ногами по голове и телу пенсионера. Пострадавший получил черепно-мозговую травму с ушибом головного мозга, а также переломы ребер, - рассказали в Следственном управлении Ростовской области. - От полученных травм пожилой мужчина впоследствии скончался. Подозреваемый в убийстве собственного отца был задержан сотрудниками полиции. В отношении него возбуждено уголовное дело по статье « Умышленное причинение тяжкого вреда здоровью, повлекшее по неосторожности смерть потерпевшего ». Ростовчанин заключен под стражу.
</topic_text>
<spam_score>0.00</spam_score>
<post_num>1</post_num>
<post_id>post-1</post_id>
<post_url>http://rostovnadonu.bezformata.ru/listnews/zabil-svoego-pozhilogo-ottca/53373572/</post_url>
<post_date>20161219</post_date>
<post_time>1933</post_time>
<username></username>
<post>
В Ростове мужчина до смерти забил своего пожилого отца В Ростове 41-летний мужчина подозревается в убийстве своего пожилого отца. 14 декабря ростовчанин пришел в гости к своему 67-летнему отцу, с которым он длительное время конфликтовал. Мужчины вместе стали распивать спиртное. Во время застолья между ними произошла ссора. - Во время конфликта житель Ростова нанес множественные удары руками и ногами по голове и телу пенсионера. Пострадавший получил черепно-мозговую травму с ушибом головного мозга, а также переломы ребер, - рассказали в Следственном управлении Ростовской области. - От полученных травм пожилой мужчина впоследствии скончался. Подозреваемый в убийстве собственного отца был задержан сотрудниками полиции. В отношении него возбуждено уголовное дело по статье « Умышленное причинение тяжкого вреда здоровью, повлекшее по неосторожности смерть потерпевшего ». Ростовчанин заключен под стражу.
</post>
<signature>

</signature>
<external_links>

</external_links>
<country>RU</country>
<main_image></main_image>
</document>
