<?xml version="1.0" encoding="UTF-8"?>
<document>
<type>mainstream</type>
<forum>http://rostovnadonu.bezformata.ru/rss.xml</forum>
<forum_title>Новости города БезФормата.Ru Ростовская область Ростов-на-Дону</forum_title>
<discussion_title>Шахтинцы могут получить 30% скидку на оплату госпошлины</discussion_title>
<language>russian</language>
<gmt_offset></gmt_offset>
<topic_url>http://shahti.bezformata.ru/listnews/poluchit-30-skidku-na-oplatu-gosposhlini/53373479/</topic_url>
<topic_text>
Фото: kvu.su 
Данную скидку жители Ростовской области смогут получить при оплате госпошлины через портал госуслуг с 1 января 2017 года. 
Госпошлина на госуслуги снизится на 30%, которые были заказаны в электронном виде. Соответствующий документ подписан президентом РФ. Оплата пошлины на интернет-портале будет производиться по льготному тарифу, даже если результаты данных услуг выдаются в физической форме. Например, с 30% скидкой можно будет оформить российский и загранпаспорт, зарегистрировать автомобиль или подать заявление на заключение брака. Напомним, что в настоящее время, жители области могут получить государственные и муниципальные услуги различными способами - с помощью портала госуслуг, через МФЦ или при личном обращении в органы власти, сообщает пресс-служба правительства Ростовской области.
</topic_text>
<spam_score>0.00</spam_score>
<post_num>1</post_num>
<post_id>post-1</post_id>
<post_url>http://shahti.bezformata.ru/listnews/poluchit-30-skidku-na-oplatu-gosposhlini/53373479/</post_url>
<post_date>20161219</post_date>
<post_time>1908</post_time>
<username></username>
<post>
Фото: kvu.su 
Данную скидку жители Ростовской области смогут получить при оплате госпошлины через портал госуслуг с 1 января 2017 года. 
Госпошлина на госуслуги снизится на 30%, которые были заказаны в электронном виде. Соответствующий документ подписан президентом РФ. Оплата пошлины на интернет-портале будет производиться по льготному тарифу, даже если результаты данных услуг выдаются в физической форме. Например, с 30% скидкой можно будет оформить российский и загранпаспорт, зарегистрировать автомобиль или подать заявление на заключение брака. Напомним, что в настоящее время, жители области могут получить государственные и муниципальные услуги различными способами - с помощью портала госуслуг, через МФЦ или при личном обращении в органы власти, сообщает пресс-служба правительства Ростовской области.
</post>
<signature>

</signature>
<external_links>

</external_links>
<country>RU</country>
<main_image>http://shahti.bezformata.ru/content/image223114602.jpg</main_image>
</document>
