<?xml version="1.0" encoding="UTF-8"?>
<document>
<type>mainstream</type>
<forum>https://www.prbuzz.com/education.html</forum>
<forum_title>Education</forum_title>
<discussion_title>Periodic Table 3D Puzzle Building Blocks for Boys and Girls By NimNik Available in Amazon</discussion_title>
<language>english</language>
<gmt_offset>-6</gmt_offset>
<topic_url>https://www.prbuzz.com/education/401192-periodic-table-3d-puzzle-building-blocks-for-boys-and-girls-by-nimnik-available-in-amazon.html</topic_url>
<topic_text>
NimNik Enterprise has a new fun and challenging 3D building blocks for kids. It is a Periodic Table 3D puzzle building blocks with 60 pieces.
These 3D puzzle Building Blocks make kids identify colors and shapes and improve their imagination, creativity, motor skills and others. This is a perfect gift for any occasions and it is for only $14.99. Kids will enjoy creating a master piece with this because they can make many shapes, thereby letting them created things like buildings. They can make other designs out of the game toy developing their ability on building something new with their bare hands while playing.
Periodic Table 3D puzzle Building Blocks is made out of non-toxic ABS plastic food grade material, which is safe for children even pre-schoolers. This makes the product safe and the parents will have a peace of mind while watching or playing with their kids. Soft edges are included too for those little hands to play.
Christmas is nearly here, many parents are already wondering what to give as a gift to their kids. Well, this 3D puzzle building block from NimNik is an ideal gift for children. It is a combination of fun while learning to develop intellectual analysis and creativity. Everyone can enjoy this 3D puzzle building block, even teenagers.
This puzzle includes 60 pieces with 6 molecules each in blue, red, green and yellow. To connect these molecules together, Periodic Table 3D Puzzle Building Blocks contains 36 plastic sticks. Its launch price comes with free shipping on orders over $49. For more details on this newly launch game toy from NimNik visit their Amazon store, Instagram Page and Shopify website.
About NimNik Enterprise:
CEO/Sales Manager - Katie Green
Email Address: This email address is being protected from spambots. You need JavaScript enabled to view it.
</topic_text>
<spam_score>0.00</spam_score>
<post_num>1</post_num>
<post_id>post-1</post_id>
<post_url>https://www.prbuzz.com/education/401192-periodic-table-3d-puzzle-building-blocks-for-boys-and-girls-by-nimnik-available-in-amazon.html</post_url>
<post_date>20161220</post_date>
<post_time></post_time>
<username>prbuzz.com</username>
<post>
NimNik Enterprise has a new fun and challenging 3D building blocks for kids. It is a Periodic Table 3D puzzle building blocks with 60 pieces.
These 3D puzzle Building Blocks make kids identify colors and shapes and improve their imagination, creativity, motor skills and others. This is a perfect gift for any occasions and it is for only $14.99. Kids will enjoy creating a master piece with this because they can make many shapes, thereby letting them created things like buildings. They can make other designs out of the game toy developing their ability on building something new with their bare hands while playing.
Periodic Table 3D puzzle Building Blocks is made out of non-toxic ABS plastic food grade material, which is safe for children even pre-schoolers. This makes the product safe and the parents will have a peace of mind while watching or playing with their kids. Soft edges are included too for those little hands to play.
Christmas is nearly here, many parents are already wondering what to give as a gift to their kids. Well, this 3D puzzle building block from NimNik is an ideal gift for children. It is a combination of fun while learning to develop intellectual analysis and creativity. Everyone can enjoy this 3D puzzle building block, even teenagers.
This puzzle includes 60 pieces with 6 molecules each in blue, red, green and yellow. To connect these molecules together, Periodic Table 3D Puzzle Building Blocks contains 36 plastic sticks. Its launch price comes with free shipping on orders over $49. For more details on this newly launch game toy from NimNik visit their Amazon store, Instagram Page and Shopify website.
About NimNik Enterprise:
CEO/Sales Manager - Katie Green
Email Address: This email address is being protected from spambots. You need JavaScript enabled to view it.
</post>
<signature>

</signature>
<external_links>
<external_link>http://www.amazon.com/exec/obidos/ASIN/B01LYP82A8</external_link><external_link>https://instagram.com/nimnikbaby</external_link>
</external_links>
<country>US</country>
<main_image></main_image>
</document>
