<?xml version="1.0" encoding="UTF-8"?>
<document>
<type>mainstream</type>
<forum>http://bonde.com.br//rss</forum>
<forum_title>Bonde. O seu portal</forum_title>
<discussion_title>Por 90 dias</discussion_title>
<language>portuguese</language>
<gmt_offset></gmt_offset>
<topic_url>http://www.bonde.com.br/bondenews/londrina/cmtu-anuncia-nova-empresa-para-a-coleta-do-lixo-domiciliar-430174.html</topic_url>
<topic_text>
- 19/12/2016 -- 19:36 Segundo a Companhia Municipal de Trânsito e Urbanização de Londrina (CMTU-LD), a mudança se deu após a empresa Paviservice, titular, ter protocolado ofício no dia 8/12, alegando não ter interesse em prorrogar o contrato a partir do dia 19 com valores inferiores a R$ 155,00 a tonelada. Por considerar a continuidade da coleta do lixo domiciliar essencial para a cidade, a Companhia deu início ao processo de cotação emergencial, o qual obteve o retorno de seis empresas interessadas. Dentre as duas melhores propostas apresentadas, a de menor preço foi desclassificada por não ter utilizado os valores do acordo coletivo de Londrina para categoria. Assim, a empresa vencedora, Kurica, irá operar o serviço por R$ 134,97 a tonelada, com uma economia de 20% em comparação ao valor apresentado pela Paviservice nesta mesma cotação, com preço de R$ 169,00 a tonelada. A nova contratada trabalhará com 18 caminhões, sendo dois a mais do que a frota até então. Para José Carlos Bruno de Oliveira, presidente da CMTU, o objetivo é manter a qualidade do serviço prestado, em especial neste momento de férias e festas de final de ano, em que o consumo tende a crescer. &quot;Além da economia neste contrato provisório, salientamos a garantia de que os funcionários serão reaproveitados pela Kurica, tendo a segurança de manter o emprego e a renda dos trabalhadores durante essa transição&quot;, explica. Facebook que interagiram com as notícias no Bonde
</topic_text>
<spam_score>0.00</spam_score>
<post_num>1</post_num>
<post_id>post-1</post_id>
<post_url>http://www.bonde.com.br/bondenews/londrina/cmtu-anuncia-nova-empresa-para-a-coleta-do-lixo-domiciliar-430174.html</post_url>
<post_date>20161219</post_date>
<post_time>1936</post_time>
<username></username>
<post>
- 19/12/2016 -- 19:36 Segundo a Companhia Municipal de Trânsito e Urbanização de Londrina (CMTU-LD), a mudança se deu após a empresa Paviservice, titular, ter protocolado ofício no dia 8/12, alegando não ter interesse em prorrogar o contrato a partir do dia 19 com valores inferiores a R$ 155,00 a tonelada. Por considerar a continuidade da coleta do lixo domiciliar essencial para a cidade, a Companhia deu início ao processo de cotação emergencial, o qual obteve o retorno de seis empresas interessadas. Dentre as duas melhores propostas apresentadas, a de menor preço foi desclassificada por não ter utilizado os valores do acordo coletivo de Londrina para categoria. Assim, a empresa vencedora, Kurica, irá operar o serviço por R$ 134,97 a tonelada, com uma economia de 20% em comparação ao valor apresentado pela Paviservice nesta mesma cotação, com preço de R$ 169,00 a tonelada. A nova contratada trabalhará com 18 caminhões, sendo dois a mais do que a frota até então. Para José Carlos Bruno de Oliveira, presidente da CMTU, o objetivo é manter a qualidade do serviço prestado, em especial neste momento de férias e festas de final de ano, em que o consumo tende a crescer. &quot;Além da economia neste contrato provisório, salientamos a garantia de que os funcionários serão reaproveitados pela Kurica, tendo a segurança de manter o emprego e a renda dos trabalhadores durante essa transição&quot;, explica. Facebook que interagiram com as notícias no Bonde
</post>
<signature>

</signature>
<external_links>

</external_links>
<country>BR</country>
<main_image>http://www.bonde.com.br/img/bondenews/2016/12/img_1_3_3220.jpg</main_image>
</document>
