<?xml version="1.0" encoding="UTF-8"?>
<document>
<type>mainstream</type>
<forum>http://news.rambler.ru/rss/europe/</forum>
<forum_title>Европа — Рамблер/новости</forum_title>
<discussion_title>Франция усилит меры безопасности на рождественских ярмарках после инцидента в Берлине</discussion_title>
<language>russian</language>
<gmt_offset></gmt_offset>
<topic_url>https://news.rambler.ru/europe/35632487-frantsiya-usilit-mery-bezopasnosti-na-rozhdestvenskih-yarmarkah-posle-intsidenta-v-berline/</topic_url>
<topic_text>
Фото: Сетевое издание m24.ru Франция усилит меры безопасности на рождественских ярмарках, сообщило министерство внутренних дел страны. «Все силы безопасности будут находиться на максимальном уровне готовности. Безопасность на рождественских ярмарках немедленно будет усилена», - указывается в заявлении французского министерства внутренних дел. Ранее в Берлине грузовик въехал в толпу на рождественской ярмарке. В результате погибли девять человек, около 50 были ранены.
</topic_text>
<spam_score>0.00</spam_score>
<post_num>1</post_num>
<post_id>post-1</post_id>
<post_url>https://news.rambler.ru/europe/35632487-frantsiya-usilit-mery-bezopasnosti-na-rozhdestvenskih-yarmarkah-posle-intsidenta-v-berline/</post_url>
<post_date>20161219</post_date>
<post_time>2050</post_time>
<username>Rambler News Service</username>
<post>
Фото: Сетевое издание m24.ru Франция усилит меры безопасности на рождественских ярмарках, сообщило министерство внутренних дел страны. «Все силы безопасности будут находиться на максимальном уровне готовности. Безопасность на рождественских ярмарках немедленно будет усилена», - указывается в заявлении французского министерства внутренних дел. Ранее в Берлине грузовик въехал в толпу на рождественской ярмарке. В результате погибли девять человек, около 50 были ранены.
</post>
<signature>

</signature>
<external_links>

</external_links>
<country>RU</country>
<main_image>https://news.rambler.ru/share/snippets/35632487/33e58f10fc4a2a5608d548a10f8734b4.png</main_image>
</document>
