<?xml version="1.0" encoding="UTF-8"?>
<document>
<type>mainstream</type>
<forum></forum>
<forum_title></forum_title>
<discussion_title>Rob Kardashian s emotional apology to Blac Chyna Yahoo7 Be - Yahoo7</discussion_title>
<language>english</language>
<gmt_offset></gmt_offset>
<topic_url>https://au.be.yahoo.com/entertainment/celebrity/a/33614387/rob-kardashians-emotional-apology-to-blac-chyna-yahoo7-be/</topic_url>
<topic_text>
Share Rob Kardashian s emotional apology to Blac Chyna Yahoo7 Be - Yahoo7 
Rob Kardashian has posted a candid and emotional apology saying he will be&quot;seeking help&quot; following an eventful weekend after fiancee Blac Chyna left him with their newborn daughter Dream. Blac Chyna Rob Kardashian Break Up OFFICIAL - Every SHOCKING Detail on the Instagram Hack UP NEXT 
Sharing a photo of himself with Chyna on Instagram, the 29-year-old apologised for his behaviour adding he was in an &quot;emotional bad space&quot;. Rob&apos;s latest Instagram post. Source: Instagram 
&quot;This weekend I was in an emotional bad place and did some things that embarrassed myself and my family,&quot; Rob wrote alongside the photo. 
&quot;I apologize and I&apos;m seeking help to deal with my flaws/issues. Please pray for me and I&apos;m sorry @blacchyna. You are a great mother to our child and I love you.&quot; 
Chyna, who gave birth to the couple&apos;s daughter Dream last month, seemingly accepted Rob&apos;s apology, reposting his original message to her own Instagram account. 
Shortly afterwards Rob also shared another photo to Instagram, this time of his daughter during bath time. The reality star also shared this photo of daughter Dream. Source: Instagram 
&quot;I am going to get better for you Dream. You are my life and gave me a new start on being a better me. Love you,&quot; he captioned the snap. 
Tensions between the couple boiled over when Chyna&apos;s Instagram was allegedly hacked over the weekend and text messages between herself, her lawyer, Jaden Smith and rapper Young Thug were revealed. 
In the conversations, Chyna allegedly refers to Rob as &quot;lazy,&quot; &quot;fat&quot; and &quot;insecure&quot; while also adding she would leave him after a year if he didn&apos;t sort himself out. 
Rob retaliated, calling Chyna out on his own social media platforms, uploading videos of Dream&apos;s empty nursery and claiming Chyna took off with their daughter. Source: Instagram. Source: Instagram. Blac Chyna left Rob over the weekend. Source: Getty Images. 
In a Snapchat video, Rob says: “So, I get home, and Chyna took the baby, took the whole nursery we built, and Chyna took everything that we built for the nursery for baby Dream, and she left and she just left me alone and took the baby. 
“My baby girl is 1 month old and Chyna took her and left this beautiful home that I just bought for us,” Kardashian said. 
“This is a woman I fought my entire family for. I was in love with this woman to the fullest and I was none of that to her.” 
Things only escalated when the two starting lashing out at one another on Instagram on Monday. 
</topic_text>
<spam_score>0.99</spam_score>
<post_num>1</post_num>
<post_id>post-1</post_id>
<post_url>https://au.be.yahoo.com/entertainment/celebrity/a/33614387/rob-kardashians-emotional-apology-to-blac-chyna-yahoo7-be/</post_url>
<post_date>20161220</post_date>
<post_time></post_time>
<username>Amy Stevenson</username>
<post>
Share Rob Kardashian s emotional apology to Blac Chyna Yahoo7 Be - Yahoo7 
Rob Kardashian has posted a candid and emotional apology saying he will be&quot;seeking help&quot; following an eventful weekend after fiancee Blac Chyna left him with their newborn daughter Dream. Blac Chyna Rob Kardashian Break Up OFFICIAL - Every SHOCKING Detail on the Instagram Hack UP NEXT 
Sharing a photo of himself with Chyna on Instagram, the 29-year-old apologised for his behaviour adding he was in an &quot;emotional bad space&quot;. Rob&apos;s latest Instagram post. Source: Instagram 
&quot;This weekend I was in an emotional bad place and did some things that embarrassed myself and my family,&quot; Rob wrote alongside the photo. 
&quot;I apologize and I&apos;m seeking help to deal with my flaws/issues. Please pray for me and I&apos;m sorry @blacchyna. You are a great mother to our child and I love you.&quot; 
Chyna, who gave birth to the couple&apos;s daughter Dream last month, seemingly accepted Rob&apos;s apology, reposting his original message to her own Instagram account. 
Shortly afterwards Rob also shared another photo to Instagram, this time of his daughter during bath time. The reality star also shared this photo of daughter Dream. Source: Instagram 
&quot;I am going to get better for you Dream. You are my life and gave me a new start on being a better me. Love you,&quot; he captioned the snap. 
Tensions between the couple boiled over when Chyna&apos;s Instagram was allegedly hacked over the weekend and text messages between herself, her lawyer, Jaden Smith and rapper Young Thug were revealed. 
In the conversations, Chyna allegedly refers to Rob as &quot;lazy,&quot; &quot;fat&quot; and &quot;insecure&quot; while also adding she would leave him after a year if he didn&apos;t sort himself out. 
Rob retaliated, calling Chyna out on his own social media platforms, uploading videos of Dream&apos;s empty nursery and claiming Chyna took off with their daughter. Source: Instagram. Source: Instagram. Blac Chyna left Rob over the weekend. Source: Getty Images. 
In a Snapchat video, Rob says: “So, I get home, and Chyna took the baby, took the whole nursery we built, and Chyna took everything that we built for the nursery for baby Dream, and she left and she just left me alone and took the baby. 
“My baby girl is 1 month old and Chyna took her and left this beautiful home that I just bought for us,” Kardashian said. 
“This is a woman I fought my entire family for. I was in love with this woman to the fullest and I was none of that to her.” 
Things only escalated when the two starting lashing out at one another on Instagram on Monday. 
</post>
<signature>

</signature>
<external_links>

</external_links>
<country>US</country>
<main_image>https://s.yimg.com/iu/api/res/1.2/KE8PZIcvykq1vYV7CsymyQ--/YXBwaWQ9eXZpZGVvO3E9NzA7bj0xO2ZpbGw7cm90YXRlPWF1dG8-/https://s.yimg.com/ea/img/-/161220/58584b9049b72_891hero_landscape.jpg</main_image>
</document>
