<?xml version="1.0" encoding="UTF-8"?>
<document>
<type>mainstream</type>
<forum>http://paginanoticias.com/topnewsRSS.php</forum>
<forum_title>Una Página de Noticias - titulares principales</forum_title>
<discussion_title>Henry Heimlich, el médico estadounidense que salvó miles de vidas con una maniobra que todos podemos hacer</discussion_title>
<language>spanish</language>
<gmt_offset></gmt_offset>
<topic_url>http://www.paginanoticias.com/n/Destacados/759xp0ldu/Henry-Heimlich-el-médico-estadounidense-que-salvó-miles.htm</topic_url>
<topic_text>
Henry Heimlich, el médico estadounidense que salvó miles de vidas con una maniobra que todos podemos hacer   10 horas ) Alarmado por la cantidad de muertes por asfixia accidental, este cirujano torácico fallecido el fin de semana desarrolló un método muy simple para desatorarnos y permitirnos volver a respirar. Hoy día, su procedimiento se sigue usando con éxito.
</topic_text>
<spam_score>0.00</spam_score>
<post_num>1</post_num>
<post_id>post-1</post_id>
<post_url>http://www.paginanoticias.com/n/Destacados/759xp0ldu/Henry-Heimlich-el-médico-estadounidense-que-salvó-miles.htm</post_url>
<post_date>20161219</post_date>
<post_time>1427</post_time>
<username></username>
<post>
Henry Heimlich, el médico estadounidense que salvó miles de vidas con una maniobra que todos podemos hacer   10 horas ) Alarmado por la cantidad de muertes por asfixia accidental, este cirujano torácico fallecido el fin de semana desarrolló un método muy simple para desatorarnos y permitirnos volver a respirar. Hoy día, su procedimiento se sigue usando con éxito.
</post>
<signature>

</signature>
<external_links>

</external_links>
<country>US</country>
<main_image>http://cdnes.newsserve.net/ONPglobe128.png</main_image>
</document>
