<?xml version="1.0" encoding="UTF-8"?>
<document>
<type>mainstream</type>
<forum>http://mmm.dk/feed</forum>
<forum_title>Mmm.dk</forum_title>
<discussion_title>20. december: Vind hele serien &quot;ABANDONED&quot;</discussion_title>
<language>danish</language>
<gmt_offset></gmt_offset>
<topic_url>http://mmm.dk/julekalender/20-december-vind-hele-serien-abandoned</topic_url>
<topic_text>
Julekalender 20. december: Vind hele serien &quot;ABANDONED&quot; Hvad skete der med de mennesker, som arbejde, boede og havde et liv her? Det prøver de her bøger at fortælle dig 20. december 2016 af Simone K. Hansen 
Præmien den 20. december i M!s store julekalender består af af vol. 1 , vol. 2 og vol. 3 i serien &quot;ABANDONED&quot;, skrevet af Elhøj og Kirckhoff . 
Igennem 8 år har Elhøj og Kirckhoff besøgt mere end 1.000 forladte steder rundt om i verden, bl.a. Rusland, Sri Lanka, USA og adskillige europæiske lande. Her har de rejst kun med deres fotoudstyr og sovepose, og har overnattet de vildeste steder for at dokumentere det. De her tre bøger giver dig spektakulære billeder fra rejser rundt om i verden, og du bliver blown away! Det her er gaven til manden, der troede, han havde alt. 
Alt, du skal gøre for at deltage i konkurrencen, er at svare rigtig på nedenstående spørgsmål. Konkurrencen er aktiv i dag, den 9. december, og har en samlet værdi af 900 kroner. Vinderen får direkte besked. 
Der mangler lige et par detaljer... Hvor længe har Elhøj og Kirckhoff fotograferet forladte steder? 8 dage
</topic_text>
<spam_score>0.00</spam_score>
<post_num>1</post_num>
<post_id>post-1</post_id>
<post_url>http://mmm.dk/julekalender/20-december-vind-hele-serien-abandoned</post_url>
<post_date>20161219</post_date>
<post_time>2301</post_time>
<username></username>
<post>
Julekalender 20. december: Vind hele serien &quot;ABANDONED&quot; Hvad skete der med de mennesker, som arbejde, boede og havde et liv her? Det prøver de her bøger at fortælle dig 20. december 2016 af Simone K. Hansen 
Præmien den 20. december i M!s store julekalender består af af vol. 1 , vol. 2 og vol. 3 i serien &quot;ABANDONED&quot;, skrevet af Elhøj og Kirckhoff . 
Igennem 8 år har Elhøj og Kirckhoff besøgt mere end 1.000 forladte steder rundt om i verden, bl.a. Rusland, Sri Lanka, USA og adskillige europæiske lande. Her har de rejst kun med deres fotoudstyr og sovepose, og har overnattet de vildeste steder for at dokumentere det. De her tre bøger giver dig spektakulære billeder fra rejser rundt om i verden, og du bliver blown away! Det her er gaven til manden, der troede, han havde alt. 
Alt, du skal gøre for at deltage i konkurrencen, er at svare rigtig på nedenstående spørgsmål. Konkurrencen er aktiv i dag, den 9. december, og har en samlet værdi af 900 kroner. Vinderen får direkte besked. 
Der mangler lige et par detaljer... Hvor længe har Elhøj og Kirckhoff fotograferet forladte steder? 8 dage
</post>
<signature>

</signature>
<external_links>

</external_links>
<country>DK</country>
<main_image>https://images.interactives.dk/skaermbillede-2016-12-16-kl-14-30-57-D8oXcOBZdaQFTa1F43v2hg.png</main_image>
</document>
