<?xml version="1.0" encoding="UTF-8"?>
<document>
<type>mainstream</type>
<forum>http://wartakota.tribunnews.com/rss</forum>
<forum_title>Wartakota</forum_title>
<discussion_title>Dubes Rusia di Turki Tewas Ditembak Teroris</discussion_title>
<language>indonesian</language>
<gmt_offset></gmt_offset>
<topic_url>http://wartakota.tribunnews.com/2016/12/20/dubes-rusia-di-turki-tewas-ditembak-teroris</topic_url>
<topic_text>
Dubes Rusia di Turki Tewas Ditembak Teroris Seorang pria bersenjata menembak mati Duta Besar Rusia untuk Turki Andrei Karlov. Selasa, 20 Desember 2016 05:53 AP PHOTO Duta Besar Rusia untuk Turki Andrei Karlov. 
WARTA KOTA, PALMERAH-- Seorang pria bersenjata menembak mati Duta Besar Rusia untuk Turki Andrei Karlov. 
Menurut Kantor Berita Turki Anadolu, saat itu, Karlov tengah menyampaikan pidato di podium saat pembukaan pameran foto bertajuk &quot;Rusia dari Pandangan Orang-orang Turki &quot; di Gedung Cagdas Senat Merkezi, Ankara, Senin (19/12/2016). 
Tiba-tiba, salah satu tamu di acara tersebut mengeluarkan pistol lalu menembak sang duta besar. 
Pelaku dilumpuhkan. Karlov sempat dilarikan ke rumah sakit terdekat, namun nyawanya tak tertolong. 
&quot;Terorisme tidak akan lolos! Kami akan melawannya sekuat tenaga. Diplomat Rusia yang menonjol, salah satu orang yang bekerja begitu keras untuk kontraterorisme akan selalu di hati kami selamanya,&quot; demikian pernyataan juru bicara Kementerian Luar Negeri Rusia Maria Zakharova. 
Dalam serial foto yang dipublikasikan kantor berita Associated Press, tampak seorang pria berdiri dengan mengangkat pistol di tangan kanannya. 
Sementara di sebelahnya tubuh duta besar yang telah ambruk. 
Meski wajah pria yang membawa pistol terekam jelas dalam foto, hingga sekarang belum dapat dikonfirmasi identitas pelaku penembakan. Laporan hanya menyebutkan polisi telah melumpuhkan pelaku, tanpa informasi lebih rinci. 
Terlalu dini menyimpulkan motif pelaku. Namun, insiden penembakan terhadap pejabat Rusia ini terjadi sehari setelah untuk rasa di Turki yang menentang campur tangan Rusia dalam konflik di Aleppo, Suriah. 
Pelaku diduga masuk galeri menggunakan kartu identitas polisi. 
Rusia bersama Iran adalah pendukung kuat Presiden Suriah Bashar al-Assad untuk menekan kelompok oposisi yang sebelumnya menguasai Aleppo Timur. 
Konflik di Suriah memanas lagi dalam beberapa hari terakhir setelah Assad mengambil alih kembali Aleppo Timur dari penguasaan kelompok oposisi. Ikuti kami di
</topic_text>
<spam_score>0.00</spam_score>
<post_num>1</post_num>
<post_id>post-1</post_id>
<post_url>http://wartakota.tribunnews.com/2016/12/20/dubes-rusia-di-turki-tewas-ditembak-teroris</post_url>
<post_date>20161219</post_date>
<post_time>2253</post_time>
<username></username>
<post>
Dubes Rusia di Turki Tewas Ditembak Teroris Seorang pria bersenjata menembak mati Duta Besar Rusia untuk Turki Andrei Karlov. Selasa, 20 Desember 2016 05:53 AP PHOTO Duta Besar Rusia untuk Turki Andrei Karlov. 
WARTA KOTA, PALMERAH-- Seorang pria bersenjata menembak mati Duta Besar Rusia untuk Turki Andrei Karlov. 
Menurut Kantor Berita Turki Anadolu, saat itu, Karlov tengah menyampaikan pidato di podium saat pembukaan pameran foto bertajuk &quot;Rusia dari Pandangan Orang-orang Turki &quot; di Gedung Cagdas Senat Merkezi, Ankara, Senin (19/12/2016). 
Tiba-tiba, salah satu tamu di acara tersebut mengeluarkan pistol lalu menembak sang duta besar. 
Pelaku dilumpuhkan. Karlov sempat dilarikan ke rumah sakit terdekat, namun nyawanya tak tertolong. 
&quot;Terorisme tidak akan lolos! Kami akan melawannya sekuat tenaga. Diplomat Rusia yang menonjol, salah satu orang yang bekerja begitu keras untuk kontraterorisme akan selalu di hati kami selamanya,&quot; demikian pernyataan juru bicara Kementerian Luar Negeri Rusia Maria Zakharova. 
Dalam serial foto yang dipublikasikan kantor berita Associated Press, tampak seorang pria berdiri dengan mengangkat pistol di tangan kanannya. 
Sementara di sebelahnya tubuh duta besar yang telah ambruk. 
Meski wajah pria yang membawa pistol terekam jelas dalam foto, hingga sekarang belum dapat dikonfirmasi identitas pelaku penembakan. Laporan hanya menyebutkan polisi telah melumpuhkan pelaku, tanpa informasi lebih rinci. 
Terlalu dini menyimpulkan motif pelaku. Namun, insiden penembakan terhadap pejabat Rusia ini terjadi sehari setelah untuk rasa di Turki yang menentang campur tangan Rusia dalam konflik di Aleppo, Suriah. 
Pelaku diduga masuk galeri menggunakan kartu identitas polisi. 
Rusia bersama Iran adalah pendukung kuat Presiden Suriah Bashar al-Assad untuk menekan kelompok oposisi yang sebelumnya menguasai Aleppo Timur. 
Konflik di Suriah memanas lagi dalam beberapa hari terakhir setelah Assad mengambil alih kembali Aleppo Timur dari penguasaan kelompok oposisi. Ikuti kami di
</post>
<signature>

</signature>
<external_links>

</external_links>
<country>US</country>
<main_image>http://cdn2.tstatic.net/wartakota/foto/bank/images/20161220-duta-besar-rusia-untuk-turki-andrei-karlov_20161220_055154.jpg</main_image>
</document>
