<?xml version="1.0" encoding="UTF-8"?>
<document>
<type>mainstream</type>
<forum>http://whatsoninnorthyorks.co.uk/rss.php?mCatName=Films</forum>
<forum_title>What&apos;s On North Yorkshire, Films</forum_title>
<discussion_title>West Side Story</discussion_title>
<language>english</language>
<gmt_offset></gmt_offset>
<topic_url>http://whatsoninnorthyorks.co.uk/event/west-side-story/53219</topic_url>
<topic_text>
West Side Story Masham Town Hall A brand new restored print of Robert Wise and Jerome Robbins&apos;s classic 1961 musical, which collected a staggering 10 Oscars including Best Picture and Best Director (the first time this particular award was shared). This expertly choreographed spin on Romeo &amp; Juliet is set on the streets of New York City, where two rival gangs - the Jets and the Sharks - are embroiled in a bloody tug-of-war for supremacy. Tensions between the two camps ignite when Jets founder Tony (Richard Beymer) falls madly in love with pretty Puerto Rican immigrant, Maria (Natalie Wood), who is the sister of Sharks&apos; leader Bernardo (George Chakiris). Caught between the two feuding factions, Tony and Maria attempt to overcome years of hostility to continue their romance but the sins of the past invariably return to haunt the young lovers, their friends and family. Fifty years after Beymer first gushed, &quot;I&apos;ve just kissed a girl named Maria/And suddenly I&apos;ve found, how wonderful a sound can be&quot;, West Side Story still shakes and shimmies as one of the greatest movie musicals of all time. Robbins&apos;s choreography sizzles in widescreen, not least in the spectacular full cast rendition of &quot;America&quot;. Information
</topic_text>
<spam_score>0.00</spam_score>
<post_num>1</post_num>
<post_id>post-1</post_id>
<post_url>http://whatsoninnorthyorks.co.uk/event/west-side-story/53219</post_url>
<post_date>20161220</post_date>
<post_time>1200</post_time>
<username></username>
<post>
West Side Story Masham Town Hall A brand new restored print of Robert Wise and Jerome Robbins&apos;s classic 1961 musical, which collected a staggering 10 Oscars including Best Picture and Best Director (the first time this particular award was shared). This expertly choreographed spin on Romeo &amp; Juliet is set on the streets of New York City, where two rival gangs - the Jets and the Sharks - are embroiled in a bloody tug-of-war for supremacy. Tensions between the two camps ignite when Jets founder Tony (Richard Beymer) falls madly in love with pretty Puerto Rican immigrant, Maria (Natalie Wood), who is the sister of Sharks&apos; leader Bernardo (George Chakiris). Caught between the two feuding factions, Tony and Maria attempt to overcome years of hostility to continue their romance but the sins of the past invariably return to haunt the young lovers, their friends and family. Fifty years after Beymer first gushed, &quot;I&apos;ve just kissed a girl named Maria/And suddenly I&apos;ve found, how wonderful a sound can be&quot;, West Side Story still shakes and shimmies as one of the greatest movie musicals of all time. Robbins&apos;s choreography sizzles in widescreen, not least in the spectacular full cast rendition of &quot;America&quot;. Information
</post>
<signature>

</signature>
<external_links>

</external_links>
<country>GB</country>
<main_image>http://whatsoninthenortheast.co.uk/images/whatson-filler.jpg</main_image>
</document>
