<?xml version="1.0" encoding="UTF-8"?>
<document>
<type>mainstream</type>
<forum>http://espresso.repubblica.it/rss?sezione=espresso</forum>
<forum_title>Rss l&apos;Espresso</forum_title>
<discussion_title>Sanremo è bugiardo</discussion_title>
<language>italian</language>
<gmt_offset></gmt_offset>
<topic_url>http://espresso.repubblica.it/opinioni/gli-antennati/2016/12/14/news/sanremo-e-bugiardo-1.290961</topic_url>
<topic_text>
Gli Antennati Sanremo è bugiardo Riparte l’attesa per il Festival, che sarà di nuovo condotto da Conti. Ma dietro l’apparente allegria, ci sono la tristezza e la crisi della musica italiana Ecco fatto: anche quest’anno si comincia a parlare del Festival di Sanremo. Protocollo quantomai scontato. Prima le indiscrezioni su chi saranno i ventidue cantanti principali in gara. A fianco i volti e modi impacciati dei giovani in corsa nella categoria delle nuove proposte. Poi la conferma dell’identità dei cosiddetti big e la celebrazione sugli organi ufficiali del gossip, digitali e cartacei, delle due regine di turno che affiancheranno Carlo Conti. Un corteo già da tempo in viaggio, con andamento pop, per giungere il 7 febbraio al teatro Ariston. Educazione vorrebbe che ci si facesse contagiare, almeno per gioco, da tale slancio organizzativo. In fondo trattasi di manifestazione che non fa male a nessuno. Anzi in teoria dovrebbe aiutare il popolo divanato a sorvolare sulle malinconie quotidiane. La sicurezza del signore e signori, o formula equivalente, quando si accendono i riflettori. Il rituale delle esibizioni dal vivo con l’orchestra, della sfida cronica a eliminazione, degli ospiti divertenti e anche a volte placidamente annoianti, il fascino della retorica della città dei fiori che può anche infrangersi l’epopea di Obama e franare il primo governo Renzi, ma comunque resiste. Una meraviglia, sotto questo profilo. La garanzia che mentre il mondo cade a pezzi, e qui la citazione di Mengoni è d’obbligo, qualche certezza continua a brillare. Unico problema, non soltanto televisivo ma anche proprio commerciale, il contenuto. Nel senso che il Festival di Sanremo, ancora in grado finora di proclamarsi evento catodico e di conquistare milioni di esseri umani muniti di telecomando, è l’opposto di quello che ambirebbe essere. Non rappresenta insomma la festa delle sette note, con annesso business di risonanza economica, ma la parata funebre del settore musicale. Un universo canoro dove tutti lottano per sopravvivere, e dove molti infine affogano nel pozzo dei conti in rosso. Da qui la vera anima del festival storico di Rai1: quella bugiarda, suo malgrado, e strepitosa nella discrasia tra l’attuale fragilità artistica e l’ottimismo improvvisato a favore di telecamere. Non che la palestra di “X Factor” sia meglio, attenzione. Anche nel gioiello di Sky, avamposto della modernità visiva in Italia, impera un copione quantomai canaglia (secondo cui la missione primaria del talent sarebbe quella di preparare le aspiranti star al mercato, e non spremerle tanto e subito per conquistare ascolti), ma almeno gli ingredienti non sono viziati da muffa. Viceversa al Festival, per il terzo anno consecutivo regno del signor Tale e Quale, non pare mai un’urgenza separare la merce fresca da quella scaduta. Si porta tutto in scena confidando nella benevolenza di chi guarda da casa. Che un po’ alterna la veglia al sonno, un po’ si spende in battute sui social, e un po’ pure impreca contro la dittatura della routine. Innocua, ribadisco, ma distante secoli luce dal protendersi (con moderazione, non sia mai) in avanti. 19 dicembre 2016
</topic_text>
<spam_score>0.00</spam_score>
<post_num>1</post_num>
<post_id>post-1</post_id>
<post_url>http://espresso.repubblica.it/opinioni/gli-antennati/2016/12/14/news/sanremo-e-bugiardo-1.290961</post_url>
<post_date>20161219</post_date>
<post_time>0140</post_time>
<username></username>
<post>
Gli Antennati Sanremo è bugiardo Riparte l’attesa per il Festival, che sarà di nuovo condotto da Conti. Ma dietro l’apparente allegria, ci sono la tristezza e la crisi della musica italiana Ecco fatto: anche quest’anno si comincia a parlare del Festival di Sanremo. Protocollo quantomai scontato. Prima le indiscrezioni su chi saranno i ventidue cantanti principali in gara. A fianco i volti e modi impacciati dei giovani in corsa nella categoria delle nuove proposte. Poi la conferma dell’identità dei cosiddetti big e la celebrazione sugli organi ufficiali del gossip, digitali e cartacei, delle due regine di turno che affiancheranno Carlo Conti. Un corteo già da tempo in viaggio, con andamento pop, per giungere il 7 febbraio al teatro Ariston. Educazione vorrebbe che ci si facesse contagiare, almeno per gioco, da tale slancio organizzativo. In fondo trattasi di manifestazione che non fa male a nessuno. Anzi in teoria dovrebbe aiutare il popolo divanato a sorvolare sulle malinconie quotidiane. La sicurezza del signore e signori, o formula equivalente, quando si accendono i riflettori. Il rituale delle esibizioni dal vivo con l’orchestra, della sfida cronica a eliminazione, degli ospiti divertenti e anche a volte placidamente annoianti, il fascino della retorica della città dei fiori che può anche infrangersi l’epopea di Obama e franare il primo governo Renzi, ma comunque resiste. Una meraviglia, sotto questo profilo. La garanzia che mentre il mondo cade a pezzi, e qui la citazione di Mengoni è d’obbligo, qualche certezza continua a brillare. Unico problema, non soltanto televisivo ma anche proprio commerciale, il contenuto. Nel senso che il Festival di Sanremo, ancora in grado finora di proclamarsi evento catodico e di conquistare milioni di esseri umani muniti di telecomando, è l’opposto di quello che ambirebbe essere. Non rappresenta insomma la festa delle sette note, con annesso business di risonanza economica, ma la parata funebre del settore musicale. Un universo canoro dove tutti lottano per sopravvivere, e dove molti infine affogano nel pozzo dei conti in rosso. Da qui la vera anima del festival storico di Rai1: quella bugiarda, suo malgrado, e strepitosa nella discrasia tra l’attuale fragilità artistica e l’ottimismo improvvisato a favore di telecamere. Non che la palestra di “X Factor” sia meglio, attenzione. Anche nel gioiello di Sky, avamposto della modernità visiva in Italia, impera un copione quantomai canaglia (secondo cui la missione primaria del talent sarebbe quella di preparare le aspiranti star al mercato, e non spremerle tanto e subito per conquistare ascolti), ma almeno gli ingredienti non sono viziati da muffa. Viceversa al Festival, per il terzo anno consecutivo regno del signor Tale e Quale, non pare mai un’urgenza separare la merce fresca da quella scaduta. Si porta tutto in scena confidando nella benevolenza di chi guarda da casa. Che un po’ alterna la veglia al sonno, un po’ si spende in battute sui social, e un po’ pure impreca contro la dittatura della routine. Innocua, ribadisco, ma distante secoli luce dal protendersi (con moderazione, non sia mai) in avanti. 19 dicembre 2016
</post>
<signature>

</signature>
<external_links>

</external_links>
<country>IT</country>
<main_image>http://espresso.repubblica.it/polopoly_fs/1.290962.1481708489!/httpImage/image.jpg_gen/derivatives/articolo_222/image.jpg</main_image>
</document>
