<?xml version="1.0" encoding="UTF-8"?>
<document>
<type>mainstream</type>
<forum>http://www.pernambuco.com/rss/rss_ultimas/</forum>
<forum_title>Últimas Notícias</forum_title>
<discussion_title>Deputados tentam votar negociação da dívida e negociam alívio das contrapartidas</discussion_title>
<language>portuguese</language>
<gmt_offset></gmt_offset>
<topic_url>http://www.diariodepernambuco.com.br/app/noticia/politica/2016/12/19/interna_politica,680824/deputados-tentam-votar-negociacao-da-divida-e-negociam-alivio-das-cont.shtml</topic_url>
<topic_text>
ONGs entregam jantar para moradores de rua na Praуa do Diario Crise Deputados tentam votar negociaусo da dьvida e negociam alьvio das contrapartidas Texto votado na semana passada pelos senadores criou uma sжrie de exigЖncias para que os estados que se encontram em situaусo de calamidade fiscal possam ficar atж trЖs anos sem pagar dьvidas 
Por: 
  20:36 Atualizado em: Deputados tentam negociar um acordo para votar o projeto que trata da renegociação da dívida dos Estados. Para viabilizar a proposta, os parlamentares discutem amenizar as contrapartidas incluídas pelo Senado para aqueles entes da federação que decidirem aderir ao chamado Regime de Recuperação Fiscal. Nesta terça-feira, o presidente da Câmara, Rodrigo Maia (DEM-RJ), vai reunir lideranças partidárias e governadores na residência oficial para redigir um novo texto, que será levado ao ministro da Fazenda, Henrique Meirelles. O texto votado na semana passada pelos senadores criou uma série de exigências para que os estados que se encontram em situação de calamidade fiscal - Rio, Minas e Rio Grande do Sul - possam ficar até três anos sem pagar dívidas. Pela proposta, os Estados que aderirem ao novo regime fiscal vão ter que cumprir medidas como a elevação da contribuição previdenciária dos servidores ativos e inativos para, no mínimo, 14%; redução de incentivos fiscais; e adoção de novas regras previdenciárias. A lei estadual poderá ainda autorizar a redução da jornada de trabalho atrelada à diminuição proporcional dos salários. Esses pontos não constavam na primeira versão aprovada pela Câmara, em agosto, e têm sido criticados por deputados. &quot;O texto traz um conjunto de contrapartidas, que o Senado tornou mais draconianas ainda, que significam interferência na vida dos Estados&quot;, afirmou o deputado Chico Alencar (PSOL-RJ). O líder do governo na Câmara, André Moura (PSC-SE), disse que a orientação do Palácio do Planalto é manter todas as contrapartidas aprovadas pelo Senado. &quot;O justo é isso, que o governo federal atenda o pleito dos governadores, mas não adianta atender o pleito, permitir a renegociação, e os governos não darem contrapartida&quot;, disse. Segundo Moura, o governo está trabalhando para que o projeto seja votado nesta terça. Ele afirma, porém, que existe muita resistência para a proposta, especialmente por parte das bancadas da oposição e da bala, que é contra congelar o reajuste para corporações militares. Para aprovar o projeto, será preciso o voto favorável de 257 deputados. Como o quórum está baixo por conta do recesso parlamentar, a ideia é que o acordo propicie uma votação simbólica, caso contrário, qualquer pedido de votação nominal poderá levar à suspensão da sessão. Os comentрrios abaixo nсo representam a opiniсo do jornal Diario de Pernambuco; a responsabilidade ж do autor da mensagem. Polьcia
</topic_text>
<spam_score>0.00</spam_score>
<post_num>1</post_num>
<post_id>post-1</post_id>
<post_url>http://www.diariodepernambuco.com.br/app/noticia/politica/2016/12/19/interna_politica,680824/deputados-tentam-votar-negociacao-da-divida-e-negociam-alivio-das-cont.shtml</post_url>
<post_date>20161219</post_date>
<post_time>2336</post_time>
<username></username>
<post>
ONGs entregam jantar para moradores de rua na Praуa do Diario Crise Deputados tentam votar negociaусo da dьvida e negociam alьvio das contrapartidas Texto votado na semana passada pelos senadores criou uma sжrie de exigЖncias para que os estados que se encontram em situaусo de calamidade fiscal possam ficar atж trЖs anos sem pagar dьvidas 
Por: 
  20:36 Atualizado em: Deputados tentam negociar um acordo para votar o projeto que trata da renegociação da dívida dos Estados. Para viabilizar a proposta, os parlamentares discutem amenizar as contrapartidas incluídas pelo Senado para aqueles entes da federação que decidirem aderir ao chamado Regime de Recuperação Fiscal. Nesta terça-feira, o presidente da Câmara, Rodrigo Maia (DEM-RJ), vai reunir lideranças partidárias e governadores na residência oficial para redigir um novo texto, que será levado ao ministro da Fazenda, Henrique Meirelles. O texto votado na semana passada pelos senadores criou uma série de exigências para que os estados que se encontram em situação de calamidade fiscal - Rio, Minas e Rio Grande do Sul - possam ficar até três anos sem pagar dívidas. Pela proposta, os Estados que aderirem ao novo regime fiscal vão ter que cumprir medidas como a elevação da contribuição previdenciária dos servidores ativos e inativos para, no mínimo, 14%; redução de incentivos fiscais; e adoção de novas regras previdenciárias. A lei estadual poderá ainda autorizar a redução da jornada de trabalho atrelada à diminuição proporcional dos salários. Esses pontos não constavam na primeira versão aprovada pela Câmara, em agosto, e têm sido criticados por deputados. &quot;O texto traz um conjunto de contrapartidas, que o Senado tornou mais draconianas ainda, que significam interferência na vida dos Estados&quot;, afirmou o deputado Chico Alencar (PSOL-RJ). O líder do governo na Câmara, André Moura (PSC-SE), disse que a orientação do Palácio do Planalto é manter todas as contrapartidas aprovadas pelo Senado. &quot;O justo é isso, que o governo federal atenda o pleito dos governadores, mas não adianta atender o pleito, permitir a renegociação, e os governos não darem contrapartida&quot;, disse. Segundo Moura, o governo está trabalhando para que o projeto seja votado nesta terça. Ele afirma, porém, que existe muita resistência para a proposta, especialmente por parte das bancadas da oposição e da bala, que é contra congelar o reajuste para corporações militares. Para aprovar o projeto, será preciso o voto favorável de 257 deputados. Como o quórum está baixo por conta do recesso parlamentar, a ideia é que o acordo propicie uma votação simbólica, caso contrário, qualquer pedido de votação nominal poderá levar à suspensão da sessão. Os comentрrios abaixo nсo representam a opiniсo do jornal Diario de Pernambuco; a responsabilidade ж do autor da mensagem. Polьcia
</post>
<signature>

</signature>
<external_links>

</external_links>
<country></country>
<main_image>http://imgs.diariodepernambuco.com.br/diario/marca_dp_1200.png</main_image>
</document>
