<?xml version="1.0" encoding="UTF-8"?>
<document>
<type>mainstream</type>
<forum>http://espresso.repubblica.it/rss?sezione=espresso</forum>
<forum_title>Rss l&apos;Espresso</forum_title>
<discussion_title>Condannate le jihadiste d’Italia</discussion_title>
<language>italian</language>
<gmt_offset></gmt_offset>
<topic_url>http://espresso.repubblica.it/inchieste/2016/12/19/news/condannate-le-jihadiste-d-italia-1.291441</topic_url>
<topic_text>
Condannate le jihadiste d’Italia Condannate le jihadiste d’Italia Nove anni a Maria Giulia Sergio, dieci al marito Aldo, guerriero del Califfato. Massimo della pena anche per la reclutatrice italo-canadese Bushra Haik, che però resta libera in Arabia Saudita. Ecco tutti gli audio con le intercettazioni-choc tra Siria e Milano di Paolo Biondani 19 dicembre 2016 Tutti condannati nel primo processo ai jihadisti italiani dell&apos;Isis. La corte d&apos;assise di Milano, presieduta dal giudice Ilio Mannucci, ha inflitto nove anni di reclusione a Maria Giulia Sergio, la cittadina italiana, originaria della provincia di Napoli e cresciuta alle porte di Milano, che nell&apos;autunno 2014 è partita per la Siria con il suo secondo marito, diventato un combattente del cosiddetto Stato islamico. Lui, Aldo Kobuzi, un integralista albanese che ha trasferito in Siria dall&apos;Italia anche la sua famiglia d&apos;origine, è stato condannato al massimo della pena: dieci anni di carcere. Marianna Sergio, la sorella di Maria Giulia, arrestata dalla polizia mentre si preparava a partire per la Siria, era già stata condannata a 5 anni e quattro mesi, con lo sconto di pena del rito abbreviato, ed è tuttora in carcere. Maria Giulia e il marito Aldo restano invece latitanti in Siria, in una zona di guerra ancora controllata dal Califfato nero. vedi anche: Le intercettazioni con i genitori e la sorella I terroristi della strage di Charlie Hebdo? Dei martiri. Perché «uccidere i miscredenti è un dovere». Così la giovane convertita di Torre Del Greco parlava con i familiari. Raccontando la vita in Siria e incitando al jihad anche in Italia Le due sorelle italiane erano state intercettate dalla Digos di Milano mentre inneggiavano alla guerra santa e cercavano di convincere anche il padre e la madre a partire per la Siria e obbedire al sedicente califfo Abu Bakr Al Bagdadi. La sentenza di oggi è importante anche perchè riconferma l&apos;applicabilità ai nuovi jihadisti dell&apos;accusa di terrorismo internazionale e del nuovo reato che incrimina chi pianifica di lasciare l&apos;Italia per unirsi al Califfato. La Corte, composta da due giudici togati e da sei cittadini estratti a sorte come giurati, ha inflitto nove anni di reclusione a Bushra Haik, la predicatrice italo-canadese che, dopo essersi trasferita in Arabia Saudita, dove ha sposato un imam ultra-integralista, teneva terrificanti lezioni di jihad su Internet. Bushra è stata intercettata mentre esaltava le stragi terroristiche di Parigi e indottrinava prima Maria Giulia e poi Marianna Sergio, portandole a giustificare gli omicidi di infedeli (compresi i musulmani estranei al Califfato) e le decapitazioni di ostaggi. Il padre delle due sorelle, che si chiama Sergio anche di nome, non era accusato di associazione terroristica ed è stato condannato a quattro anni (sei mesi in più della pena chiesta dai pm) solo per aver aderito al progetto di viaggio jihadista programmato dalla sua famiglia, poi sventato dalla polizia. L&apos;uomo è tuttora agli arresti domiciliari. La moglie Assunta, anche lei inquisita solo per il viaggio, era morta per malattia dopo essere stata scarcerata. La corte d&apos;assise ha condannato a otto anni di reclusione altre due donne jihadiste, nate in Albania e poi trasferitesi in Italia, nella Maremma grossetana, entrambe parenti del guerriero sposato da Maria Giulia: la madre Donica e la sorella Seriola, tuttora latitanti in Siria come l&apos;italiana e il marito. Maria Giulia Sergio si era convertita da anni all&apos;Islam ed era già sposata con un musulmano normale. Quando si è radicalizzata su Internet, ascoltando soprattutto le lezioni di Bushra dall&apos;Arabia Saudita, ha divorziato per poter risposarsi con Aldo Kobuzi, arrivato solo allora in Italia dall&apos;Albania: un «matrimonio combinato», secondo l&apos;accusa, per andare insieme in guerra nel Califfato siriano-iracheno. La sentenza ha accolto pienamente le richieste del pm Maurizio Romanelli, che nel frattempo è passsato alla Direzione nazionale antimafia, dove continuerà a coordinare le indagini sul terrorrismo internazionale. A tutt&apos;oggi, secondo i dati del ministero dell&apos;Interno, sono circa un centinaio i jihadisti collegati in qualche modo all&apos;Italia (anche solo per averci abitato in passato) che sono andati a combattere in Siria o in misura minore in Libia per il cosiddetto Stato islamico. Dalla Francia ne sono partiti quasi duemila, dalla Germania e dalla Gran Bretagna più di mille, oltre 700 solo dal Belgio. Tag
</topic_text>
<spam_score>0.00</spam_score>
<post_num>1</post_num>
<post_id>post-1</post_id>
<post_url>http://espresso.repubblica.it/inchieste/2016/12/19/news/condannate-le-jihadiste-d-italia-1.291441</post_url>
<post_date>20161219</post_date>
<post_time>1353</post_time>
<username></username>
<post>
Condannate le jihadiste d’Italia Condannate le jihadiste d’Italia Nove anni a Maria Giulia Sergio, dieci al marito Aldo, guerriero del Califfato. Massimo della pena anche per la reclutatrice italo-canadese Bushra Haik, che però resta libera in Arabia Saudita. Ecco tutti gli audio con le intercettazioni-choc tra Siria e Milano di Paolo Biondani 19 dicembre 2016 Tutti condannati nel primo processo ai jihadisti italiani dell&apos;Isis. La corte d&apos;assise di Milano, presieduta dal giudice Ilio Mannucci, ha inflitto nove anni di reclusione a Maria Giulia Sergio, la cittadina italiana, originaria della provincia di Napoli e cresciuta alle porte di Milano, che nell&apos;autunno 2014 è partita per la Siria con il suo secondo marito, diventato un combattente del cosiddetto Stato islamico. Lui, Aldo Kobuzi, un integralista albanese che ha trasferito in Siria dall&apos;Italia anche la sua famiglia d&apos;origine, è stato condannato al massimo della pena: dieci anni di carcere. Marianna Sergio, la sorella di Maria Giulia, arrestata dalla polizia mentre si preparava a partire per la Siria, era già stata condannata a 5 anni e quattro mesi, con lo sconto di pena del rito abbreviato, ed è tuttora in carcere. Maria Giulia e il marito Aldo restano invece latitanti in Siria, in una zona di guerra ancora controllata dal Califfato nero. vedi anche: Le intercettazioni con i genitori e la sorella I terroristi della strage di Charlie Hebdo? Dei martiri. Perché «uccidere i miscredenti è un dovere». Così la giovane convertita di Torre Del Greco parlava con i familiari. Raccontando la vita in Siria e incitando al jihad anche in Italia Le due sorelle italiane erano state intercettate dalla Digos di Milano mentre inneggiavano alla guerra santa e cercavano di convincere anche il padre e la madre a partire per la Siria e obbedire al sedicente califfo Abu Bakr Al Bagdadi. La sentenza di oggi è importante anche perchè riconferma l&apos;applicabilità ai nuovi jihadisti dell&apos;accusa di terrorismo internazionale e del nuovo reato che incrimina chi pianifica di lasciare l&apos;Italia per unirsi al Califfato. La Corte, composta da due giudici togati e da sei cittadini estratti a sorte come giurati, ha inflitto nove anni di reclusione a Bushra Haik, la predicatrice italo-canadese che, dopo essersi trasferita in Arabia Saudita, dove ha sposato un imam ultra-integralista, teneva terrificanti lezioni di jihad su Internet. Bushra è stata intercettata mentre esaltava le stragi terroristiche di Parigi e indottrinava prima Maria Giulia e poi Marianna Sergio, portandole a giustificare gli omicidi di infedeli (compresi i musulmani estranei al Califfato) e le decapitazioni di ostaggi. Il padre delle due sorelle, che si chiama Sergio anche di nome, non era accusato di associazione terroristica ed è stato condannato a quattro anni (sei mesi in più della pena chiesta dai pm) solo per aver aderito al progetto di viaggio jihadista programmato dalla sua famiglia, poi sventato dalla polizia. L&apos;uomo è tuttora agli arresti domiciliari. La moglie Assunta, anche lei inquisita solo per il viaggio, era morta per malattia dopo essere stata scarcerata. La corte d&apos;assise ha condannato a otto anni di reclusione altre due donne jihadiste, nate in Albania e poi trasferitesi in Italia, nella Maremma grossetana, entrambe parenti del guerriero sposato da Maria Giulia: la madre Donica e la sorella Seriola, tuttora latitanti in Siria come l&apos;italiana e il marito. Maria Giulia Sergio si era convertita da anni all&apos;Islam ed era già sposata con un musulmano normale. Quando si è radicalizzata su Internet, ascoltando soprattutto le lezioni di Bushra dall&apos;Arabia Saudita, ha divorziato per poter risposarsi con Aldo Kobuzi, arrivato solo allora in Italia dall&apos;Albania: un «matrimonio combinato», secondo l&apos;accusa, per andare insieme in guerra nel Califfato siriano-iracheno. La sentenza ha accolto pienamente le richieste del pm Maurizio Romanelli, che nel frattempo è passsato alla Direzione nazionale antimafia, dove continuerà a coordinare le indagini sul terrorrismo internazionale. A tutt&apos;oggi, secondo i dati del ministero dell&apos;Interno, sono circa un centinaio i jihadisti collegati in qualche modo all&apos;Italia (anche solo per averci abitato in passato) che sono andati a combattere in Siria o in misura minore in Libia per il cosiddetto Stato islamico. Dalla Francia ne sono partiti quasi duemila, dalla Germania e dalla Gran Bretagna più di mille, oltre 700 solo dal Belgio. Tag
</post>
<signature>

</signature>
<external_links>

</external_links>
<country>IT</country>
<main_image>http://espresso.repubblica.it/polopoly_fs/1.219437.1435731891!/httpImage/image.jpg_gen/derivatives/articolo_222/image.jpg</main_image>
</document>
