<?xml version="1.0" encoding="UTF-8"?>
<document>
<type>mainstream</type>
<forum>http://www.leparisien.fr/oise-60/rss.xml</forum>
<forum_title>Le Parisien  - Oise</forum_title>
<discussion_title>Clairoix : triste fin pour Jacky Petit et son Bon coin</discussion_title>
<language>french</language>
<gmt_offset></gmt_offset>
<topic_url>http://www.leparisien.fr/oise-60/clairoix-triste-fin-pour-jacky-petit-et-son-bon-coin-18-12-2016-6470610.php</topic_url>
<topic_text>
J acky Petit et sa femme, Valérie, avaient rêvé d’une tout autre fin pour leur Bon coin. Un bar-tabac qu’ils ont ouvert il y a vingt-six ans. Et devenu une institution à Clairoix, QG des salariés de Continental lors de la fermeture de l’usine en 2009. Vendredi 10 décembre, une semaine avant la fermeture prévue des lieux, le couple s’est fait braquer par des hommes armés alors que les derniers clients quittaient l’établissement. Depuis, les portes n’ont pas rouvert. « On n’avait pas le cœur à ça. Nous sommes encore sous le choc », explique Jacky Petit. Ce jour-là, à minuit, le patron dit au revoir à ses habitués. Il ferme. Range les chaises. Soudain, quatre individus vêtus de noir, gantés et cagoulés, débarquent par l’arrière-boutique armés d’un fusil. « Je n’ai vu qu’une seule arme, se rappelle le commerçant. Ils m’ont allongé face contre terre, et posé le canon contre ma nuque. Ma femme a été ligotée pendant qu’ils nous dépouillaient des stocks de tabac. Nous avons été pris en otage pendant une heure. Une éternité. Une fois qu’ils ont eu ce qu’ils voulaient, ils sont partis à bord de notre voiture qui a été retrouvée brûlée dans l’Aisne. Le préjudice atteint près de 20 000 €. L’essentiel est que nous soyons sains et saufs. »



Les propriétaires ont laissé un mot pour remercier leurs fidèles clients. LP/S.F. 
Pour fêter leur départ, Jacky et Valérie Petit avaient prévu une soirée avec leurs habitués, ce vendredi 16 décembre. Elle a été annulée. « C’est d’autant plus terrible de partir comme ça », s’excuse Valérie. Les clients retrouveront toutefois très vite le couple, qui sera présent le 5 janvier pour épauler le repreneur. Et ce durant quelques semaines. Puis ce sera comme simples clients que Jacky et Valérie Petit reviendront régulièrement.
</topic_text>
<spam_score>0.00</spam_score>
<post_num>2</post_num>
<post_id>post-2</post_id>
<post_url>http://www.leparisien.fr/oise-60/clairoix-triste-fin-pour-jacky-petit-et-son-bon-coin-18-12-2016-6470610.php</post_url>
<post_date>20161219</post_date>
<post_time>1134</post_time>
<username>stephaniedubos</username>
<post>
tout mon soutien dans cette dur épreuve . bisous Stephanie
</post>
<signature>

</signature>
<external_links>

</external_links>
<country>FR</country>
<main_image>http://s1.lprs1.fr/images/2016/12/18/6470610_c26f6cba-c477-11e6-92ce-2cd01abc5747-1.jpg</main_image>
</document>
