<?xml version="1.0" encoding="UTF-8"?>
<document>
<type>mainstream</type>
<forum>http://rostovnadonu.bezformata.ru/rss.xml</forum>
<forum_title>Новости города БезФормата.Ru Ростовская область Ростов-на-Дону</forum_title>
<discussion_title>Лучшим студентам юга России вручили именные стипендии ‘Центр-инвеста’</discussion_title>
<language>russian</language>
<gmt_offset></gmt_offset>
<topic_url>http://rostovnadonu.bezformata.ru/listnews/rossii-vruchili-imennie-stipendii/53372978/</topic_url>
<topic_text>
Задать вопрос? Лучшим студентам юга России вручили именные стипендии ‘Центр-инвеста’ 
Сегодня в Ростове вручали именные стипендии студентам юга России. Получили их те, кто смог показать высокий уровень своего личного потенциала. ﻿В этом зале все учатся только на «пятерки». А теперь студенты получат в придачу к обычной стипендии ещё и именную — от банка «Центр-инвест». 
«Эта стипендия дает мне уверенность, что я двигаюсь в правильном направлении, и это хороший стимул для студентов продолжать их научную деятельность», — говорит студентка ростовского государственного медицинского университета Дарья Иванова. 
Две тысячи юношей и девушек подали заявки на участие в конкурсе. Нужно было зайти на сайт фонда «Наука и образование ЮФО», указать свои научные достижения, отправить работы и рассказать о своей активности в университете. Комиссия изучила всех кандидатов и после этого 400 лучших студентов оказались победителями и обладателями стипендии банка «Центр-инвест». 
«Судьбы ваши, они переплелись здесь, и это создаст тот настрой, который позволяет нашему поколению быть уверенными в вашем светлом будущем. Ещё раз поздравляю вас», — обратился к студентам председатель совета директоров ПАО КБ « Центр-инвест » Василий Высоков. 
Все победители получат по 20 тысяч рублей. А общий стипендиальный фонд в этом году превысил 8 миллионов рублей. 
«Кроме того, что это ощутимая надбавка к стипендии, это ещё и хорошая мотивация. Понимаешь, что твои результаты кто-то ценит и видит», — говорит студент Южного федерального университета Евгений Николаев. 
Такой конкурс на стипендию от банка проводится уже 14-й год подряд. Участвуют студенты не только ростовских вузов, но ещё и из других городов области и соседних регионов. Такие же церемонии награждения прошли в Краснодаре и Волгограде.
</topic_text>
<spam_score>0.00</spam_score>
<post_num>1</post_num>
<post_id>post-1</post_id>
<post_url>http://rostovnadonu.bezformata.ru/listnews/rossii-vruchili-imennie-stipendii/53372978/</post_url>
<post_date>20161219</post_date>
<post_time>1835</post_time>
<username></username>
<post>
Задать вопрос? Лучшим студентам юга России вручили именные стипендии ‘Центр-инвеста’ 
Сегодня в Ростове вручали именные стипендии студентам юга России. Получили их те, кто смог показать высокий уровень своего личного потенциала. ﻿В этом зале все учатся только на «пятерки». А теперь студенты получат в придачу к обычной стипендии ещё и именную — от банка «Центр-инвест». 
«Эта стипендия дает мне уверенность, что я двигаюсь в правильном направлении, и это хороший стимул для студентов продолжать их научную деятельность», — говорит студентка ростовского государственного медицинского университета Дарья Иванова. 
Две тысячи юношей и девушек подали заявки на участие в конкурсе. Нужно было зайти на сайт фонда «Наука и образование ЮФО», указать свои научные достижения, отправить работы и рассказать о своей активности в университете. Комиссия изучила всех кандидатов и после этого 400 лучших студентов оказались победителями и обладателями стипендии банка «Центр-инвест». 
«Судьбы ваши, они переплелись здесь, и это создаст тот настрой, который позволяет нашему поколению быть уверенными в вашем светлом будущем. Ещё раз поздравляю вас», — обратился к студентам председатель совета директоров ПАО КБ « Центр-инвест » Василий Высоков. 
Все победители получат по 20 тысяч рублей. А общий стипендиальный фонд в этом году превысил 8 миллионов рублей. 
«Кроме того, что это ощутимая надбавка к стипендии, это ещё и хорошая мотивация. Понимаешь, что твои результаты кто-то ценит и видит», — говорит студент Южного федерального университета Евгений Николаев. 
Такой конкурс на стипендию от банка проводится уже 14-й год подряд. Участвуют студенты не только ростовских вузов, но ещё и из других городов области и соседних регионов. Такие же церемонии награждения прошли в Краснодаре и Волгограде.
</post>
<signature>

</signature>
<external_links>

</external_links>
<country>RU</country>
<main_image></main_image>
</document>
