<?xml version="1.0" encoding="UTF-8"?>
<document>
<type>mainstream</type>
<forum>http://www.hotnews.ro/</forum>
<forum_title>HotNews.ro - Actualitate</forum_title>
<discussion_title>S-a stins din viata astrologul Hotnews Tina Rizea - Horoscop</discussion_title>
<language>romanian</language>
<gmt_offset>2</gmt_offset>
<topic_url>http://life.hotnews.ro/stiri-horoscop-21479805-stins-din-viata-astrologul-hotnews-tina-rizea.htm</topic_url>
<topic_text>
Florentina Marmureanu alias Tina Rizea a plecat dintre noi pentru totdeauna si s-a ridicat la cer printre astrele pe care le-a iubit si pe care a incercat sa le inteleaga si sa le descifreze pentru cititorii Hotnews.ro mai bine de 16 ani. De-a lungul timpului, previziunile ei au incercat sa ne dea un licar de speranta sau sa ne atentioneze.
Pentru Tina Rizea horoscopul s-a oprit pe 16 decembrie 2016, ora 15.00. Inmormantarea, luni ora 12.30 la Cimitirul Ghencea (Prelungirea Ghencea).
Odihneasca-se in pace! Condoleante familiei!
</topic_text>
<spam_score>0.00</spam_score>
<post_num>9</post_num>
<post_id>post-9</post_id>
<post_url>http://life.hotnews.ro/stiri-horoscop-21479805-stins-din-viata-astrologul-hotnews-tina-rizea.htm#comentariu_21482252</post_url>
<post_date>20161219</post_date>
<post_time>1508</post_time>
<username>Trist</username>
<post>
Radu-Mihai [utilizator] Trist e ca am vazut pe FB niste solicitări de donare de sange pentru ea, solicitări cu foarte putine share-uri...
Condoleante!
PS: Din cele mai vechi timpuri astronomia a fost legata de astrologie. Inca din antichitate cei care studiau miscarile corpurilor ceresti foloseau astronomia pentru cunoastere si astrologia pentru supravietuire...
[Ca sa fiu mai bine ]nteles:
&quot;Un ban de arama ca sa imi explici tranzitul lui Mercur, fazele Lunii sau cum a fost descoperita planeta Neptun? Fugi wai de aici! Da&apos; ce, ma crezi prost? In schimb... iti dau un ban de aur daca imi zici ca astrele imi vor fi favorabile saptamana viitoare, am un gheseft atunci...&quot;]
</post>
<signature>

</signature>
<external_links>

</external_links>
<country>RO</country>
<main_image>http://media.hotnews.ro/media_server1/image-2013-02-2-14134436-0-sigla-hotnews-2.jpg</main_image>
</document>
