<?xml version="1.0" encoding="UTF-8"?>
<document>
<type>mainstream</type>
<forum></forum>
<forum_title></forum_title>
<discussion_title>What happens when you mix a golf shot and a frozen lake?</discussion_title>
<language>english</language>
<gmt_offset></gmt_offset>
<topic_url>https://au.sports.yahoo.com/golf/video/watch/33615568/what-happens-when-you-mix-a-golf-shot-and-a-frozen-lake/</topic_url>
<topic_text>
What happens when you mix a golf shot and a frozen lake? UP NEXT What happens when you mix a golf shot and a frozen lake? 7Sport 
</topic_text>
<spam_score>0.64</spam_score>
<post_num>1</post_num>
<post_id>post-1</post_id>
<post_url>https://au.sports.yahoo.com/golf/video/watch/33615568/what-happens-when-you-mix-a-golf-shot-and-a-frozen-lake/</post_url>
<post_date>20161220</post_date>
<post_time></post_time>
<username>Published Hr</username>
<post>
What happens when you mix a golf shot and a frozen lake? UP NEXT What happens when you mix a golf shot and a frozen lake? 7Sport 
</post>
<signature>

</signature>
<external_links>

</external_links>
<country>AU</country>
<main_image>https://s.yimg.com/iu/api/res/1.2/IX6vzdhbqTjeW2efNT_keg--/YXBwaWQ9eXZpZGVvO3c9MjYzO2g9MjAwO2R4PTg0O2R5PTE7Y3c9NDY0O2NoPTM1MztxPTcwO3VsY3JvcDtyb3RhdGU9YXV0bw--/https://s.yimg.com/ea/img/-/161220/585862d86c827_4131220_golf_lrg.jpg</main_image>
</document>
