<?xml version="1.0" encoding="UTF-8"?>
<document>
<type>mainstream</type>
<forum>http://rzeszowiak.pl//rss/Przemysl-Maszyny-i-urzadzenia.xml</forum>
<forum_title>Przemysł www.rzeszowiak.pl</forum_title>
<discussion_title>KUPCZYK Rzeszów Kompresor Sprężarka 100L FIAC 3lat ...</discussion_title>
<language>polish</language>
<gmt_offset></gmt_offset>
<topic_url>http://www.rzeszowiak.pl/wloski-fiac-ab100348m36-miesiecy-gwarancji-charakterystyka-urzadzenia-wydajnosc-8699455</topic_url>
<topic_text>
- max. ciśnienie: 10 bar - pojemność zbiornika 100 l. - Obroty silnika: 1500/min- zasilanie : 230 V- typ pompy sprężarkowej: dwutłokowa, jednostopniowa : AB 348- kompresor dostarczany wraz z kompletem dokumentacji technicznej - waga: 88 kg - gwarancja: 36 miesięcy
</topic_text>
<spam_score>0.00</spam_score>
<post_num>1</post_num>
<post_id>post-1</post_id>
<post_url>http://www.rzeszowiak.pl/wloski-fiac-ab100348m36-miesiecy-gwarancji-charakterystyka-urzadzenia-wydajnosc-8699455</post_url>
<post_date>20161219</post_date>
<post_time>0841</post_time>
<username>KUPCZYK Rzeszów Kompresor Sprężarka 100L FIAC 3lat</username>
<post>
- max. ciśnienie: 10 bar - pojemność zbiornika 100 l. - Obroty silnika: 1500/min- zasilanie : 230 V- typ pompy sprężarkowej: dwutłokowa, jednostopniowa : AB 348- kompresor dostarczany wraz z kompletem dokumentacji technicznej - waga: 88 kg - gwarancja: 36 miesięcy
</post>
<signature>

</signature>
<external_links>

</external_links>
<country>PL</country>
<main_image></main_image>
</document>
