<?xml version="1.0" encoding="UTF-8"?>
<document>
<type>mainstream</type>
<forum>http://1360kmjm.iheart.com</forum>
<forum_title>KMJM-AM - Cedar Rapid&apos;s Classic Country Station</forum_title>
<discussion_title>All Six Iowa Electors Vote For Trump</discussion_title>
<language>english</language>
<gmt_offset>-6</gmt_offset>
<topic_url>http://1360kmjm.iheart.com/articles/eastern-iowa-local-news-headlines-314449/all-six-iowa-electors-vote-for-15406070/</topic_url>
<topic_text>
All six Iowa electors cast ballots for Trump, Pence ;From the Secretary of State&apos;s Office:
</topic_text>
<spam_score>0.17</spam_score>
<post_num>1</post_num>
<post_id>post-1</post_id>
<post_url>http://1360kmjm.iheart.com/articles/eastern-iowa-local-news-headlines-314449/all-six-iowa-electors-vote-for-15406070/</post_url>
<post_date>20161219</post_date>
<post_time>1701</post_time>
<username>iheart.com</username>
<post>
All six Iowa electors cast ballots for Trump, Pence ;From the Secretary of State&apos;s Office:
</post>
<signature>

</signature>
<external_links>

</external_links>
<country>US</country>
<main_image>http://i.iheart.com/v3/url/aHR0cDovL2NvbnRlbnQuY2xlYXJjaGFubmVsLmNvbS9jYy1jb21tb24vbWxpYi8xMjE2LzA3LzEyMTZfMTMwOTU1MjYyNC5qcGc=?ops=</main_image>
</document>
