<?xml version="1.0" encoding="UTF-8"?>
<document>
<type>mainstream</type>
<forum>http://rostovnadonu.bezformata.ru/rss.xml</forum>
<forum_title>Новости города БезФормата.Ru Ростовская область Ростов-на-Дону</forum_title>
<discussion_title>Водитель, сбивший пешехода и скрывшийся с места ДТП, задержан сотрудниками ГИБДД по горячим следам</discussion_title>
<language>russian</language>
<gmt_offset></gmt_offset>
<topic_url>http://rostovnadonu.bezformata.ru/listnews/voditel-sbivshij-peshehoda-i-skrivshijsya/53373365/</topic_url>
<topic_text>
Задать вопрос? Водитель, сбивший пешехода и скрывшийся с места ДТП, задержан сотрудниками ГИБДД по горячим следам 
Сегодня в полицию поступило сообщение о том, что Ростове-на-Дону в районе дома № 9 «В» на проспекте Королева неустановленный водитель сбил пешехода и скрылся с места дорожно-транспортного происшествия. Потерпевший, 29-летний мужчина, с травмами был доставлен в больницу. 
Инспекторы ДПС оперативно прибыли на место происшествия, опросили свидетелей и установили, что момент ДТП зафиксировал видеорегистратор одного из автомобилей, остановившихся на светофоре. 
На розыск и задержание нарушителя были ориентированы наряды полка ДПС ГИБДД УМВД России по городу Ростову-на-Дону. В ходе разыскных мероприятий полицейские в течение нескольких часов установили и задержали подозреваемого. Им оказался 31-летний водитель автомобиля БМВ Х5. 
В настоящее время задержанный привлечен к административной ответственности за совершение правонарушений, предусмотренных частью 2 статьи КоАП РФ 12.27 « Невыполнение обязанностей в связи с дорожно-транспортным происшествием » и статьей 12.7 « Управление транспортным средством водителем, не имеющим права управления транспортным средством ». 
Также водитель будет привлечен к ответственности в соответствии со статьей КоАП РФ 12.24 « Нарушение Правил дорожного движения или правил эксплуатации транспортного средства, повлекшее причинение легкого или средней тяжести вреда здоровью потерпевшего ».
</topic_text>
<spam_score>0.00</spam_score>
<post_num>1</post_num>
<post_id>post-1</post_id>
<post_url>http://rostovnadonu.bezformata.ru/listnews/voditel-sbivshij-peshehoda-i-skrivshijsya/53373365/</post_url>
<post_date>20161219</post_date>
<post_time>1906</post_time>
<username></username>
<post>
Задать вопрос? Водитель, сбивший пешехода и скрывшийся с места ДТП, задержан сотрудниками ГИБДД по горячим следам 
Сегодня в полицию поступило сообщение о том, что Ростове-на-Дону в районе дома № 9 «В» на проспекте Королева неустановленный водитель сбил пешехода и скрылся с места дорожно-транспортного происшествия. Потерпевший, 29-летний мужчина, с травмами был доставлен в больницу. 
Инспекторы ДПС оперативно прибыли на место происшествия, опросили свидетелей и установили, что момент ДТП зафиксировал видеорегистратор одного из автомобилей, остановившихся на светофоре. 
На розыск и задержание нарушителя были ориентированы наряды полка ДПС ГИБДД УМВД России по городу Ростову-на-Дону. В ходе разыскных мероприятий полицейские в течение нескольких часов установили и задержали подозреваемого. Им оказался 31-летний водитель автомобиля БМВ Х5. 
В настоящее время задержанный привлечен к административной ответственности за совершение правонарушений, предусмотренных частью 2 статьи КоАП РФ 12.27 « Невыполнение обязанностей в связи с дорожно-транспортным происшествием » и статьей 12.7 « Управление транспортным средством водителем, не имеющим права управления транспортным средством ». 
Также водитель будет привлечен к ответственности в соответствии со статьей КоАП РФ 12.24 « Нарушение Правил дорожного движения или правил эксплуатации транспортного средства, повлекшее причинение легкого или средней тяжести вреда здоровью потерпевшего ».
</post>
<signature>

</signature>
<external_links>

</external_links>
<country>RU</country>
<main_image></main_image>
</document>
