<?xml version="1.0" encoding="UTF-8"?>
<document>
<type>mainstream</type>
<forum>http://ewallstreeter.com/rss.php?c=277</forum>
<forum_title>eWallstreeter</forum_title>
<discussion_title>Man Accused In Reservation Slaying Pleads Not Guilty</discussion_title>
<language>english</language>
<gmt_offset></gmt_offset>
<topic_url>http://ewallstreeter.com/man-accused-in-reservation-slaying-pleads-not-guilty-4828/</topic_url>
<topic_text>
Man Accused In Reservation Slaying Pleads Not Guilty From CBS DenverDecember 19, 2016 - 12:38pm A Colorado man accused of killing a woman on South Dakota&apos;s Pine Ridge Indian Reservation in September has pleaded not guilty.
</topic_text>
<spam_score>0.00</spam_score>
<post_num>1</post_num>
<post_id>post-1</post_id>
<post_url>http://ewallstreeter.com/man-accused-in-reservation-slaying-pleads-not-guilty-4828/</post_url>
<post_date>20161219</post_date>
<post_time>1738</post_time>
<username></username>
<post>
Man Accused In Reservation Slaying Pleads Not Guilty From CBS DenverDecember 19, 2016 - 12:38pm A Colorado man accused of killing a woman on South Dakota&apos;s Pine Ridge Indian Reservation in September has pleaded not guilty.
</post>
<signature>

</signature>
<external_links>

</external_links>
<country>US</country>
<main_image>http://ewallstreeter.com/post-images/denver/man-accused-in-reservation-slaying-pleads-not-guilty.jpg</main_image>
</document>
