<?xml version="1.0" encoding="UTF-8"?>
<document>
<type>mainstream</type>
<forum>http://news.rambler.ru/rss/europe/</forum>
<forum_title>Европа — Рамблер/новости</forum_title>
<discussion_title>Иран временно закрыл свои консульства в Турции</discussion_title>
<language>russian</language>
<gmt_offset></gmt_offset>
<topic_url>https://news.rambler.ru/politics/35631707-iran-vremenno-zakryl-svoi-konsulstva-v-turtsii/</topic_url>
<topic_text>
Иран временно закрыл свои консульства в Турции Фото: AP Photo/ STR Посольство Ирана в Анкаре сообщило о временном закрытии иранских консульств в нескольких городах Турции после того, как в Анкаре был убит российский посол Андрей Карлов . &quot;Все консульские услуги в генконсульствах Исламской республики Иран в Стамбуле, Трабзоне и Эрзеруме во вторник (20 декабря) будут закрыты. Обращаемся ко всем соотечественникам с просьбой воздержаться от обращений в эти места&quot;, — говорится в сообщении на сайте посольства Ирана. На Андрея Карлова напали во время открытия фотовыставки. Убийцу, уничтоженного в результате спецоперации, звали Мевлют Мерт Алтынташ, он 2,5 года работал в полиции. Президент России Владимир Путин назвал произошедшее &quot;подлым убийством&quot; и провокацией, которая направлена на срыв добрых отношений с Турцией и урегулирования в Сирии.
</topic_text>
<spam_score>0.00</spam_score>
<post_num>1</post_num>
<post_id>post-1</post_id>
<post_url>https://news.rambler.ru/politics/35631707-iran-vremenno-zakryl-svoi-konsulstva-v-turtsii/</post_url>
<post_date>20161219</post_date>
<post_time>2309</post_time>
<username>РИА Новости</username>
<post>
Иран временно закрыл свои консульства в Турции Фото: AP Photo/ STR Посольство Ирана в Анкаре сообщило о временном закрытии иранских консульств в нескольких городах Турции после того, как в Анкаре был убит российский посол Андрей Карлов . &quot;Все консульские услуги в генконсульствах Исламской республики Иран в Стамбуле, Трабзоне и Эрзеруме во вторник (20 декабря) будут закрыты. Обращаемся ко всем соотечественникам с просьбой воздержаться от обращений в эти места&quot;, — говорится в сообщении на сайте посольства Ирана. На Андрея Карлова напали во время открытия фотовыставки. Убийцу, уничтоженного в результате спецоперации, звали Мевлют Мерт Алтынташ, он 2,5 года работал в полиции. Президент России Владимир Путин назвал произошедшее &quot;подлым убийством&quot; и провокацией, которая направлена на срыв добрых отношений с Турцией и урегулирования в Сирии.
</post>
<signature>

</signature>
<external_links>

</external_links>
<country>RU</country>
<main_image>https://news.rambler.ru/share/snippets/35631707/f61ac19f1769f6fec5c1b64bd0c2e0b8.png</main_image>
</document>
