<?xml version="1.0" encoding="UTF-8"?>
<document>
<type>mainstream</type>
<forum></forum>
<forum_title></forum_title>
<discussion_title>Football: Last-gasp goal sees Liverpool claim Merseyside derby - Yahoo7</discussion_title>
<language>english</language>
<gmt_offset></gmt_offset>
<topic_url>https://au.sports.yahoo.com/football/a/33615226/football-last-gasp-goal-sees-liverpool-claim-merseyside-derby/</topic_url>
<topic_text>
Share Football: Last-gasp goal sees Liverpool claim Merseyside derby - Yahoo7 Sadio Mane grabbed the winner in the fourth minute of injury time as Liverpool beat Everton 1-0 to head into Christmas in second place in the Premier League and extend its recent dominance of Merseyside derbies. Close Sadio the Mane man for Liverpool UP NEXT VIDEO Sadio the Mane man for Liverpool 
Substitute Daniel Sturridge&apos;s low long-range shot dribbled against the post and Mane tapped the rebound into an empty net, sparking wild celebrations among Liverpool supporters that saw two red flares thrown onto the playing surface. 
After a 227th derby match that was frantic and bereft of quality and scoring chances, Liverpool moved above Manchester City and back to within six points of Chelsea, which has won its last 11 league games. 
Everton&apos;s struggles in this local rivalry continued - the blue half of Merseyside has been victorious only once in the past 20 meetings - but Liverpool didn&apos;t look like a side that started the match on top of the league&apos;s scoring charts with 40 goals until Mane came to the rescue. Mane&apos;s goal sees Liverpool go into Christmas in second spot. Pic: Getty 
&quot;The plan of Everton was wild football,&quot; Liverpool manager Juergen Klopp said. &quot;It was a battle and we were ready for it. 
&quot;It was intense,. Not the greatest football but it&apos;s how a derby should be.&quot; 
It won&apos;t be a match that lingers long in the memory, except for the dramatic late goal and a shocking challenge by Everton&apos;s Ross Barkley on England teammate Jordan Henderson that could easily have earned him a red card. 
Instead, it was one of four bookings in a fixture that has produced more red cards - 21 - than any other in the 24-year history of the Premier League. 
Continuing their momentum from the 2-1 win over Arsenal at Goodison Park last week, Everton&apos;s players tore into Liverpool in the frantic opening minutes that were marked by high energy and misplaced passes. 
They didn&apos;t look like scoring, though, and Liverpool had established an element of control by the half-hour mark. 
Liverpool stayed on top after halftime, with Everton goalkeeper Maarten Stekelenburg blocking Roberto Firmino&apos;s attempted lob before hobbling off injured after clashing with teammate Leighton Baines. The lengthy period of treatment for Stekelenburg&apos;s injury was the main reason for the eight minutes of stoppage time, of which Liverpool took full advantage. 
The ugly lunge by Barkley on Henderson&apos;s right ankle angered Liverpool&apos;s players and coaching staff, sparking a melee on the field involving most of the players. 
Finally there was some spice to the match. 
Sturridge came on for Origi and with one of his first touches, the striker sent in the shot that led to the winning goal and ended Everton&apos;s nine-month unbeaten home record in the league. Close 
</topic_text>
<spam_score>0.44</spam_score>
<post_num>1</post_num>
<post_id>post-1</post_id>
<post_url>https://au.sports.yahoo.com/football/a/33615226/football-last-gasp-goal-sees-liverpool-claim-merseyside-derby/</post_url>
<post_date>20161220</post_date>
<post_time></post_time>
<username>Steve Douglas</username>
<post>
Share Football: Last-gasp goal sees Liverpool claim Merseyside derby - Yahoo7 Sadio Mane grabbed the winner in the fourth minute of injury time as Liverpool beat Everton 1-0 to head into Christmas in second place in the Premier League and extend its recent dominance of Merseyside derbies. Close Sadio the Mane man for Liverpool UP NEXT VIDEO Sadio the Mane man for Liverpool 
Substitute Daniel Sturridge&apos;s low long-range shot dribbled against the post and Mane tapped the rebound into an empty net, sparking wild celebrations among Liverpool supporters that saw two red flares thrown onto the playing surface. 
After a 227th derby match that was frantic and bereft of quality and scoring chances, Liverpool moved above Manchester City and back to within six points of Chelsea, which has won its last 11 league games. 
Everton&apos;s struggles in this local rivalry continued - the blue half of Merseyside has been victorious only once in the past 20 meetings - but Liverpool didn&apos;t look like a side that started the match on top of the league&apos;s scoring charts with 40 goals until Mane came to the rescue. Mane&apos;s goal sees Liverpool go into Christmas in second spot. Pic: Getty 
&quot;The plan of Everton was wild football,&quot; Liverpool manager Juergen Klopp said. &quot;It was a battle and we were ready for it. 
&quot;It was intense,. Not the greatest football but it&apos;s how a derby should be.&quot; 
It won&apos;t be a match that lingers long in the memory, except for the dramatic late goal and a shocking challenge by Everton&apos;s Ross Barkley on England teammate Jordan Henderson that could easily have earned him a red card. 
Instead, it was one of four bookings in a fixture that has produced more red cards - 21 - than any other in the 24-year history of the Premier League. 
Continuing their momentum from the 2-1 win over Arsenal at Goodison Park last week, Everton&apos;s players tore into Liverpool in the frantic opening minutes that were marked by high energy and misplaced passes. 
They didn&apos;t look like scoring, though, and Liverpool had established an element of control by the half-hour mark. 
Liverpool stayed on top after halftime, with Everton goalkeeper Maarten Stekelenburg blocking Roberto Firmino&apos;s attempted lob before hobbling off injured after clashing with teammate Leighton Baines. The lengthy period of treatment for Stekelenburg&apos;s injury was the main reason for the eight minutes of stoppage time, of which Liverpool took full advantage. 
The ugly lunge by Barkley on Henderson&apos;s right ankle angered Liverpool&apos;s players and coaching staff, sparking a melee on the field involving most of the players. 
Finally there was some spice to the match. 
Sturridge came on for Origi and with one of his first touches, the striker sent in the shot that led to the winning goal and ended Everton&apos;s nine-month unbeaten home record in the league. Close 
</post>
<signature>

</signature>
<external_links>

</external_links>
<country>AU</country>
<main_image>https://s.yimg.com/iu/api/res/1.2/HvKYuvC6t_aqJrRSnKbCHQ--/YXBwaWQ9eXZpZGVvO3E9NzA7bj0xO2ZpbGw7cm90YXRlPWF1dG8-/https://s.yimg.com/ea/img/-/161220/58585e9caacfc_305liverpool_630.jpg</main_image>
</document>
