<?xml version="1.0" encoding="UTF-8"?>
<document>
<type>mainstream</type>
<forum>http://www.theguardian.com/theguardian/2014/aug/30/weekend/rss</forum>
<forum_title>The Guardian</forum_title>
<discussion_title>Our trees are now a growth industry | Patrick Barkham | Opinion</discussion_title>
<language>english</language>
<gmt_offset></gmt_offset>
<topic_url>https://www.theguardian.com/commentisfree/2016/dec/19/tree-of-the-year-britain-natural-world</topic_url>
<topic_text>
H e’s charismatic, muscular and simply would not be moved: the star of Saturday night TV was not Ore Oduba or Len Goodman, but the Brimmon oak . As the Strictly Come Dancing final was taking place on the BBC, over on Channel 4, Father Ted actor Ardal O’Hanlon pottered around Britain in search of the remarkable trees shortlisted for the Woodland Trust’s Tree of the Year competition.
O’Hanlon’s casting implies that giving prizes to trees is a marginal interest, but TOTY is growing vigorously and he extracted some quirky comedy from proceedings. “Can I sample your juice?” he asked a Bramley apple seller in the Nottinghamshire town where this cooking apple tree was accidentally born. But TOTY also showed how individual trees become central, celebrated members of our communities – revered elders that cause us to give thanks for life on earth.
There’s Old Knobbley in Essex; the Ding Dong tree in a Scottish playground, around which three generations of children have played a unique game of “it”; and the Bicycle tree in the Trossachs, which swallowed a bike. According to local legend, a young man leaned his bike against the tree for a blacksmith to repair, went off to the first world war and never returned to reclaim it.
2016 Woodland Trust tree of the year shortlist - in pictures Read more 
A fable for our times is the UK’s winning tree: the Brimmon oak in Powys. Generations of local farmer Mervyn Jones’s family have treasured this stout-trunked sentinel; a portrait of his forebears’ wedding in 1901 was taken in front of it.
The Brimmon oak was in fact due to be destroyed by a new bypass – until it was spotted by Rob McBride, an enthusiast known as “ the tree hunter ”, who identifies ancient trees. He launched a campaign, and earlier this year the Welsh assembly announced it would realign the bypass around the tree.
So what will 31st-century archeologists make of the remnants of a road that bent around an ancient tree? Did 21st-century society worship trees? Not exactly, but in an era of environmental devastation our awareness of something mightier than ourselves is a heartening sign of our better nature.
Benefits for badgers? An ad break during TOTY showed a real-life badger nosing around a coffee machine as part of the John Lewis Christmas ad campaign. This is bitterly ironic timing since the government has just announced the slaughter of 10,866 badgers in the three months to October – almost certainly a more intensive killing spree than at any moment in the long and vexed history of humans and badgers in Britain.
I vacillate between welcoming any onscreen depiction of nature, and wishing that animals were somehow copyrighted so that they could benefit from our exploitation. John Lewis is giving money to the Wildlife Trusts as a “thanks for the animals” but it could go further and refuse to stock produce sourced from pro-badger cull farms. This year I’m buying Christmas gifts from Lush – one company that has the guts to campaign against the badger cull.
Parakeets go wild 
Mr Brown, the last echo parakeet outside Mauritius, has died at the wildlife park founded by Gerald Durrell in Jersey. This is a cause for celebration, not mourning. E cho parakeets were virtually extinct – down to fewer than a dozen wild birds in 1986 – until they were championed by Durrell. After intensive conservation efforts in Mauritius, there are now more than 600 echo parakeets in the wild – so no need for a zoo population any more.
</topic_text>
<spam_score>0.00</spam_score>
<post_num>10</post_num>
<post_id>post-10</post_id>
<post_url>https://www.theguardian.com/commentisfree/2016/dec/19/tree-of-the-year-britain-natural-world#comment-89782882</post_url>
<post_date>20161219</post_date>
<post_time>1916</post_time>
<username>SteB1</username>
<post>
I&apos;d like to clarify these points to both yourself and @Donald Bruce.
There is a common misconception that it is all down to planting trees. In fact most land in the UK would quickly start to revert to woodland if it was just left alone. What matters more than tree planting is the land being designated as woodland and allowed to grow. Over the decades I have seen a lot of tree planting being attended by local dignitaries who get publicity of it. But then either no one cares for the land, or later on the land is developed for some other purpose.
@Donald Bruce
The cutting down of most native British broad-leaved trees does not kill them and they will in fact regrow from the stump, the bole, but with multiple stems. In fact this was the basis of woodland management in this country until the 19th Century or a bit later. Woods were managed by coppicing or pollarding (the difference is the height the trunk is cut off at), where the timber/wood grown was cropped, and then allowed to regrow from the same stump/bole. This in fact extends the life of the tree, and coppiced tree boles can be 1000s of years old.
https://en.wikipedia.org/wiki/Coppicing 
Before about the 17th Century in England, and a bit later elsewhere there was no plantation in Britain. All managed woodland grew through natural regeneration. This is why Ancient Woodland is defined as that which has been continually wooded from 1600, because nearly all woodland before then was naturally generated, and were generally remnants of the old wildwood which covered Britain before the clearance of much of it during the Neolithic period.
https://en.wikipedia.org/wiki/Ancient_woodland 
I make these points not to be pedantic but to inform and to avoid the widespread misconceptions which prevent the problem being addressed. The emphasis on tree planting is misleading, because it often does not lead to woodland in this place, and it is not the most important factor in creating more woodland. The most important aspect of creating more woodland is for that land to be designated and protected as woodland. 
Tree planting is to create woodland of a certain type more rapidly. Typically naturally generated woodland will go through successional phases , first scrub, then commonly Birch woodland, next Oaks eventually replace most of the Birch and after hundreds of years even the Oak will decrease in frequency as other broad-leaved trees get a hold.
</post>
<signature>

</signature>
<external_links>

</external_links>
<country>US</country>
<main_image>https://i.guim.co.uk/img/media/672aee55554db34ba20bc3be714b900509a7a749/0_25_2048_1229/master/2048.jpg?w=1200&amp;amp;h=630&amp;amp;q=55&amp;amp;auto=format&amp;amp;usm=12&amp;amp;fit=crop&amp;amp;crop=faces%2Centropy&amp;amp;bm=normal&amp;amp;ba=bottom%2Cleft&amp;amp;blend64=aHR0cHM6Ly91cGxvYWRzLmd1aW0uY28udWsvMjAxNi8wNS8yNS9vdmVybGF5LWxvZ28tMTIwMC05MF9vcHQucG5n&amp;amp;s=1f175d2a7208cb9c91f200fd9f4b4ae9</main_image>
</document>
