<?xml version="1.0" encoding="UTF-8"?>
<document>
<type>mainstream</type>
<forum>http://businessrecord.com/RSS/248</forum>
<forum_title>RSS Feed businessrecord.com : All Latest News</forum_title>
<discussion_title>On The Move: 12-19-16</discussion_title>
<language>english</language>
<gmt_offset></gmt_offset>
<topic_url>http://www.businessrecord.com:80/Content/Default/-All-Latest-News/Article/On-The-Move-12-19-16/-3/248/75860</topic_url>
<topic_text>
Promoted to vice president, new business, at American Equity Investment Life Insurance Co. West Des Moines Submit an On the Rise: Know an Iowa woman who recently started a new management or executive-level job? Send her name, position and company, along with a photo, to .
</topic_text>
<spam_score>0.00</spam_score>
<post_num>1</post_num>
<post_id>post-1</post_id>
<post_url>http://www.businessrecord.com:80/Content/Default/-All-Latest-News/Article/On-The-Move-12-19-16/-3/248/75860</post_url>
<post_date>20161219</post_date>
<post_time>1400</post_time>
<username></username>
<post>
Promoted to vice president, new business, at American Equity Investment Life Insurance Co. West Des Moines Submit an On the Rise: Know an Iowa woman who recently started a new management or executive-level job? Send her name, position and company, along with a photo, to .
</post>
<signature>

</signature>
<external_links>

</external_links>
<country>US</country>
<main_image></main_image>
</document>
