<?xml version="1.0" encoding="UTF-8"?>
<document>
<type>mainstream</type>
<forum>https://sports.yahoo.com/sitemap/stories/1.xml</forum>
<forum_title></forum_title>
<discussion_title>KHL player&apos;s empty net breakaway goes horribly wrong (Video)</discussion_title>
<language>english</language>
<gmt_offset>-6</gmt_offset>
<topic_url>https://sports.yahoo.com/news/khl-players-empty-net-breakaway-goes-horribly-wrong-video-215503153.html</topic_url>
<topic_text>
KHL / YouTube More Dinamo Minsk had the points locked up with a 2-0 lead over Metallurg late in the third period during Monday KHL action and forward Sergei Drozd was looking to add a third.
[ Follow Puck Daddy on Facebook]
But a funny thing happened on the way to Metallurg’s empty net, with the home side pulling their netminder for the extra attacker in hopes of staging a comeback. Drozd made a lovely move to get by defenseman Evgeny Viksna and had his first goal of the season in his sights – but then disaster struck.
The crowd’s audible shock certainly stands out after both missed chances, as does Viksna, who managed to catch up and try to clear the puck away after slowing down once Drozd got by him.
[ Join a Yahoo Daily Fantasy Hockey contest now ]
Fortunately for Drozd his miss was the worst thing to happen on that sequence as Metallurg didn’t go the other way and ruin Ben Scrivens’ shutout with a goal. Minsk would hang on to win 2-0 .
– – – – – – –
Sean Leahy is the associate editor for Puck Daddy on Yahoo Sports. Have a tip? Email him at puckdaddyblog@yahoo.com or follow him on Twitter! Follow @Sean_Leahy
</topic_text>
<spam_score>0.00</spam_score>
<post_num>1</post_num>
<post_id>post-1</post_id>
<post_url>https://sports.yahoo.com/news/khl-players-empty-net-breakaway-goes-horribly-wrong-video-215503153.html</post_url>
<post_date>20161219</post_date>
<post_time>2155</post_time>
<username>Puck Daddy</username>
<post>
KHL / YouTube More Dinamo Minsk had the points locked up with a 2-0 lead over Metallurg late in the third period during Monday KHL action and forward Sergei Drozd was looking to add a third.
[ Follow Puck Daddy on Facebook]
But a funny thing happened on the way to Metallurg’s empty net, with the home side pulling their netminder for the extra attacker in hopes of staging a comeback. Drozd made a lovely move to get by defenseman Evgeny Viksna and had his first goal of the season in his sights – but then disaster struck.
The crowd’s audible shock certainly stands out after both missed chances, as does Viksna, who managed to catch up and try to clear the puck away after slowing down once Drozd got by him.
[ Join a Yahoo Daily Fantasy Hockey contest now ]
Fortunately for Drozd his miss was the worst thing to happen on that sequence as Metallurg didn’t go the other way and ruin Ben Scrivens’ shutout with a goal. Minsk would hang on to win 2-0 .
– – – – – – –
Sean Leahy is the associate editor for Puck Daddy on Yahoo Sports. Have a tip? Email him at puckdaddyblog@yahoo.com or follow him on Twitter! Follow @Sean_Leahy
</post>
<signature>

</signature>
<external_links>
<external_link>https://s.yimg.com/ny/api/res/1.2/D__NLbAjq1J1.1IF2H3RIA--/YXBwaWQ9aGlnaGxhbmRlcjtzbT0xO3c9NTM1O2g9Mzk1/http://media.zenfs.com/en/homerun/feed_manager_auto_publish_494/63f7064b852d1e3e7c4607404fa908cc</external_link><external_link>http://en.khl.ru/game/405/50110/protocol/</external_link><external_link>https://twitter.com/Sean_Leahy</external_link><external_link>https://www.facebook.com/PuckDaddyYahoo/</external_link><external_link>http://bit.ly/2eAPzmu</external_link><external_link>https://www.youtube.com/embed/O7lYhU2aMIw?start=275</external_link><external_link>http://www.eliteprospects.com/player.php?player=17659</external_link>
</external_links>
<country>US</country>
<main_image>https://s.yimg.com/uu/api/res/1.2/ZpP6uNNmO.9Xpso7MX6GsA--/aD0zOTU7dz01MzU7c209MTthcHBpZD15dGFjaHlvbg--/http://media.zenfs.com/en/homerun/feed_manager_auto_publish_494/63f7064b852d1e3e7c4607404fa908cc</main_image>
</document>
