<?xml version="1.0" encoding="UTF-8"?>
<document>
<type>mainstream</type>
<forum></forum>
<forum_title></forum_title>
<discussion_title>Rugby League: ARLC chairman John Grant s head to go on the line - Yahoo7</discussion_title>
<language>english</language>
<gmt_offset></gmt_offset>
<topic_url>https://au.sports.yahoo.com/league/a/33613261/rugby-league-arlc-chairman-john-grants-head-to-go-on-the-line/</topic_url>
<topic_text>
Share Rugby League: ARLC chairman John Grant s head to go on the line - Yahoo7 NRL club bosses have arrived at Rugby League Central for their showdown with ARL Commission chairman John Grant. Close John Grant given last-minute ultimatum on funding deal UP NEXT VIDEO John Grant given last-minute ultimatum on funding deal 
Grant&apos;s fate will be decided at the emergency general meeting following his falling out with NRL clubs over funding. 
Prominent club bosses including Sydney Roosters&apos; Nick Politis, Canterbury&apos;s Ray Dib and Cronulla&apos;s Damian Keogh have filed in. 
The two groups met briefly for five minutes inside Rugby League Central before the meeting was adjourned. 
The clubs are considering a revised offer put to them by the NRL which could save Grant&apos;s head. 
The clubs are demanding Grant&apos;s resignation following his decision last month to rescind a club funding offer which had been agreed to by both parties. 
The deal, which had been agreed to in-principle for 12 months, was set to fund clubs at 130 per cent of the salary cap and deliver an extra $100 million per year into their coffers. 
After a meeting of the ARLC on the weekend, the NRL on Monday put forward a revised offer to the clubs in an attempt to come to a resolution. 
It&apos;s believed the NRL matched the 130 per cent agreement struck late last year however that was dependent on how much the salary cap rises by under the new collective bargaining agreement. 
The NRL doesn&apos;t want to risk blowing their budget should the salary cap rise by too much while they are not willing to commit to giving the clubs two chairs on the commission. 
AOC president John Coates is conducting a review into constitutional reform of the ARLC and the NRL is not willing to commit to any change until it is complete. 
If the clubs press ahead with plans to axe Grant, it&apos;s believed they have the numbers. 
The NRL-owned clubs Gold Coast and Newcastle will not vote to oust Grant however the other clubs, who have the support of the NSWRL, appear to have the requisite 14 of 26 votes. 
In explaining his decision to pull the club funding offer, Grant argued that the NRL could no longer afford it with a number of issues taking precedence including grassroots funding, taking over the NRL&apos;s digital arm from Telstra in 2018 and a sinking fund to support struggling clubs. 
&quot;Things have changed,&quot; Grant said last month. 
&quot;We had an agreement struck in December 2015 on a compacted funding. It was roughly $100 million extra to clubs per year and $100 million to grassroots. 
&quot;And the intervening years, the digital world&apos;s interrupting normal broadcast, we&apos;ve got participation issues that need to be addressed today. 
&quot;I&apos;d be very surprised if they (the clubs) don&apos;t understand what we&apos;re dealing with and we don&apos;t get to an outcome that is appropriate for all parties.&quot; 
</topic_text>
<spam_score>0.02</spam_score>
<post_num>1</post_num>
<post_id>post-1</post_id>
<post_url>https://au.sports.yahoo.com/league/a/33613261/rugby-league-arlc-chairman-john-grants-head-to-go-on-the-line/</post_url>
<post_date>20161220</post_date>
<post_time></post_time>
<username>Steve Zemek</username>
<post>
Share Rugby League: ARLC chairman John Grant s head to go on the line - Yahoo7 NRL club bosses have arrived at Rugby League Central for their showdown with ARL Commission chairman John Grant. Close John Grant given last-minute ultimatum on funding deal UP NEXT VIDEO John Grant given last-minute ultimatum on funding deal 
Grant&apos;s fate will be decided at the emergency general meeting following his falling out with NRL clubs over funding. 
Prominent club bosses including Sydney Roosters&apos; Nick Politis, Canterbury&apos;s Ray Dib and Cronulla&apos;s Damian Keogh have filed in. 
The two groups met briefly for five minutes inside Rugby League Central before the meeting was adjourned. 
The clubs are considering a revised offer put to them by the NRL which could save Grant&apos;s head. 
The clubs are demanding Grant&apos;s resignation following his decision last month to rescind a club funding offer which had been agreed to by both parties. 
The deal, which had been agreed to in-principle for 12 months, was set to fund clubs at 130 per cent of the salary cap and deliver an extra $100 million per year into their coffers. 
After a meeting of the ARLC on the weekend, the NRL on Monday put forward a revised offer to the clubs in an attempt to come to a resolution. 
It&apos;s believed the NRL matched the 130 per cent agreement struck late last year however that was dependent on how much the salary cap rises by under the new collective bargaining agreement. 
The NRL doesn&apos;t want to risk blowing their budget should the salary cap rise by too much while they are not willing to commit to giving the clubs two chairs on the commission. 
AOC president John Coates is conducting a review into constitutional reform of the ARLC and the NRL is not willing to commit to any change until it is complete. 
If the clubs press ahead with plans to axe Grant, it&apos;s believed they have the numbers. 
The NRL-owned clubs Gold Coast and Newcastle will not vote to oust Grant however the other clubs, who have the support of the NSWRL, appear to have the requisite 14 of 26 votes. 
In explaining his decision to pull the club funding offer, Grant argued that the NRL could no longer afford it with a number of issues taking precedence including grassroots funding, taking over the NRL&apos;s digital arm from Telstra in 2018 and a sinking fund to support struggling clubs. 
&quot;Things have changed,&quot; Grant said last month. 
&quot;We had an agreement struck in December 2015 on a compacted funding. It was roughly $100 million extra to clubs per year and $100 million to grassroots. 
&quot;And the intervening years, the digital world&apos;s interrupting normal broadcast, we&apos;ve got participation issues that need to be addressed today. 
&quot;I&apos;d be very surprised if they (the clubs) don&apos;t understand what we&apos;re dealing with and we don&apos;t get to an outcome that is appropriate for all parties.&quot; 
</post>
<signature>

</signature>
<external_links>

</external_links>
<country>AU</country>
<main_image>https://s.yimg.com/iu/api/res/1.2/x7lSFUKm46RIHLAKPUHHEA--/YXBwaWQ9eXZpZGVvO3E9NzA7bj0xO2ZpbGw7cm90YXRlPWF1dG8-/https://s.yimg.com/ea/img/-/161220/585842f32eeec_266jgrant_630.jpg</main_image>
</document>
