<?xml version="1.0" encoding="UTF-8"?>
<document>
<type>mainstream</type>
<forum></forum>
<forum_title></forum_title>
<discussion_title>Océ TrueProof V5 | PrintingNews.com</discussion_title>
<language>english</language>
<gmt_offset></gmt_offset>
<topic_url>http://www.printingnews.com/product/12248735/canon-usa-professional-large-format-printing-oce-trueproof-v5</topic_url>
<topic_text>
| Share | Share 
Océ TrueProof V5 from Canon USA (Booth 1500) is a software proofing tool for time-critical production printing now comes with two optional modules for color proofing either as soft-proof on a calibrated LCD monitor or as hardcopy color proof on the Canon imagePROGRAF 6450. Océ TrueProof V5 allows print providers to cope with inconsistencies in layout, registration, job estimating and optionally color proofing, all during the file preparation process and prior to final production, helping to ensure the customer will get the printed product they need while gaining production efficiency. Océ TrueProof allows a pixel-precise preview of applications, with registration accuracy of recto/verso printing in a semi-transparent preview, a superimposing of preprinted forms to check for imprint alignment and data and resources integrity through the entire print workflow, including RIP. Moreover, Océ TrueProof V5 determines color coverage and calculates ink usage for vital costs calculations. The new, optional, SoftProof tool creates press quality soft proofs on high-end calibrated LCD displays to gain customer approval or expedite color adjustments if necessary, prior to final production. Océ SoftProof combines calibration, validation, visualization and customer communication in to an easy to use software package. Continue Reading 
</topic_text>
<spam_score>0.20</spam_score>
<post_num>1</post_num>
<post_id>post-1</post_id>
<post_url>http://www.printingnews.com/product/12248735/canon-usa-professional-large-format-printing-oce-trueproof-v5</post_url>
<post_date>20160816</post_date>
<post_time></post_time>
<username></username>
<post>
| Share | Share 
Océ TrueProof V5 from Canon USA (Booth 1500) is a software proofing tool for time-critical production printing now comes with two optional modules for color proofing either as soft-proof on a calibrated LCD monitor or as hardcopy color proof on the Canon imagePROGRAF 6450. Océ TrueProof V5 allows print providers to cope with inconsistencies in layout, registration, job estimating and optionally color proofing, all during the file preparation process and prior to final production, helping to ensure the customer will get the printed product they need while gaining production efficiency. Océ TrueProof allows a pixel-precise preview of applications, with registration accuracy of recto/verso printing in a semi-transparent preview, a superimposing of preprinted forms to check for imprint alignment and data and resources integrity through the entire print workflow, including RIP. Moreover, Océ TrueProof V5 determines color coverage and calculates ink usage for vital costs calculations. The new, optional, SoftProof tool creates press quality soft proofs on high-end calibrated LCD displays to gain customer approval or expedite color adjustments if necessary, prior to final production. Océ SoftProof combines calibration, validation, visualization and customer communication in to an easy to use software package. Continue Reading 
</post>
<signature>

</signature>
<external_links>

</external_links>
<country>US</country>
<main_image>http://r2.printingnews.com/files/base/CGN/image/2016/08/16x9/1280x720/TrueProof.57bc9a4b35f1f.jpg</main_image>
</document>
