<?xml version="1.0" encoding="UTF-8"?>
<document>
<type>mainstream</type>
<forum>http://www.doolnews.com/feed/</forum>
<forum_title>doolnews.com | Kerala&apos;s No1 News Portal</forum_title>
<discussion_title>നോട്ട് പ്രതിസന്ധി; കണ്ണൂരില്‍ സിമന്റ് വ്യാപാരി കടയ്ക്കുള്ളില്‍ ആത്മഹത്യ ചെയ്തു</discussion_title>
<language>malayalam</language>
<gmt_offset></gmt_offset>
<topic_url>http://www.doolnews.com/merchant-suicide-on-demonitization-kannur624.html</topic_url>
<topic_text>
നോട്ട് പ്രതിസന്ധി; കണ്ണൂരില്‍ സിമന്റ് വ്യാപാരി കടയ്ക്കുള്ളില്‍ ആത്മഹത്യ ചെയ്തു 19th December 2016 
വ്യാപാരത്തിന്റെ ഭാഗമായി പലരില്‍ നിന്നും വലിയ തുക ലഭിക്കാനുണ്ടായിരുന്നു. സിമന്റ് വാങ്ങിയ വകയില്‍ സിമന്റ് ഡീലര്‍മാര്‍ക്കും പണം നല്‍കാനുണ്ടായിരുന്നുവെന്നും ബന്ധുക്കള്‍ പറയുന്നു. 
കണ്ണൂര്‍: നോട്ടുപ്രതിസന്ധിയെത്തുടര്‍ന്ന് കണ്ണൂര്‍ ഇരിട്ടിയില്‍ വ്യാപാരി ആത്മഹത്യ ചെയ്തു. ഇരിട്ടി മുഴക്കുന്ന് സ്വദേശിയും സിമന്റ് വ്യാപാരിയുമായ ബാബുവിനെയാണ് കടയ്ക്കുള്ളില്‍ ആത്മഹത്യ ചെയ്തനിലയില്‍ കണ്ടെത്തിയത്. 
നോട്ട് നിരോധനത്തെ തുടര്‍ന്ന് വ്യാപാരം നഷ്ടത്തിലായതുമൂലമുണ്ടായ മ്പത്തികപ്രതിസന്ധിയെത്തുടര്‍ന്നാണ് ബാബു ആത്മഹത്യ ചെയ്തതെന്ന് ബന്ധുക്കളും നാട്ടുകാരും ആരോപിച്ചു. വ്യാപാരത്തിന്റെ ഭാഗമായി പലരില്‍ നിന്നും വലിയ തുക ലഭിക്കാനുണ്ടായിരുന്നു. സിമന്റ് വാങ്ങിയ വകയില്‍ സിമന്റ് ഡീലര്‍മാര്‍ക്കും പണം നല്‍കാനുണ്ടായിരുന്നുവെന്നും ബന്ധുക്കള്‍ പറയുന്നു.
</topic_text>
<spam_score>0.00</spam_score>
<post_num>1</post_num>
<post_id>post-1</post_id>
<post_url>http://www.doolnews.com/merchant-suicide-on-demonitization-kannur624.html</post_url>
<post_date>20161219</post_date>
<post_time>0943</post_time>
<username>editor</username>
<post>
നോട്ട് പ്രതിസന്ധി; കണ്ണൂരില്‍ സിമന്റ് വ്യാപാരി കടയ്ക്കുള്ളില്‍ ആത്മഹത്യ ചെയ്തു 19th December 2016 
വ്യാപാരത്തിന്റെ ഭാഗമായി പലരില്‍ നിന്നും വലിയ തുക ലഭിക്കാനുണ്ടായിരുന്നു. സിമന്റ് വാങ്ങിയ വകയില്‍ സിമന്റ് ഡീലര്‍മാര്‍ക്കും പണം നല്‍കാനുണ്ടായിരുന്നുവെന്നും ബന്ധുക്കള്‍ പറയുന്നു. 
കണ്ണൂര്‍: നോട്ടുപ്രതിസന്ധിയെത്തുടര്‍ന്ന് കണ്ണൂര്‍ ഇരിട്ടിയില്‍ വ്യാപാരി ആത്മഹത്യ ചെയ്തു. ഇരിട്ടി മുഴക്കുന്ന് സ്വദേശിയും സിമന്റ് വ്യാപാരിയുമായ ബാബുവിനെയാണ് കടയ്ക്കുള്ളില്‍ ആത്മഹത്യ ചെയ്തനിലയില്‍ കണ്ടെത്തിയത്. 
നോട്ട് നിരോധനത്തെ തുടര്‍ന്ന് വ്യാപാരം നഷ്ടത്തിലായതുമൂലമുണ്ടായ മ്പത്തികപ്രതിസന്ധിയെത്തുടര്‍ന്നാണ് ബാബു ആത്മഹത്യ ചെയ്തതെന്ന് ബന്ധുക്കളും നാട്ടുകാരും ആരോപിച്ചു. വ്യാപാരത്തിന്റെ ഭാഗമായി പലരില്‍ നിന്നും വലിയ തുക ലഭിക്കാനുണ്ടായിരുന്നു. സിമന്റ് വാങ്ങിയ വകയില്‍ സിമന്റ് ഡീലര്‍മാര്‍ക്കും പണം നല്‍കാനുണ്ടായിരുന്നുവെന്നും ബന്ധുക്കള്‍ പറയുന്നു.
</post>
<signature>

</signature>
<external_links>

</external_links>
<country>US</country>
<main_image>http://www.doolnews.com/wp-content/uploads/2016/12/suicide.jpg</main_image>
</document>
