<?xml version="1.0" encoding="UTF-8"?>
<document>
<type>mainstream</type>
<forum>http://www.elboletin.com/rss_mercados.php</forum>
<forum_title>Elboletin.com | Mercados</forum_title>
<discussion_title>El Popular se queda fuera de la cesta de bancos de referencia de la Bolsa de Barcelona</discussion_title>
<language>spanish</language>
<gmt_offset></gmt_offset>
<topic_url>http://www.elboletin.com/mercados/143360/banco-popular-pierde-indice-bolsa-barcelona.html</topic_url>
<topic_text>
Mercados Banco Popular El Popular se queda fuera de la cesta de bancos de referencia de la Bolsa de Barcelona La revisión de índices de la Bolsa de Barcelona tiene efectos desde este mismo lunes. El BCN IndexCAT, su indicador regional por excelencia, expulsa a Naturhouse. Seguir a @elboletinmadrid El Popular se queda fuera de la cesta de bancos de referencia de la Bolsa de Barcelona . Los responsables del parqué de la Ciudad Condal han retirado al todavía presidido por Ángel Ron de la lista de las cinco entidades más representativas a favor de Bankinter, que desde esta semana pasa a integrarse en el indicador BCN-5 Bancos . La expulsión de Popular se ha decidido “en función de la liquidez y capitalización de los distintos valores” del sector financiero admitidos a negociación en la Bolsa de Barcelona, según han dado a conocer los responsables de esta plaza. Se han producido cambios tanto en los índices de referencia que replican alguno de los índices nacionales de Bolsa como en muchos de los sectoriales propios. Así, en la cesta BCN Top Euro se incluye ahora a la aseguradora Mapfre. También en la cesta BCN-5 Alimentación y Tabaco se ha dado lugar a Coca-Cola European Partners y Telepizza en sustitución de la bodeguera Barón de Ley y la firma de dietética Naturhouse. En BCN-5 Comercio Ocio y Turismo, Aena se gana la plaza que hasta ahora se reservaba a NH Hotel Group. En la cesta BCN-5 Tecnología y Telecomunicaciones, Dominion y Telefónica sustituyen a Ezentis y Amper, mientras que en la BCN-5 Servicios Prosegur toma el testigo de Telefónica. En el índice BCN Global-100 , que incluye el centenar de valores más negociados en la Bolsa de Barcelona además de incorporar las compañías integrantes de los selectivos Ibex 35 y BCN MID-50, se ha dado de alta a Sniace, Telepizza, Grupo San José, Parques Reunidos, Dominion Global Access, Tecnocom, Coca-Cola European Partners, Oryzon Genomics y Elecnor. Fuera del indicador se han quedado en esta revisión Prim, Laboratorios Rovi, Reig Jofre, Inypsa, Iberpapel, Alantra (Nmas1 Dinamia), Adveo, Renta Corporación y Barón de Ley. Por lo que se refiere al índice regional por excelencia de la Bolsa de Barcelona, el BCN IndexCAT , que incluye los 15 valores de las empresas con sede social en Cataluña negociados en esta plaza y con la capitalización bursátil más abultada ajustada por capital flotante, se ha producido un único cambio. Según han informado desde las sociedad rectora de los parqués españoles, Dogi International ha quitado su puesto a Naturhouse con efectos desde este mismo lunes. NOTICIAS RELACIONADAS
</topic_text>
<spam_score>0.00</spam_score>
<post_num>1</post_num>
<post_id>post-1</post_id>
<post_url>http://www.elboletin.com/mercados/143360/banco-popular-pierde-indice-bolsa-barcelona.html</post_url>
<post_date>20161219</post_date>
<post_time>0000</post_time>
<username></username>
<post>
Mercados Banco Popular El Popular se queda fuera de la cesta de bancos de referencia de la Bolsa de Barcelona La revisión de índices de la Bolsa de Barcelona tiene efectos desde este mismo lunes. El BCN IndexCAT, su indicador regional por excelencia, expulsa a Naturhouse. Seguir a @elboletinmadrid El Popular se queda fuera de la cesta de bancos de referencia de la Bolsa de Barcelona . Los responsables del parqué de la Ciudad Condal han retirado al todavía presidido por Ángel Ron de la lista de las cinco entidades más representativas a favor de Bankinter, que desde esta semana pasa a integrarse en el indicador BCN-5 Bancos . La expulsión de Popular se ha decidido “en función de la liquidez y capitalización de los distintos valores” del sector financiero admitidos a negociación en la Bolsa de Barcelona, según han dado a conocer los responsables de esta plaza. Se han producido cambios tanto en los índices de referencia que replican alguno de los índices nacionales de Bolsa como en muchos de los sectoriales propios. Así, en la cesta BCN Top Euro se incluye ahora a la aseguradora Mapfre. También en la cesta BCN-5 Alimentación y Tabaco se ha dado lugar a Coca-Cola European Partners y Telepizza en sustitución de la bodeguera Barón de Ley y la firma de dietética Naturhouse. En BCN-5 Comercio Ocio y Turismo, Aena se gana la plaza que hasta ahora se reservaba a NH Hotel Group. En la cesta BCN-5 Tecnología y Telecomunicaciones, Dominion y Telefónica sustituyen a Ezentis y Amper, mientras que en la BCN-5 Servicios Prosegur toma el testigo de Telefónica. En el índice BCN Global-100 , que incluye el centenar de valores más negociados en la Bolsa de Barcelona además de incorporar las compañías integrantes de los selectivos Ibex 35 y BCN MID-50, se ha dado de alta a Sniace, Telepizza, Grupo San José, Parques Reunidos, Dominion Global Access, Tecnocom, Coca-Cola European Partners, Oryzon Genomics y Elecnor. Fuera del indicador se han quedado en esta revisión Prim, Laboratorios Rovi, Reig Jofre, Inypsa, Iberpapel, Alantra (Nmas1 Dinamia), Adveo, Renta Corporación y Barón de Ley. Por lo que se refiere al índice regional por excelencia de la Bolsa de Barcelona, el BCN IndexCAT , que incluye los 15 valores de las empresas con sede social en Cataluña negociados en esta plaza y con la capitalización bursátil más abultada ajustada por capital flotante, se ha producido un único cambio. Según han informado desde las sociedad rectora de los parqués españoles, Dogi International ha quitado su puesto a Naturhouse con efectos desde este mismo lunes. NOTICIAS RELACIONADAS
</post>
<signature>

</signature>
<external_links>

</external_links>
<country>ES</country>
<main_image>http://www.elboletin.com/imagenes/portada/banco-popular-2p.jpg</main_image>
</document>
