<?xml version="1.0" encoding="UTF-8"?>
<document>
<type>mainstream</type>
<forum>http://wartakota.tribunnews.com/rss</forum>
<forum_title>Wartakota</forum_title>
<discussion_title>Ahok Mengaku Siap Dicopot Dari Jabatan Gubernur DKI Jakarta, Ini Catatannya</discussion_title>
<language>indonesian</language>
<gmt_offset></gmt_offset>
<topic_url>http://wartakota.tribunnews.com/2016/12/20/ahok-mengaku-siap-dicopot-dari-jabatan-gubernur-dki-jakarta</topic_url>
<topic_text>
Sidang Ahok Ahok Mengaku Siap Dicopot Dari Jabatan Gubernur DKI Jakarta, Ini Catatannya Gubernur DKI Jakarta nonaktif Basuki Tjahaja Purnama alias Ahok mengaku siap diberhentikan dari jabatannya karena telibat kasus pidana. Selasa, 20 Desember 2016 05:30 Tribunnews.com Gubenur DKI Jakarta non aktif Basuki Tjahaja Purnama atau yang biasa disapa Ahok mengikuti persidangan perdana kasusnya di Pengadilan Negeri Jakarta Utara, Jakarta, Selasa (13/12/2016). Ahok diajukan ke pengadilan terkait dugaan penistaan agama yang dilakukannya dalam sebuah acara di Kepulauan Seribu beberapa waktu silam. 
WARTA KOTA, PALMERAH-- Gubernur DKI Jakarta nonaktif Basuki Tjahaja Purnama alias Ahok akan patuh bila diharuskan menanggalkan jabatannya atau dicopot dari jabatannya sebagai Gubernur DKI Jakarta. 
Diketahui, Kementerian Dalam Negeri telah mengirim surat permintaan penjelasan ke Pengadilan Jakarta Utara, terkait perkara kasus dugaan penodaan agama yang menjadikan Ahok sebagao terdakwa. 
Keputusan pengadilan soal pemberhentian sebagai Gubernur DKI, Ahok mengaku akan menerimanya. 
&quot;Kita sih tunggu saja, keputusan hakim kan bisa besok, bisa 10 Januari (2017) kan, ya tunggu saja,&quot; kata mantan Bupati Belitung Timur tersebut. 
Ahok mengatakan, ketentuan Undang-undang tidak mengharuskan seorang kepala daerah berhenti, karena terjerat kasus hukum. Hal itu berlaku, bila ancaman hukuman di bawah lima tahun. 
&quot;Kalau yang diputuskan 4 tahun, kan tidak perlu berhenti, tapi kita lihat saja,&quot; imbuh Ahok. 
Peraturan yang dimaksud Ahok adalah pasal 83 ayat 1 Undang-undang Nomor 23 Tahun 2014. 
Beleid tersebut menyebukan &quot;Kepala daerah dan/atau wakil kepala daerah diberhentikan sementara tanpa melalui usulan DPRD karena didakwa melakukan tindak pidana kejahatan yang diancam dengan pidana penjara paling singkat 5 (lima) tahun, tindak pidana korupsi, tindak pidana terorisme, makar, tindak pidana terhadap keamanan negara, dan/atau perbuatan lain yang dapat memecah belah Negara Kesatuan Republik Indonesia.&quot; 
Ayat 2 pasal yang sama menyebut, &quot;Kepala daerah dan/atau wakil kepala daerah yang menjadi terdakwa sebagaimana dimaksud pada ayat (1) diberhentikan sementara berdasarkan register perkara di pengadilan.&quot; (Dennis Destryawan) Ikuti kami di
</topic_text>
<spam_score>0.00</spam_score>
<post_num>1</post_num>
<post_id>post-1</post_id>
<post_url>http://wartakota.tribunnews.com/2016/12/20/ahok-mengaku-siap-dicopot-dari-jabatan-gubernur-dki-jakarta</post_url>
<post_date>20161219</post_date>
<post_time>2230</post_time>
<username></username>
<post>
Sidang Ahok Ahok Mengaku Siap Dicopot Dari Jabatan Gubernur DKI Jakarta, Ini Catatannya Gubernur DKI Jakarta nonaktif Basuki Tjahaja Purnama alias Ahok mengaku siap diberhentikan dari jabatannya karena telibat kasus pidana. Selasa, 20 Desember 2016 05:30 Tribunnews.com Gubenur DKI Jakarta non aktif Basuki Tjahaja Purnama atau yang biasa disapa Ahok mengikuti persidangan perdana kasusnya di Pengadilan Negeri Jakarta Utara, Jakarta, Selasa (13/12/2016). Ahok diajukan ke pengadilan terkait dugaan penistaan agama yang dilakukannya dalam sebuah acara di Kepulauan Seribu beberapa waktu silam. 
WARTA KOTA, PALMERAH-- Gubernur DKI Jakarta nonaktif Basuki Tjahaja Purnama alias Ahok akan patuh bila diharuskan menanggalkan jabatannya atau dicopot dari jabatannya sebagai Gubernur DKI Jakarta. 
Diketahui, Kementerian Dalam Negeri telah mengirim surat permintaan penjelasan ke Pengadilan Jakarta Utara, terkait perkara kasus dugaan penodaan agama yang menjadikan Ahok sebagao terdakwa. 
Keputusan pengadilan soal pemberhentian sebagai Gubernur DKI, Ahok mengaku akan menerimanya. 
&quot;Kita sih tunggu saja, keputusan hakim kan bisa besok, bisa 10 Januari (2017) kan, ya tunggu saja,&quot; kata mantan Bupati Belitung Timur tersebut. 
Ahok mengatakan, ketentuan Undang-undang tidak mengharuskan seorang kepala daerah berhenti, karena terjerat kasus hukum. Hal itu berlaku, bila ancaman hukuman di bawah lima tahun. 
&quot;Kalau yang diputuskan 4 tahun, kan tidak perlu berhenti, tapi kita lihat saja,&quot; imbuh Ahok. 
Peraturan yang dimaksud Ahok adalah pasal 83 ayat 1 Undang-undang Nomor 23 Tahun 2014. 
Beleid tersebut menyebukan &quot;Kepala daerah dan/atau wakil kepala daerah diberhentikan sementara tanpa melalui usulan DPRD karena didakwa melakukan tindak pidana kejahatan yang diancam dengan pidana penjara paling singkat 5 (lima) tahun, tindak pidana korupsi, tindak pidana terorisme, makar, tindak pidana terhadap keamanan negara, dan/atau perbuatan lain yang dapat memecah belah Negara Kesatuan Republik Indonesia.&quot; 
Ayat 2 pasal yang sama menyebut, &quot;Kepala daerah dan/atau wakil kepala daerah yang menjadi terdakwa sebagaimana dimaksud pada ayat (1) diberhentikan sementara berdasarkan register perkara di pengadilan.&quot; (Dennis Destryawan) Ikuti kami di
</post>
<signature>

</signature>
<external_links>

</external_links>
<country>US</country>
<main_image>http://cdn2.tstatic.net/wartakota/foto/bank/images/20161215-ahok1_20161215_065644.jpg</main_image>
</document>
