<?xml version="1.0" encoding="UTF-8"?>
<document>
<type>mainstream</type>
<forum>http://www.thefield.co.uk/feeds/features</forum>
<forum_title>The Field</forum_title>
<discussion_title>Party spirits: the best Christmas cocktails</discussion_title>
<language>english</language>
<gmt_offset></gmt_offset>
<topic_url>http://www.thefield.co.uk/food/drink/best-christmas-cocktails-party-spirits-38391</topic_url>
<topic_text>
Elderberry vodka is simple to make and will last for months if you can resist it. Elderberries are not grown… THE BEST CHRISTMAS COCKTAILS 
Nothing can create festive spirit quite like your own concoctions. Follow The Field’s top tips for the best Christmas cocktails. With Philippa Davis’ clementine margarita and Emily Arbuthnott’s dark creations, these are perfect for a seasonal shindig. 
CLEMENTINE MARGARITAS Begin with a clementine margarita. 
Philippa Davis will be sipping away on a clementine margarita while cooking the festive feast. By far the best way to cook at Christmas. 
Serves 8 200ml (7fl oz) tequila, chilled 150ml (5fl oz) sugar syrup, chilled (one part water dissolved in one part white sugar) 250ml (9fl oz) clementine juice, chilled Juice 3 limes 8 thin slices of clementine to garnish plus a one-quarter wedge 2 tbsp salt or white sugar 
Shake the tequila, sugar syrup, clementine and lime juice over ice (I sometimes make a jug of the mix a few hours before serving and store it in the fridge or freezer instead of shaking it over ice). 
Rim the cocktail glasses by running the one-quarter wedge of clementine around the lip then dipping the glass into a saucer filled with salt or sugar, whichever your prefer. 
Pour in your chilled margarita mix and garnish with a thin slice of clementine. 
ATHOLL BROSE 
According to legend, this is named after the first Earl of Atholl, who quashed a Highland rebellion in 1475 by filling the rebel leader’s well with the mixture, making him easily captured. When made with cream the drink is rather like Baileys Irish Cream. 1 litre (13⁄4 pints) whisky 180g (61⁄3oz) medium-coarse oats 1⁄2 pint double cream 120ml (4fl oz) runny honey 
Combine the whisky and oats in a shallow dish. Cover the mixture with linen and leave in a cool, dark place for at least 48 hours. Remove the clear liquids from this mixture, using the linen to squeeze last drop of whisky out. Transfer the liquid to a bottle with a neck wide enough for you to be able to stir it. Very slowly pour the cream into the liquid, stirring with a wooden spoon as you do so. Then add the honey, stirring continually and evenly. Home-made liqueurs make considerate, personal presents. 
SKITTLES VODKA 
Emily Arbuthnott’s rainbow-bright show-stopper is guaranteed to impress. 5 bottles vodka 5 200g bags Skittles (about 21⁄5lb in all) 5g (1⁄5oz) pot edible silver or gold glitter 
You will need five 700ml (25fl oz) bottles. Segregate the Skittles into five colour batches, one for each bottle. Pour out some vodka from each bottle to make room for the Skittles, 23 sweets per 350ml (12fl oz). Ensure the bottles are well sealed and put in the dishwasher on an intensive cycle. One-third of the way through the cycle, shake all the bottles vigorously. Repeat this two-thirds into the cycle. Once the cycle has finished, shake the bottles vigorously once more and place them in the freezer for two hours. When the vodka is cold, pour the syrupy mixture through a coffee filter or muslin into a jug. Wash out the bottles and pour the vodka back in with edible glitter. Ensure that the filter thoroughly cleaned between uses to prevent colour contamination. Seal the bottles and label. Put all the bottles back into the freezer until you are ready to serve or give as a present. 
HOT BUTTERED RUM The scent of hot buttered rum cheers. Knob of butter 60ml (2fl oz) home-made spiced rum 120ml (4fl oz) boiling-hot water Cinnamon stick 
Beat together the butter and brown sugar in a bowl and add the spiced rum. Pour over the boiling water and whisk until blended. Place the cinnamon stick into the glass and pour over the hot rum. Stir using the cinnamon. 
EDITOR’S GINGER LIQUEUR 1 jar stem ginger in syrup 2 bottles Aldi Napoleon brandy 
Chop the stem ginger, keeping the syrup. Then combine both with the brandy. Seal, label and leave for a minimum of 10 days. 
WHISKY MAC 
Whisky Mac, the grande dame of cocktails, pre-dating the martini by 20 years, is a fabulous evening drink, particularly when made with home-made ginger liqueur, thus preserving the seal on that aged single malt for another time. Use lowball glasses to let the aroma escape. 10ml (1⁄3fl oz) home-made ginger liqueur 40ml (11⁄2fl oz) whisky – nothing too heavy 
Pour whisky, then ginger over a few ice cubes. Garnish with a fresh slice of ginger Take your time when concocting a cocktail. 
SPICED RUM 750ml bottle (11⁄3 pints) medium-bodied, aged rum 3 cloves
</topic_text>
<spam_score>0.00</spam_score>
<post_num>1</post_num>
<post_id>post-1</post_id>
<post_url>http://www.thefield.co.uk/food/drink/best-christmas-cocktails-party-spirits-38391</post_url>
<post_date>20161219</post_date>
<post_time>1258</post_time>
<username>The Field</username>
<post>
Elderberry vodka is simple to make and will last for months if you can resist it. Elderberries are not grown… THE BEST CHRISTMAS COCKTAILS 
Nothing can create festive spirit quite like your own concoctions. Follow The Field’s top tips for the best Christmas cocktails. With Philippa Davis’ clementine margarita and Emily Arbuthnott’s dark creations, these are perfect for a seasonal shindig. 
CLEMENTINE MARGARITAS Begin with a clementine margarita. 
Philippa Davis will be sipping away on a clementine margarita while cooking the festive feast. By far the best way to cook at Christmas. 
Serves 8 200ml (7fl oz) tequila, chilled 150ml (5fl oz) sugar syrup, chilled (one part water dissolved in one part white sugar) 250ml (9fl oz) clementine juice, chilled Juice 3 limes 8 thin slices of clementine to garnish plus a one-quarter wedge 2 tbsp salt or white sugar 
Shake the tequila, sugar syrup, clementine and lime juice over ice (I sometimes make a jug of the mix a few hours before serving and store it in the fridge or freezer instead of shaking it over ice). 
Rim the cocktail glasses by running the one-quarter wedge of clementine around the lip then dipping the glass into a saucer filled with salt or sugar, whichever your prefer. 
Pour in your chilled margarita mix and garnish with a thin slice of clementine. 
ATHOLL BROSE 
According to legend, this is named after the first Earl of Atholl, who quashed a Highland rebellion in 1475 by filling the rebel leader’s well with the mixture, making him easily captured. When made with cream the drink is rather like Baileys Irish Cream. 1 litre (13⁄4 pints) whisky 180g (61⁄3oz) medium-coarse oats 1⁄2 pint double cream 120ml (4fl oz) runny honey 
Combine the whisky and oats in a shallow dish. Cover the mixture with linen and leave in a cool, dark place for at least 48 hours. Remove the clear liquids from this mixture, using the linen to squeeze last drop of whisky out. Transfer the liquid to a bottle with a neck wide enough for you to be able to stir it. Very slowly pour the cream into the liquid, stirring with a wooden spoon as you do so. Then add the honey, stirring continually and evenly. Home-made liqueurs make considerate, personal presents. 
SKITTLES VODKA 
Emily Arbuthnott’s rainbow-bright show-stopper is guaranteed to impress. 5 bottles vodka 5 200g bags Skittles (about 21⁄5lb in all) 5g (1⁄5oz) pot edible silver or gold glitter 
You will need five 700ml (25fl oz) bottles. Segregate the Skittles into five colour batches, one for each bottle. Pour out some vodka from each bottle to make room for the Skittles, 23 sweets per 350ml (12fl oz). Ensure the bottles are well sealed and put in the dishwasher on an intensive cycle. One-third of the way through the cycle, shake all the bottles vigorously. Repeat this two-thirds into the cycle. Once the cycle has finished, shake the bottles vigorously once more and place them in the freezer for two hours. When the vodka is cold, pour the syrupy mixture through a coffee filter or muslin into a jug. Wash out the bottles and pour the vodka back in with edible glitter. Ensure that the filter thoroughly cleaned between uses to prevent colour contamination. Seal the bottles and label. Put all the bottles back into the freezer until you are ready to serve or give as a present. 
HOT BUTTERED RUM The scent of hot buttered rum cheers. Knob of butter 60ml (2fl oz) home-made spiced rum 120ml (4fl oz) boiling-hot water Cinnamon stick 
Beat together the butter and brown sugar in a bowl and add the spiced rum. Pour over the boiling water and whisk until blended. Place the cinnamon stick into the glass and pour over the hot rum. Stir using the cinnamon. 
EDITOR’S GINGER LIQUEUR 1 jar stem ginger in syrup 2 bottles Aldi Napoleon brandy 
Chop the stem ginger, keeping the syrup. Then combine both with the brandy. Seal, label and leave for a minimum of 10 days. 
WHISKY MAC 
Whisky Mac, the grande dame of cocktails, pre-dating the martini by 20 years, is a fabulous evening drink, particularly when made with home-made ginger liqueur, thus preserving the seal on that aged single malt for another time. Use lowball glasses to let the aroma escape. 10ml (1⁄3fl oz) home-made ginger liqueur 40ml (11⁄2fl oz) whisky – nothing too heavy 
Pour whisky, then ginger over a few ice cubes. Garnish with a fresh slice of ginger Take your time when concocting a cocktail. 
SPICED RUM 750ml bottle (11⁄3 pints) medium-bodied, aged rum 3 cloves
</post>
<signature>

</signature>
<external_links>

</external_links>
<country>GB</country>
<main_image>http://keyassets.timeincuk.net/inspirewp/live/wp-content/uploads/sites/3/2016/12/Best-Christmas-cocktails.-Champagne.jpg</main_image>
</document>
