<?xml version="1.0" encoding="UTF-8"?>
<document>
<type>mainstream</type>
<forum>http://elbilad.net//feed/article</forum>
<forum_title>Article Feed</forum_title>
<discussion_title>9 قتلى و50 جريحا في اقتحام شاحنة لسوق عيد الميلاد ببرلين</discussion_title>
<language>arabic</language>
<gmt_offset></gmt_offset>
<topic_url>http://www.elbilad.net/article/detail?titre=9-%D9%82%D8%AA%D9%84%D9%89-%D9%8850-%D8%AC%D8%B1%D9%8A%D8%AD%D8%A7-%D9%81%D9%8A-%D8%A7%D9%82%D8%AA%D8%AD%D8%A7%D9%85-%D8%B4%D8%A7%D8%AD%D9%86%D8%A9-%D9%84%D8%B3%D9%88%D9%82-%D8%B9%D9%8A%D8%AF-%D8%A7%D9%84%D9%85%D9%8A%D9%84%D8%A7%D8%AF-%D8%A8%D8%A8%D8%B1%D9%84%D9%8A%D9%86&amp;id=64270</topic_url>
<topic_text>
أفادت وكالة رويترز نقلا عن مصدر أمني أن الشرطة الألمانية اعتقلت سائق الشاحنة المشتبه به باقتحام سوق وسط العاصمة الألمانية برلين مشيرا إلى أن مساعد السائق لقي حتفه خلال اقتحام السوق. 
وتشير أنباء إلى أن الشاحنة التي اقتحمت السوق تحمل لوحة أرقام تسجيل من بولندا. 
وقال المتحدث باسم الشرطة الألمانية قبل قليل إن جنسية مساعد سائق الشاحنة بولندية، لكن من غير الواضح بعد ماهية جنسية السائق. 
وأعلن وزير الداخلية الألماني توماس دي ميزيير أن هناك &quot;أسبابا عديدة للاعتقاد&quot; بأن عملية الدهس هي اعتداء. 
وقال الوزير لشبكة &quot;زد دي اف&quot; التلفزيونية العامة &quot;أنا ما زلت لا أريد حتى الآن أن أنطق كلمة اعتداء على الرغم من وجود أسباب كثيرة تدفع للاعتقاد بأنه كذلك&quot;. 
وقد لقي تسعة أشخاص حتفهم وأصيب نحو 50 آخرين بجروح جراء الحادث حسبما أفادت شرطة العاصمة الألمانية. 
وأوضحت الشرطة في تغريدة عبر موقع تويتر أن الشاحنة اقتحمت السوق المتاخم لسوق الكريسماس &quot;أعياد الميلاد&quot; الشهير عند كنيسة القيصر فيلهلم التذكارية في الساعة الثامنة والنصف بتوقيت برلين مساء الاثنين. 
وأعلنت شرطة برلين ان ليس هناك من مؤشر على خطر جديد يتهدد سكان العاصمة الألمانية بعد الحادث. 
وقالت الشرطة في تغريدة على تويتر &quot;ليس هناك حاليا من مؤشر على أوضاع خطرة أخرى&quot; في وسط برلين الغربية، وذلك عقب نشرها قبيل ذلك تغريدة أولى دعت فيها سكان برلين إلى &quot;البقاء في منازلهم وعدم بث الشائعات&quot;. 
ونشرت صحيفة &quot;بيلد&quot; الألمانية صورة لشاحنة ضخمة من طراز &quot;سكانيا&quot; وقد تحطم زجاجها الأمامي، متوقفة على ممشى جانبي بطول السوق. 
وتقول الشرطة إنها لا تزال تحقق لمعرفة ما إذا كان ما جرى حادثا أم هجوما. 
وأشارت صحف ألمانية، نقلا عن مصادر أمنية، إلى &quot;دوافع إرهابية قد تقف وراء الحادث&quot;. ويستقبل السوق أعدادا كبيرة من الزوار، لشراء مستلزمات أعياد الميلاد.
</topic_text>
<spam_score>0.00</spam_score>
<post_num>1</post_num>
<post_id>post-1</post_id>
<post_url>http://www.elbilad.net/article/detail?titre=9-%D9%82%D8%AA%D9%84%D9%89-%D9%8850-%D8%AC%D8%B1%D9%8A%D8%AD%D8%A7-%D9%81%D9%8A-%D8%A7%D9%82%D8%AA%D8%AD%D8%A7%D9%85-%D8%B4%D8%A7%D8%AD%D9%86%D8%A9-%D9%84%D8%B3%D9%88%D9%82-%D8%B9%D9%8A%D8%AF-%D8%A7%D9%84%D9%85%D9%8A%D9%84%D8%A7%D8%AF-%D8%A8%D8%A8%D8%B1%D9%84%D9%8A%D9%86&amp;id=64270</post_url>
<post_date>20161219</post_date>
<post_time>2051</post_time>
<username></username>
<post>
أفادت وكالة رويترز نقلا عن مصدر أمني أن الشرطة الألمانية اعتقلت سائق الشاحنة المشتبه به باقتحام سوق وسط العاصمة الألمانية برلين مشيرا إلى أن مساعد السائق لقي حتفه خلال اقتحام السوق. 
وتشير أنباء إلى أن الشاحنة التي اقتحمت السوق تحمل لوحة أرقام تسجيل من بولندا. 
وقال المتحدث باسم الشرطة الألمانية قبل قليل إن جنسية مساعد سائق الشاحنة بولندية، لكن من غير الواضح بعد ماهية جنسية السائق. 
وأعلن وزير الداخلية الألماني توماس دي ميزيير أن هناك &quot;أسبابا عديدة للاعتقاد&quot; بأن عملية الدهس هي اعتداء. 
وقال الوزير لشبكة &quot;زد دي اف&quot; التلفزيونية العامة &quot;أنا ما زلت لا أريد حتى الآن أن أنطق كلمة اعتداء على الرغم من وجود أسباب كثيرة تدفع للاعتقاد بأنه كذلك&quot;. 
وقد لقي تسعة أشخاص حتفهم وأصيب نحو 50 آخرين بجروح جراء الحادث حسبما أفادت شرطة العاصمة الألمانية. 
وأوضحت الشرطة في تغريدة عبر موقع تويتر أن الشاحنة اقتحمت السوق المتاخم لسوق الكريسماس &quot;أعياد الميلاد&quot; الشهير عند كنيسة القيصر فيلهلم التذكارية في الساعة الثامنة والنصف بتوقيت برلين مساء الاثنين. 
وأعلنت شرطة برلين ان ليس هناك من مؤشر على خطر جديد يتهدد سكان العاصمة الألمانية بعد الحادث. 
وقالت الشرطة في تغريدة على تويتر &quot;ليس هناك حاليا من مؤشر على أوضاع خطرة أخرى&quot; في وسط برلين الغربية، وذلك عقب نشرها قبيل ذلك تغريدة أولى دعت فيها سكان برلين إلى &quot;البقاء في منازلهم وعدم بث الشائعات&quot;. 
ونشرت صحيفة &quot;بيلد&quot; الألمانية صورة لشاحنة ضخمة من طراز &quot;سكانيا&quot; وقد تحطم زجاجها الأمامي، متوقفة على ممشى جانبي بطول السوق. 
وتقول الشرطة إنها لا تزال تحقق لمعرفة ما إذا كان ما جرى حادثا أم هجوما. 
وأشارت صحف ألمانية، نقلا عن مصادر أمنية، إلى &quot;دوافع إرهابية قد تقف وراء الحادث&quot;. ويستقبل السوق أعدادا كبيرة من الزوار، لشراء مستلزمات أعياد الميلاد.
</post>
<signature>

</signature>
<external_links>

</external_links>
<country>US</country>
<main_image></main_image>
</document>
