<?xml version="1.0" encoding="UTF-8"?>
<document>
<type>mainstream</type>
<forum>http://kazan.bezformata.ru/rss.xml</forum>
<forum_title>Новости города БезФормата.Ru Республика Татарстан Казань</forum_title>
<discussion_title>Наиль Магдеев представил нового руководителя телерадиокомпании «Чаллы-ТВ»</discussion_title>
<language>russian</language>
<gmt_offset></gmt_offset>
<topic_url>http://kazan.bezformata.ru/listnews/rukovoditelya-teleradiokompanii-challi/53375398/</topic_url>
<topic_text>
Наиль Магдеев представил нового руководителя телерадиокомпании «Чаллы-ТВ» Телекомпанию возглавила главный редактор газеты « Челнинские известия » Зульфия Султанова. 
(Набережные Челны,   »). Вчера на деловом понедельнике мэр Набережных Челнов Наиль Магдеев представил нового руководителя телерадиокомпании « Чаллы-ТВ ». Ею стала главный редактор газеты « Челнинские известия » Зульфия Султанова . 
Приказом генерального директора АО « Татмедиа » Андрея Кузьмина она назначена руководителем филиала АО « Татмедиа » – телерадиокомпанией « Чаллы-ТВ ». 
Представляя Султанову, мэр подчеркнул, что она хорошо зарекомендовала себя на должности директора – главного редактора « Челнинских известий ». 
« Я думаю, что все получится с учетом реалий сегодняшнего дня, информационного пространства города и республики. Желаем вам успехов с учетом вашего опыта и положительных наработок », – сказал Магдеев.
</topic_text>
<spam_score>0.00</spam_score>
<post_num>1</post_num>
<post_id>post-1</post_id>
<post_url>http://kazan.bezformata.ru/listnews/rukovoditelya-teleradiokompanii-challi/53375398/</post_url>
<post_date>20161219</post_date>
<post_time>2336</post_time>
<username></username>
<post>
Наиль Магдеев представил нового руководителя телерадиокомпании «Чаллы-ТВ» Телекомпанию возглавила главный редактор газеты « Челнинские известия » Зульфия Султанова. 
(Набережные Челны,   »). Вчера на деловом понедельнике мэр Набережных Челнов Наиль Магдеев представил нового руководителя телерадиокомпании « Чаллы-ТВ ». Ею стала главный редактор газеты « Челнинские известия » Зульфия Султанова . 
Приказом генерального директора АО « Татмедиа » Андрея Кузьмина она назначена руководителем филиала АО « Татмедиа » – телерадиокомпанией « Чаллы-ТВ ». 
Представляя Султанову, мэр подчеркнул, что она хорошо зарекомендовала себя на должности директора – главного редактора « Челнинских известий ». 
« Я думаю, что все получится с учетом реалий сегодняшнего дня, информационного пространства города и республики. Желаем вам успехов с учетом вашего опыта и положительных наработок », – сказал Магдеев.
</post>
<signature>

</signature>
<external_links>

</external_links>
<country>RU</country>
<main_image></main_image>
</document>
