<?xml version="1.0" encoding="UTF-8"?>
<document>
<type>mainstream</type>
<forum>http://bonde.com.br//rss</forum>
<forum_title>Bonde. O seu portal</forum_title>
<discussion_title>Saúde &amp; Ambiente</discussion_title>
<language>portuguese</language>
<gmt_offset></gmt_offset>
<topic_url>http://www.bonde.com.br/saude/saude-e-ambiente/governo-libera-r-234-milhoes-para-pesquisas-sobre-zika-e-apoio-a-ciencia-430179.html</topic_url>
<topic_text>
Add to Flipboard Magazine. mais opções O Ministério da Ciência, Tecnologia, Inovações e Comunicações (MCTIC) e a Financiadora de Estudos e Projetos (Finep) vão investir R$ 234 milhões em pesquisas nas áreas de ciência e tecnologia, incluindo estudos sobre o vírus zika. O ministro Gilberto Kassab assinou hoje (19) na sede da Finep, no Rio de Janeiro, convênios referentes a três editais lançados em 2016. Ele ressaltou que, apesar da grave crise financeira, o financiamento em pesquisas será prioridade em 2017. &quot;Nenhum país na história da humanidade conseguiu ser bem sucedido na superação [das dificuldades] sem investir em pesquisa, ciência e inovação&quot;, disse ele. &quot;Precisamos de uma mobilização muito importante, pois a partir de agora, com a famosa Lei do Teto dos Gastos, as corporações que não se mobilizarem terão muita dificuldade para conseguir recursos para os seus projetos&quot;, afirmou o ministro. O presidente da Finep, Marcos Cintra, declarou que, mesmo em tempos de crise, áreas estratégicas, como a de Ciência e Tecnologia, não podem ficar sem investimentos. &quot;Há cortes de gastos de outros setores onde temos reprodução de capital, paralisa-se o investimento, retoma-se dois ou três anos depois, recoloca-se a situação como se desejaria. Na área da Ciência e Tecnologia, o conhecimento é aditivo, extremamente dinâmico. Qualquer paralisação nas nossas atividades nos colocará, em termos de distanciamento da fronteira de conhecimento, em situações que dificilmente poderão ser recuperadas no curto prazo&quot;, disse ele. &quot;Nenhum país vai conseguir estar entre os primeiros em termos de desenvolvimento econômico e oferecer condições dignas de vida à sua população se não der uma atenção muito especial à área a qual todos nós nos dedicamos&quot;, acrescentou. Para as pesquisas voltadas para o combate ao Zika, as chamadas públicas somam R$ 27,5 milhões. Cinco convênios no valor de R$ 4,6 milhões foram assinados com a Fundação Oswaldo Cruz (Fiocruz) e seus institutos. Diagnóstico precoce Entre os projetos selecionados estão iniciativas de aperfeiçoamento de tecnologias para exame de imagens de diagnóstico precoce de alterações neurológicas, aprimoramento de tecnologias de criação de inseto estéril, de linhagens de mosquitos geneticamente modificados e desenvolvimento de vacinas. A Finep vai oferecer apoio institucional, incluindo despesas correntes, como material de consumo, softwares, instalação, recuperação e manutenção de equipamentos, além de despesas de capital, operacionais e administrativas e bolsas. O segundo edital - de R$193 milhões - foi destinado a laboratórios multiusuários dos institutos vinculados ao MCTIC, para aquisição e manutenção de equipamentos e contratação de pessoal qualificado para a operacionalização destes equipamentos. O Instituto Nacional de Pesquisas Espaciais e o Observatório Nacional são alguns dos institutos que receberão recursos. A chamada de apoio institucional, somando R$14,3 milhões, destina-se ao desenvolvimento de áreas estratégicas de pesquisa científica e tecnológica. Serão beneficiadas as Instituições Científicas e Tecnológicas (ICTs), a Universidade Federal do Rio de Janeiro (UFRJ) e a Universidade do Estado do Amazonas (UEA). Facebook que interagiram com as notícias no Bonde
</topic_text>
<spam_score>0.00</spam_score>
<post_num>1</post_num>
<post_id>post-1</post_id>
<post_url>http://www.bonde.com.br/saude/saude-e-ambiente/governo-libera-r-234-milhoes-para-pesquisas-sobre-zika-e-apoio-a-ciencia-430179.html</post_url>
<post_date>20161219</post_date>
<post_time>2025</post_time>
<username></username>
<post>
Add to Flipboard Magazine. mais opções O Ministério da Ciência, Tecnologia, Inovações e Comunicações (MCTIC) e a Financiadora de Estudos e Projetos (Finep) vão investir R$ 234 milhões em pesquisas nas áreas de ciência e tecnologia, incluindo estudos sobre o vírus zika. O ministro Gilberto Kassab assinou hoje (19) na sede da Finep, no Rio de Janeiro, convênios referentes a três editais lançados em 2016. Ele ressaltou que, apesar da grave crise financeira, o financiamento em pesquisas será prioridade em 2017. &quot;Nenhum país na história da humanidade conseguiu ser bem sucedido na superação [das dificuldades] sem investir em pesquisa, ciência e inovação&quot;, disse ele. &quot;Precisamos de uma mobilização muito importante, pois a partir de agora, com a famosa Lei do Teto dos Gastos, as corporações que não se mobilizarem terão muita dificuldade para conseguir recursos para os seus projetos&quot;, afirmou o ministro. O presidente da Finep, Marcos Cintra, declarou que, mesmo em tempos de crise, áreas estratégicas, como a de Ciência e Tecnologia, não podem ficar sem investimentos. &quot;Há cortes de gastos de outros setores onde temos reprodução de capital, paralisa-se o investimento, retoma-se dois ou três anos depois, recoloca-se a situação como se desejaria. Na área da Ciência e Tecnologia, o conhecimento é aditivo, extremamente dinâmico. Qualquer paralisação nas nossas atividades nos colocará, em termos de distanciamento da fronteira de conhecimento, em situações que dificilmente poderão ser recuperadas no curto prazo&quot;, disse ele. &quot;Nenhum país vai conseguir estar entre os primeiros em termos de desenvolvimento econômico e oferecer condições dignas de vida à sua população se não der uma atenção muito especial à área a qual todos nós nos dedicamos&quot;, acrescentou. Para as pesquisas voltadas para o combate ao Zika, as chamadas públicas somam R$ 27,5 milhões. Cinco convênios no valor de R$ 4,6 milhões foram assinados com a Fundação Oswaldo Cruz (Fiocruz) e seus institutos. Diagnóstico precoce Entre os projetos selecionados estão iniciativas de aperfeiçoamento de tecnologias para exame de imagens de diagnóstico precoce de alterações neurológicas, aprimoramento de tecnologias de criação de inseto estéril, de linhagens de mosquitos geneticamente modificados e desenvolvimento de vacinas. A Finep vai oferecer apoio institucional, incluindo despesas correntes, como material de consumo, softwares, instalação, recuperação e manutenção de equipamentos, além de despesas de capital, operacionais e administrativas e bolsas. O segundo edital - de R$193 milhões - foi destinado a laboratórios multiusuários dos institutos vinculados ao MCTIC, para aquisição e manutenção de equipamentos e contratação de pessoal qualificado para a operacionalização destes equipamentos. O Instituto Nacional de Pesquisas Espaciais e o Observatório Nacional são alguns dos institutos que receberão recursos. A chamada de apoio institucional, somando R$14,3 milhões, destina-se ao desenvolvimento de áreas estratégicas de pesquisa científica e tecnológica. Serão beneficiadas as Instituições Científicas e Tecnológicas (ICTs), a Universidade Federal do Rio de Janeiro (UFRJ) e a Universidade do Estado do Amazonas (UEA). Facebook que interagiram com as notícias no Bonde
</post>
<signature>

</signature>
<external_links>

</external_links>
<country>BR</country>
<main_image>http://www.bonde.com.br/img/bondenews/2016/12/img_1_27_3226.jpg</main_image>
</document>
