<?xml version="1.0" encoding="UTF-8"?>
<document>
<type>mainstream</type>
<forum></forum>
<forum_title></forum_title>
<discussion_title>Polish Truck Driver Kidnapped, Killed for Truck Used in Berlin ISIS Attack at Christmas Market - The Geller Report</discussion_title>
<language>english</language>
<gmt_offset></gmt_offset>
<topic_url>http://pamelageller.com/2016/12/berlin-truck-stolen-polish-truck-driver-kidnapped-killed-berlin-isis-attack-christmas-market.html/</topic_url>
<topic_text>
Twitter 
The Polish media is far more forthcoming than the German media – so entrenched are they in Merkel’s Muslim immigration disaster. 
At least nine people were killed and up to 50 injured after a truck with Polish license plates drove into the crowd during the Christmas fair in the German capital. 
My source tells me that the jihadis who plowed into a Christmas market today in Berlin stole the truck from a Polish driver who was making a delivery to a Muslim neighborhood. The Polish truck driver told his wife he “did not feel safe” in that neighborhood. His wife has not been heard back from him since. 
Berlin police say that the Polish driver’s body was found in the cab of the truck. According to “Die Welt,”he died from gunshot wounds. Polish authorities are in contact with the German services. 
According to the NY post, the Islamic State has claimed responsibility. 
Using encrypted technology, the group said they found several jihadist Twitter accounts that had been claiming responsibility for the alleged attack, according to the Washington Times . http://pamelageller.com/wp-content/uploads/2016/12/Google-Translate.mp4 
My source, Andreas Boldt, runs the German- Israel friendship page – go here and like that page . Apparently, the Polish media is reporting more on this story than the German media. 
More google translate from this Polish article , awkward yes, but you get the picture (thanks to Berlin reader Orit): If you speak Polish and can do quick translation, email me: pamela@gellerreport.com UPDATED TRANSLATIO N thanks to Anna C: “He said he was surrounded by Muslims” Today afternoon was the last time I had contact with the driver of this truck. At 4 pm his wife called him and he wasn’t picking up his phone. Yes, it is my truck – said Ariel Żurawski, the owner of the lorry that went into a crowd of people at a Christmas market in Berlin. – We got this viehicle in June. It was all new. It was in Berlin because we were taking it from Italy and we were supposed to unload it in Berlin. The Germans didn’t want to unload the truck today, they said to the driver to wait until tomorrow 8 am – said the owner. 
Truck drove into the crowd in Berlin. In the cabin, they found the body of a Pole He said that the driver is his cousin. When he called him last time he said that the only Germans that he saw in this location were the office workers. -He said there were only Muslims around him. Even when he went to get a kebab, he said he saw such people. It was outskirts of Berlin, because the Germans don’t build factories in the city centre, only outside – said the owner of the lorry. -From what I know the driver was caught running. My driver weights 130 kg, so he wouldn’t even be able to run. He was standing outside the entrance gate to the company, where he was supposed to unload, and he was in the cabin alone. Twitter Connect with us 
Stay on top of the news the media censors and scrubs. Subscribe here (it&apos;s free) . Follow Pamela Geller on Facebook here and Twitter here . Support the work and the website, it&apos;s critical to the fight - donate here. Post navigation 
</topic_text>
<spam_score>0.71</spam_score>
<post_num>1</post_num>
<post_id>post-1</post_id>
<post_url>http://pamelageller.com/2016/12/berlin-truck-stolen-polish-truck-driver-kidnapped-killed-berlin-isis-attack-christmas-market.html/</post_url>
<post_date>20161219</post_date>
<post_time></post_time>
<username>Pamela Geller - On December</username>
<post>
Twitter 
The Polish media is far more forthcoming than the German media – so entrenched are they in Merkel’s Muslim immigration disaster. 
At least nine people were killed and up to 50 injured after a truck with Polish license plates drove into the crowd during the Christmas fair in the German capital. 
My source tells me that the jihadis who plowed into a Christmas market today in Berlin stole the truck from a Polish driver who was making a delivery to a Muslim neighborhood. The Polish truck driver told his wife he “did not feel safe” in that neighborhood. His wife has not been heard back from him since. 
Berlin police say that the Polish driver’s body was found in the cab of the truck. According to “Die Welt,”he died from gunshot wounds. Polish authorities are in contact with the German services. 
According to the NY post, the Islamic State has claimed responsibility. 
Using encrypted technology, the group said they found several jihadist Twitter accounts that had been claiming responsibility for the alleged attack, according to the Washington Times . http://pamelageller.com/wp-content/uploads/2016/12/Google-Translate.mp4 
My source, Andreas Boldt, runs the German- Israel friendship page – go here and like that page . Apparently, the Polish media is reporting more on this story than the German media. 
More google translate from this Polish article , awkward yes, but you get the picture (thanks to Berlin reader Orit): If you speak Polish and can do quick translation, email me: pamela@gellerreport.com UPDATED TRANSLATIO N thanks to Anna C: “He said he was surrounded by Muslims” Today afternoon was the last time I had contact with the driver of this truck. At 4 pm his wife called him and he wasn’t picking up his phone. Yes, it is my truck – said Ariel Żurawski, the owner of the lorry that went into a crowd of people at a Christmas market in Berlin. – We got this viehicle in June. It was all new. It was in Berlin because we were taking it from Italy and we were supposed to unload it in Berlin. The Germans didn’t want to unload the truck today, they said to the driver to wait until tomorrow 8 am – said the owner. 
Truck drove into the crowd in Berlin. In the cabin, they found the body of a Pole He said that the driver is his cousin. When he called him last time he said that the only Germans that he saw in this location were the office workers. -He said there were only Muslims around him. Even when he went to get a kebab, he said he saw such people. It was outskirts of Berlin, because the Germans don’t build factories in the city centre, only outside – said the owner of the lorry. -From what I know the driver was caught running. My driver weights 130 kg, so he wouldn’t even be able to run. He was standing outside the entrance gate to the company, where he was supposed to unload, and he was in the cabin alone. Twitter Connect with us 
Stay on top of the news the media censors and scrubs. Subscribe here (it&apos;s free) . Follow Pamela Geller on Facebook here and Twitter here . Support the work and the website, it&apos;s critical to the fight - donate here. Post navigation 
</post>
<signature>

</signature>
<external_links>

</external_links>
<country>US</country>
<main_image>http://9502-presscdn-0-95.pagely.netdna-cdn.com/wp-content/uploads/2016/12/truck-jihad-berlin-1.jpeg</main_image>
</document>
