<?xml version="1.0" encoding="UTF-8"?>
<document>
<type>mainstream</type>
<forum>http://www.leparisien.fr/oise-60/rss.xml</forum>
<forum_title>Le Parisien  - Oise</forum_title>
<discussion_title>Chantilly : Peau d’âne encore sur scène aux Grandes Ecuries</discussion_title>
<language>french</language>
<gmt_offset></gmt_offset>
<topic_url>http://www.leparisien.fr/chantilly-60500/chantilly-peau-d-ane-encore-sur-scene-aux-grandes-ecuries-18-12-2016-6471099.php</topic_url>
<topic_text>
P eau d’âne est encore sur scène tous les jours, sous le dôme majestueux des Grandes Ecuries de Chantilly. Jusqu’au 2 janvier 2017, laissez-vous tenter par le conte de Charles Perrault qui raconte l’histoire d’un roi tombant éperdument amoureux de sa fille. Si belle que son père veut l’épouser, obligée de dissimuler sa beauté derrière une peau d’âne jusqu’à ce qu’un prince la délivre. Un conte revisité par Virginie Bienaimé et la compagnie équestre du Domaine. 23 chevaux et poneys, 7 cavalières, mais aussi acrobates et chevaux en liberté se succèdent une heure durant sur la piste. Les 21, 22, 23, 24, 26, 27, 28, 29, 30, 31 décembre et 2 janvier, à 14 h 30. Ou les 21, 22, 23, 26, 27, 28, 29 et 30 décembre, à 16 h 30. Aux Grandes Ecuries du Domaine de Chantilly. Tarif : de 17,50 € à 21 €. Renseignements : www.domainedechantilly.com
</topic_text>
<spam_score>0.00</spam_score>
<post_num>1</post_num>
<post_id>post-1</post_id>
<post_url>http://www.leparisien.fr/chantilly-60500/chantilly-peau-d-ane-encore-sur-scene-aux-grandes-ecuries-18-12-2016-6471099.php</post_url>
<post_date>20161218</post_date>
<post_time>1830</post_time>
<username>leparisien.fr</username>
<post>
P eau d’âne est encore sur scène tous les jours, sous le dôme majestueux des Grandes Ecuries de Chantilly. Jusqu’au 2 janvier 2017, laissez-vous tenter par le conte de Charles Perrault qui raconte l’histoire d’un roi tombant éperdument amoureux de sa fille. Si belle que son père veut l’épouser, obligée de dissimuler sa beauté derrière une peau d’âne jusqu’à ce qu’un prince la délivre. Un conte revisité par Virginie Bienaimé et la compagnie équestre du Domaine. 23 chevaux et poneys, 7 cavalières, mais aussi acrobates et chevaux en liberté se succèdent une heure durant sur la piste. Les 21, 22, 23, 24, 26, 27, 28, 29, 30, 31 décembre et 2 janvier, à 14 h 30. Ou les 21, 22, 23, 26, 27, 28, 29 et 30 décembre, à 16 h 30. Aux Grandes Ecuries du Domaine de Chantilly. Tarif : de 17,50 € à 21 €. Renseignements : www.domainedechantilly.com
</post>
<signature>

</signature>
<external_links>

</external_links>
<country>FR</country>
<main_image>http://s1.lprs1.fr/images/2016/12/18/6471099_417b960a-c545-11e6-a544-6975210c0c74-1.jpg</main_image>
</document>
