<?xml version="1.0" encoding="UTF-8"?>
<document>
<type>mainstream</type>
<forum>http://feeds.feedburner.com/EuNews-GoogleNews</forum>
<forum_title>eu news - Google News</forum_title>
<discussion_title>EU formally extends Russia sanctions - NEWS.com.au</discussion_title>
<language>english</language>
<gmt_offset></gmt_offset>
<topic_url>http://www.news.com.au/finance/business/breaking-news/eu-formally-extends-russia-sanctions/news-story/0b36cc4e6b1884c79ec8d8d505bdae38</topic_url>
<topic_text>
EU formally extends Russia sanctions December 20, 2016 7:37am Reuters Share 
The European Union extended economic sanctions against Russia by six months on Monday after completing the legislative process for a decision endorsed last week by national leaders at an EU summit. 
Sanctions introduced in July 2014 in response to Russian action in Ukraine will now run until July 31, 2017, the European Council confirmed in a statement.
</topic_text>
<spam_score>0.00</spam_score>
<post_num>1</post_num>
<post_id>post-1</post_id>
<post_url>http://www.news.com.au/finance/business/breaking-news/eu-formally-extends-russia-sanctions/news-story/0b36cc4e6b1884c79ec8d8d505bdae38</post_url>
<post_date>20161219</post_date>
<post_time>2113</post_time>
<username></username>
<post>
EU formally extends Russia sanctions December 20, 2016 7:37am Reuters Share 
The European Union extended economic sanctions against Russia by six months on Monday after completing the legislative process for a decision endorsed last week by national leaders at an EU summit. 
Sanctions introduced in July 2014 in response to Russian action in Ukraine will now run until July 31, 2017, the European Council confirmed in a statement.
</post>
<signature>

</signature>
<external_links>

</external_links>
<country>US</country>
<main_image>http://resources.news.com.au/cs/newscomau/images/placeholders/story-thumb-large.jpg</main_image>
</document>
