<?xml version="1.0" encoding="UTF-8"?>
<document>
<type>mainstream</type>
<forum>http://www.elaph.com/news/arab.htm</forum>
<forum_title>Elaph - إيلاف </forum_title>
<discussion_title>سويسرا ترفض قوانين الإرث الإسلامي</discussion_title>
<language>arabic</language>
<gmt_offset>0</gmt_offset>
<topic_url>http://www.elaph.com/Web/News/2016/12/1124378.html</topic_url>
<topic_text>
جنيف: اعتبرت المحكمة، وهي اعلى سلطة قضائية في سويسرا، ان استثناء الارملة من الارث بسبب كونها غير مسلمة (مسيحية) يتعارض مع &quot;النظام العام السويسري&quot;. يتعلق الأمر بحالة مليونير مصري مسلم توفي في 2007 في باريس عن سن 67 عامًا. والرجل الذي ليس له ابناء كان متزوجًا بألمانية مسيحية.
إلى التمييز
وطالب اشقاء وشقيقات المليونير من القضاء في كل الدول التي لديه املاك فيها، باملاك شقيقهم المتوفي كافة بموجب القانون المصري المستوحى من الشريعة الاسلامية. وبحسب قرار المحكمة، فإن اخوة المتوفي طالبوا بكل الاموال المودعة في مصرفين سويسريين، وذلك بناء على شهادة وراثة مصرية.
وقالت دينيز فاغنر ميسياكا محامية الورثة &quot;ربحنا القضية في المستوى الابتدائي، ثم خسرناها في الاستئناف، والان في التمييز&quot;.
هذه القضية في جنيف ليست الا واحدة من الخلافات المتعددة بين اخوة المتوفي وارملته.
ففي 2008، اعلن القضاء الالماني الارملة وريثة لنصف املاك زوجها الراحل في المانيا، وعاد النصف الاخر الى اخوته. كما فتحت محاكمة اثر وفاة المليونير المصري امام محكمة الاستئناف في باريس، التي اقرت باختصاص القضاء الفرنسي في تقرير لمن تعود بناية للمتوفي في العاصمة الفرنسية. والمتوفي الثري الذي لم يكشف اسمه كان يملك عقارات في فرنسا ومصر. وكان يملك حسابات بنكية في فرنسا والمانيا وسويسرا.
</topic_text>
<spam_score>0.20</spam_score>
<post_num>4</post_num>
<post_id>post-4</post_id>
<post_url>http://www.elaph.com/Web/News/2016/12/1124378.html</post_url>
<post_date>20161215</post_date>
<post_time></post_time>
<username>كندي</username>
<post>
من يريد تطبيق الشريعة الاسلامية عليه ان يعيش في البلاد التي تطبقها ويتزوج من الذين تنطبق عليهم ، تقبلون الايادي والارجل وتتوسلون وتستعطفون وتستعملون كل الحيل والتزوير و... و حقوق الانسان لتصلوا الى دول العالم غير الاسلامية ولتحصلوا على اقامه او جنسيه ومن ثم تريدون تطبيق الشريعه الاسلامية في بلدانهم ؟ هل انتم اغبياء ام نصابين ؟ انا مسلم ، كندي ، واعتز بقوانين كندا كما هي ، لم يجبرني احد على الهجره ولا الحصول على الجنسيه الكنديه ، انا الذي طلبت وقدمت وصبرت وحصلت ، وارفض تماما تطبيق اي شيء يتعلق بالشريعة الاسلامية في كندا ، البلدان الاسلامية تطردكم ، لا تمنحكم اقامة ، ولو عشتوا هناك مئات السنين لن تحصلوا على الجنسيه ، من لا يعجبه قوانين الدول غير الاسلامية يمكنه الرجوع الى بلده !!
</post>
<signature>

</signature>
<external_links>

</external_links>
<country>GB</country>
<main_image>http://www.myelaph.com/Web/ImageHandlers/ResizeImageHandler.ashx?ImageUrl=/elaphweb/Resources/images/Politics/2016/12/week2/swicce_kada2.jpg&amp;amp;Width=600</main_image>
</document>
