<?xml version="1.0" encoding="UTF-8"?>
<document>
<type>mainstream</type>
<forum>http://rzeszowiak.pl//rss/Przemysl-Maszyny-i-urzadzenia.xml</forum>
<forum_title>Przemysł www.rzeszowiak.pl</forum_title>
<discussion_title>Kontener rampa rozładunkowa ...</discussion_title>
<language>polish</language>
<gmt_offset></gmt_offset>
<topic_url>http://www.rzeszowiak.pl/kontener-rampa-rozladunkowa-ausbau-nosnosc-6000-8000-10000-8699553</topic_url>
<topic_text>
Kontakty: Tel. +48223906443 Jak rampa rozładunkowa Ausbau do kontenera pracuje: Wózek widłowy podnosi krawędź rampy i podwozi ją do ciężarówki/wagonu. Jedna osoba, naciskając na rączkę pompy hydraulicznej, ustawia wysokość rampy na wymagany poziom (min 90 cm, max 165 cm). Następnie rampa jest mocowana za pomocą dwóch łańcuchów do ciężarówki, a koła są blokowane przez hamulce zatrzymujące (są w komplecie wraz z rampą), następnie wózek widłowy wjeżdża z ładunkiem po powierzchni rampy od razu wewnątrz ciężarówki lub wagonu.
</topic_text>
<spam_score>0.00</spam_score>
<post_num>1</post_num>
<post_id>post-1</post_id>
<post_url>http://www.rzeszowiak.pl/kontener-rampa-rozladunkowa-ausbau-nosnosc-6000-8000-10000-8699553</post_url>
<post_date>20161219</post_date>
<post_time>0857</post_time>
<username>Kontener rampa rozładunkowa</username>
<post>
Kontakty: Tel. +48223906443 Jak rampa rozładunkowa Ausbau do kontenera pracuje: Wózek widłowy podnosi krawędź rampy i podwozi ją do ciężarówki/wagonu. Jedna osoba, naciskając na rączkę pompy hydraulicznej, ustawia wysokość rampy na wymagany poziom (min 90 cm, max 165 cm). Następnie rampa jest mocowana za pomocą dwóch łańcuchów do ciężarówki, a koła są blokowane przez hamulce zatrzymujące (są w komplecie wraz z rampą), następnie wózek widłowy wjeżdża z ładunkiem po powierzchni rampy od razu wewnątrz ciężarówki lub wagonu.
</post>
<signature>

</signature>
<external_links>

</external_links>
<country>PL</country>
<main_image></main_image>
</document>
