<?xml version="1.0" encoding="UTF-8"?>
<document>
<type>mainstream</type>
<forum>http://whatsoninnorthyorks.co.uk/rss.php?mCatName=Films</forum>
<forum_title>What&apos;s On North Yorkshire, Films</forum_title>
<discussion_title>Gremlins</discussion_title>
<language>english</language>
<gmt_offset></gmt_offset>
<topic_url>http://whatsoninnorthyorks.co.uk/event/gremlins/53156</topic_url>
<topic_text>
Gremlins Arc Joe Dante&apos;s delicious black comedy returns to cinemas this week, promising laughs and a few shocks as young Billy Peltzer (Zach Galligan) fails to take proper care of his Christmas present, a fluffy, singing Mogwai called Gizmo, given to him by his inventor father Randall (Hoyt Axton). The rules are simple enough: keep Gizmo away from bright light, don&apos;t expose the cuddly critter to water and never, ever feed him after midnight. Billy violates all three rules and unleashes an army of diabolical creatures on his picture-postcard community of Kingston Falls, jeopardising his family and girlfriend Kate (Phoebe Cates). Vicious spinster Mrs Deagle (Polly Holliday) suffers most grievously after an ill-fated ride on her stair-lift but that&apos;s what you get for being a mean-spirited crone. Directed with verve and laced with macabre, twisted humour, Gremlins is quintessential festive fare that stands up extremely well almost 30 years after its initial release. Kate&apos;s heartfelt confession about her reasons for hating Christmas epitomises the script&apos;s macabre humour and Dante certainly doesn&apos;t stint on the gloop and gore as Stripe and his evil gremlins are dispatched in a microwave or orange juicer. Eagle-eyed viewers should be able to spot executive producer Steven Spielberg&apos;s cameo at the beginning of the film. Information
</topic_text>
<spam_score>0.00</spam_score>
<post_num>1</post_num>
<post_id>post-1</post_id>
<post_url>http://whatsoninnorthyorks.co.uk/event/gremlins/53156</post_url>
<post_date>20161220</post_date>
<post_time>1200</post_time>
<username></username>
<post>
Gremlins Arc Joe Dante&apos;s delicious black comedy returns to cinemas this week, promising laughs and a few shocks as young Billy Peltzer (Zach Galligan) fails to take proper care of his Christmas present, a fluffy, singing Mogwai called Gizmo, given to him by his inventor father Randall (Hoyt Axton). The rules are simple enough: keep Gizmo away from bright light, don&apos;t expose the cuddly critter to water and never, ever feed him after midnight. Billy violates all three rules and unleashes an army of diabolical creatures on his picture-postcard community of Kingston Falls, jeopardising his family and girlfriend Kate (Phoebe Cates). Vicious spinster Mrs Deagle (Polly Holliday) suffers most grievously after an ill-fated ride on her stair-lift but that&apos;s what you get for being a mean-spirited crone. Directed with verve and laced with macabre, twisted humour, Gremlins is quintessential festive fare that stands up extremely well almost 30 years after its initial release. Kate&apos;s heartfelt confession about her reasons for hating Christmas epitomises the script&apos;s macabre humour and Dante certainly doesn&apos;t stint on the gloop and gore as Stripe and his evil gremlins are dispatched in a microwave or orange juicer. Eagle-eyed viewers should be able to spot executive producer Steven Spielberg&apos;s cameo at the beginning of the film. Information
</post>
<signature>

</signature>
<external_links>

</external_links>
<country>GB</country>
<main_image>http://whatsoninthenortheast.co.uk/images/whatson-filler.jpg</main_image>
</document>
