<?xml version="1.0" encoding="UTF-8"?>
<document>
<type>mainstream</type>
<forum></forum>
<forum_title></forum_title>
<discussion_title>Berlin terror attack: Aussie says she saw bodies and blood everywhere after Christmas truck attack - Yahoo7</discussion_title>
<language>english</language>
<gmt_offset></gmt_offset>
<topic_url>https://au.news.yahoo.com/a/33615626/berlin-terror-attack-aussie-says-she-saw-bodies-and-blood-everywhere-after-christmas-truck-attack/</topic_url>
<topic_text>
Share Berlin terror attack: Aussie says she saw bodies and blood everywhere after Christmas truck attack - Yahoo7 An Australian girl who was sitting just metres away from where a truck ploughed into a German Christmas market said all she could see was &quot;blood and bodies&quot;. Close Day of terror in Europe in separate attacks in Berlin, Ankara UP NEXT VIDEO Day of terror in Europe in separate attacks in Berlin, Ankara 
Nine people were killed and about 50 were injured in the attack which took place on Monday night in Kurfürstendamm, Berlin.Trisha O&apos;Neill was celebrating the last day of her German classes for the year and sitting outside Kaiser Wilhelm memorial church when she saw the black truck careen through the stalls. Trisha O&apos;Neill was sitting just metres away from where a truck ploughed into a German Christmas market. Photo: Trisha O&apos;Neill The truck crashed into a Christmas market in Berlin, Germany. Photo: Fabrizio Bensch/Reuters 
&quot;We sat just behind the stall having a gluhwein and then all of a sudden there was a big boom and the people in front me jumped on top of me,&quot; she told media. 
&quot;I just saw this huge black truck speeding through the markets crushing so many people and then all the lights went out and everything was destroyed.&quot; 
Ms O&apos;Neill, who has lived in Berlin for three months, said she heard screaming and saw people laying on the ground in fear of what was going to happen next. Trisha O&apos;Neill (left) has lived in Berlin for three months and was drinking a gluhwein when the truck ploughed through the stalls. Photo: Facebook A Christmas tree was knocked to the ground and stalls were ruined after the truck ploughed into a crowd in Berlin. Photo: Morgen Post 
</topic_text>
<spam_score>0.53</spam_score>
<post_num>1</post_num>
<post_id>post-1</post_id>
<post_url>https://au.news.yahoo.com/a/33615626/berlin-terror-attack-aussie-says-she-saw-bodies-and-blood-everywhere-after-christmas-truck-attack/</post_url>
<post_date>20161220</post_date>
<post_time></post_time>
<username>News On December</username>
<post>
Share Berlin terror attack: Aussie says she saw bodies and blood everywhere after Christmas truck attack - Yahoo7 An Australian girl who was sitting just metres away from where a truck ploughed into a German Christmas market said all she could see was &quot;blood and bodies&quot;. Close Day of terror in Europe in separate attacks in Berlin, Ankara UP NEXT VIDEO Day of terror in Europe in separate attacks in Berlin, Ankara 
Nine people were killed and about 50 were injured in the attack which took place on Monday night in Kurfürstendamm, Berlin.Trisha O&apos;Neill was celebrating the last day of her German classes for the year and sitting outside Kaiser Wilhelm memorial church when she saw the black truck careen through the stalls. Trisha O&apos;Neill was sitting just metres away from where a truck ploughed into a German Christmas market. Photo: Trisha O&apos;Neill The truck crashed into a Christmas market in Berlin, Germany. Photo: Fabrizio Bensch/Reuters 
&quot;We sat just behind the stall having a gluhwein and then all of a sudden there was a big boom and the people in front me jumped on top of me,&quot; she told media. 
&quot;I just saw this huge black truck speeding through the markets crushing so many people and then all the lights went out and everything was destroyed.&quot; 
Ms O&apos;Neill, who has lived in Berlin for three months, said she heard screaming and saw people laying on the ground in fear of what was going to happen next. Trisha O&apos;Neill (left) has lived in Berlin for three months and was drinking a gluhwein when the truck ploughed through the stalls. Photo: Facebook A Christmas tree was knocked to the ground and stalls were ruined after the truck ploughed into a crowd in Berlin. Photo: Morgen Post 
</post>
<signature>

</signature>
<external_links>

</external_links>
<country>AU</country>
<main_image>https://s.yimg.com/iu/api/res/1.2/2XNICHmewe_Oi2IVdgPBXA--/YXBwaWQ9eXZpZGVvO3c9NjMxO2g9MzU0O2R4PTE7ZHk9MTtjdz05Nzc7Y2g9NTQ4O3E9NzA7bj0xO3VsY3JvcDtyb3RhdGU9YXV0bw--/https://s.yimg.com/ea/img/-/161220/585863e22eb49_782aussie_inline.jpg</main_image>
</document>
