<?xml version="1.0" encoding="UTF-8"?>
<document>
<type>mainstream</type>
<forum>http://wartakota.tribunnews.com/rss</forum>
<forum_title>Wartakota</forum_title>
<discussion_title>MUI: Tidak Usah Ada Sweeping Soal Atribut Natal</discussion_title>
<language>indonesian</language>
<gmt_offset></gmt_offset>
<topic_url>http://wartakota.tribunnews.com/2016/12/20/mui-tidak-usah-ada-sweeping-soal-atribut-natal</topic_url>
<topic_text>
MUI: Tidak Usah Ada Sweeping Soal Atribut Natal Maruf Amin mengatakan, menjalankan Fatwa tersebut hanya perlu kesadaran dari pihak perusahaan atau pihak keamanan untuk diaplikasikan. Selasa, 20 Desember 2016 03:47 Kompas.com/Nabilla Tashandra Ketua Umum Majelis Ulama Indonesia, Ma&apos;ruf Amin, saat ditemui usai pembukaan rakornas MUI di Hotel Mercure, Ancol, Jakarta Utara, Selasa (10/11/2015) 
WARTA KOTA, PALMERAH -- Ketua Majelis Ulama Indonesia Maruf Amin mengatakan tidak perlu ada aksi sweeping dalam menyikapi Fatwa MUI soal atribut Natal bagi umat Muslim. 
Maruf Amin mengatakan, menjalankan Fatwa tersebut hanya perlu kesadaran dari pihak perusahaan atau pihak keamanan untuk diaplikasikan dalam kegiatan pekerjaan sehari-hari. 
&quot;Ya kami menghendaki tidak usah ada sweeping,&quot; ujar Maruf Amin di Kompleks Istana Kepresidenan, Jakarta, Senin (19/12/2016). 
&quot;Ya kami minta pihak keamanan dan pihak perusahaan bisa merespons itu dengan baik. Supaya tidak ada sweeping-sweeping. Langsung diaplikasikan saja,&quot; kata Maruf Amin. 
Terkait dikeluarkannya fatwa tersebut, Maruf Amin mengungkapkan semua berawal dari masukan masyarakat kepada MUI . 
&quot;Kita kan karena banyak permintaan dari masyarakat. Keluhan dan karena dipaksa. Ya akhirnya keluar fatwa itu,&quot; kata Maruf Amin. 
(Tribunnews.com/ Imanuel Nicolas Manafe)
</topic_text>
<spam_score>0.00</spam_score>
<post_num>1</post_num>
<post_id>post-1</post_id>
<post_url>http://wartakota.tribunnews.com/2016/12/20/mui-tidak-usah-ada-sweeping-soal-atribut-natal</post_url>
<post_date>20161219</post_date>
<post_time>2047</post_time>
<username></username>
<post>
MUI: Tidak Usah Ada Sweeping Soal Atribut Natal Maruf Amin mengatakan, menjalankan Fatwa tersebut hanya perlu kesadaran dari pihak perusahaan atau pihak keamanan untuk diaplikasikan. Selasa, 20 Desember 2016 03:47 Kompas.com/Nabilla Tashandra Ketua Umum Majelis Ulama Indonesia, Ma&apos;ruf Amin, saat ditemui usai pembukaan rakornas MUI di Hotel Mercure, Ancol, Jakarta Utara, Selasa (10/11/2015) 
WARTA KOTA, PALMERAH -- Ketua Majelis Ulama Indonesia Maruf Amin mengatakan tidak perlu ada aksi sweeping dalam menyikapi Fatwa MUI soal atribut Natal bagi umat Muslim. 
Maruf Amin mengatakan, menjalankan Fatwa tersebut hanya perlu kesadaran dari pihak perusahaan atau pihak keamanan untuk diaplikasikan dalam kegiatan pekerjaan sehari-hari. 
&quot;Ya kami menghendaki tidak usah ada sweeping,&quot; ujar Maruf Amin di Kompleks Istana Kepresidenan, Jakarta, Senin (19/12/2016). 
&quot;Ya kami minta pihak keamanan dan pihak perusahaan bisa merespons itu dengan baik. Supaya tidak ada sweeping-sweeping. Langsung diaplikasikan saja,&quot; kata Maruf Amin. 
Terkait dikeluarkannya fatwa tersebut, Maruf Amin mengungkapkan semua berawal dari masukan masyarakat kepada MUI . 
&quot;Kita kan karena banyak permintaan dari masyarakat. Keluhan dan karena dipaksa. Ya akhirnya keluar fatwa itu,&quot; kata Maruf Amin. 
(Tribunnews.com/ Imanuel Nicolas Manafe)
</post>
<signature>

</signature>
<external_links>

</external_links>
<country>US</country>
<main_image>http://cdn2.tstatic.net/wartakota/foto/bank/images/maruf-amin_20151111_043857.jpg</main_image>
</document>
