<?xml version="1.0" encoding="UTF-8"?>
<document>
<type>mainstream</type>
<forum>http://rostovnadonu.bezformata.ru/rss.xml</forum>
<forum_title>Новости города БезФормата.Ru Ростовская область Ростов-на-Дону</forum_title>
<discussion_title>До конца недели ростовчане успеют купить продукцию Ивановского текстиля</discussion_title>
<language>russian</language>
<gmt_offset></gmt_offset>
<topic_url>http://rostovnadonu.bezformata.ru/listnews/kupit-produktciyu-ivanovskogo-tekstilya/53372981/</topic_url>
<topic_text>
Задать вопрос? До конца недели ростовчане успеют купить продукцию Ивановского текстиля 
Ростовчан приглашают за теплыми новогодними подарками . Одеяла и подушки с наполнителем из шерсти верблюда и овцы, а также постельные принадлежности из чистого хлопка предлагает ярмарка «Ивановский текстиль». 
Ивановский текстиль гостит в Ростове последнюю неделю в этом году. Для ростовчан ассортимент, как всегда, широк: подушки, одеяла, пледы, покрывала, постельное белье разных цветов и размеров. А также большой выбор домашнего трикотажа. Качество производитель гарантирует. 
«У нас фабрика ивановская с многолетней историей. Мы заботимся о качестве нашей продукции. Поэтому все наши изделия идут из 100% хлопка. Все натуральное. Подушки-одеяла с наполнителями из верблюжьей и овечьей шерсти. Теплые и легкие. Все стеганные. Не сбиваются, не скатываются. Долговечные», — говорит администратор Лия Беляева. 
«У нас частный дом. Тепло. И легонькое. Укрываться нам хорошо. Купили, теперь хотим посмотреть постельное белье», — говорят посетители. 
Ярмарка будет работать до субботы, 24-го декабря включительно во Дворце культуры «Ростсельмаш».
</topic_text>
<spam_score>0.00</spam_score>
<post_num>1</post_num>
<post_id>post-1</post_id>
<post_url>http://rostovnadonu.bezformata.ru/listnews/kupit-produktciyu-ivanovskogo-tekstilya/53372981/</post_url>
<post_date>20161219</post_date>
<post_time>1835</post_time>
<username></username>
<post>
Задать вопрос? До конца недели ростовчане успеют купить продукцию Ивановского текстиля 
Ростовчан приглашают за теплыми новогодними подарками . Одеяла и подушки с наполнителем из шерсти верблюда и овцы, а также постельные принадлежности из чистого хлопка предлагает ярмарка «Ивановский текстиль». 
Ивановский текстиль гостит в Ростове последнюю неделю в этом году. Для ростовчан ассортимент, как всегда, широк: подушки, одеяла, пледы, покрывала, постельное белье разных цветов и размеров. А также большой выбор домашнего трикотажа. Качество производитель гарантирует. 
«У нас фабрика ивановская с многолетней историей. Мы заботимся о качестве нашей продукции. Поэтому все наши изделия идут из 100% хлопка. Все натуральное. Подушки-одеяла с наполнителями из верблюжьей и овечьей шерсти. Теплые и легкие. Все стеганные. Не сбиваются, не скатываются. Долговечные», — говорит администратор Лия Беляева. 
«У нас частный дом. Тепло. И легонькое. Укрываться нам хорошо. Купили, теперь хотим посмотреть постельное белье», — говорят посетители. 
Ярмарка будет работать до субботы, 24-го декабря включительно во Дворце культуры «Ростсельмаш».
</post>
<signature>

</signature>
<external_links>

</external_links>
<country>RU</country>
<main_image></main_image>
</document>
