<?xml version="1.0" encoding="UTF-8"?>
<document>
<type>mainstream</type>
<forum>http://rostovnadonu.bezformata.ru/rss.xml</forum>
<forum_title>Новости города БезФормата.Ru Ростовская область Ростов-на-Дону</forum_title>
<discussion_title>Уголовное дело завели в отношении главы Цимлянского района</discussion_title>
<language>russian</language>
<gmt_offset></gmt_offset>
<topic_url>http://rostovnadonu.bezformata.ru/listnews/zaveli-v-otnoshenii-glavi-tcimlyanskogo/53372982/</topic_url>
<topic_text>
Задать вопрос? Уголовное дело завели в отношении главы Цимлянского района 
В отношение главы Цимлянского района Андрея Садымова заведено уголовное дело. Сегодня об этом сообщил следственный комитет России по Ростовской области. Чиновника подозревают в халатности. 
По версии следствия, в прошлом году администрация района и строители заключили контракты долевого участия на возведение многоквартирного дома в Цимлянске для детей-сирот. Условия контракта о завершении строительства не были выполнены. Тем не менее, Садымов распорядился полностью рассчитаться со строительной организацией. Таким образом, действия чиновника причинили крупный ущерб донскому бюджету. Кроме того, нарушены права детей-сирот. Их не обеспечили жилье м.
</topic_text>
<spam_score>0.00</spam_score>
<post_num>1</post_num>
<post_id>post-1</post_id>
<post_url>http://rostovnadonu.bezformata.ru/listnews/zaveli-v-otnoshenii-glavi-tcimlyanskogo/53372982/</post_url>
<post_date>20161219</post_date>
<post_time>1835</post_time>
<username></username>
<post>
Задать вопрос? Уголовное дело завели в отношении главы Цимлянского района 
В отношение главы Цимлянского района Андрея Садымова заведено уголовное дело. Сегодня об этом сообщил следственный комитет России по Ростовской области. Чиновника подозревают в халатности. 
По версии следствия, в прошлом году администрация района и строители заключили контракты долевого участия на возведение многоквартирного дома в Цимлянске для детей-сирот. Условия контракта о завершении строительства не были выполнены. Тем не менее, Садымов распорядился полностью рассчитаться со строительной организацией. Таким образом, действия чиновника причинили крупный ущерб донскому бюджету. Кроме того, нарушены права детей-сирот. Их не обеспечили жилье м.
</post>
<signature>

</signature>
<external_links>

</external_links>
<country>RU</country>
<main_image></main_image>
</document>
