<?xml version="1.0" encoding="UTF-8"?>
<document>
<type>mainstream</type>
<forum>http://businessrecord.com/RSS/248</forum>
<forum_title>RSS Feed businessrecord.com : All Latest News</forum_title>
<discussion_title>Five more Iowa locations are certified for industrial development</discussion_title>
<language>english</language>
<gmt_offset></gmt_offset>
<topic_url>http://www.businessrecord.com:80/Content/Default/-All-Latest-News/Article/-Five-more-Iowa-locations-are-certified-for-industrial-development/-3/248/75866</topic_url>
<topic_text>
Five more Iowa locations are certified for industrial development Monday, December 19, 2016 3:38 PM The state of Iowa has added five sites to its list of properties that have gone through the Iowa Economic Development Authority&apos;s certified site program and are prime for industrial development, according to a release. The program is an effort to address a need for project-ready industrial sites. Properties ranging in size from 68 acres to 375 acres in Forest City, Clinton, Grinnell, Waterloo and Osage were added to the list. The program previously certified sites in Van Meter, Dexter, Iowa Falls, Fort Dodge, Mason City, Norwalk, Perry, Davenport, Middletown, Cedar Rapids and Marion. Seven application rounds have been opened since the program was established with additional sites currently working their way through various phases of the program. Site selection firm McCallum Sweeney Consulting is the sole certifying agent. Among other things, properties are evaluated for the presence of utilities and proximity to transportation corridors in addition to a preliminary assessment of possible environmental issues. The next round of applications will be accepted in January.
</topic_text>
<spam_score>0.00</spam_score>
<post_num>1</post_num>
<post_id>post-1</post_id>
<post_url>http://www.businessrecord.com:80/Content/Default/-All-Latest-News/Article/-Five-more-Iowa-locations-are-certified-for-industrial-development/-3/248/75866</post_url>
<post_date>20161219</post_date>
<post_time>2138</post_time>
<username></username>
<post>
Five more Iowa locations are certified for industrial development Monday, December 19, 2016 3:38 PM The state of Iowa has added five sites to its list of properties that have gone through the Iowa Economic Development Authority&apos;s certified site program and are prime for industrial development, according to a release. The program is an effort to address a need for project-ready industrial sites. Properties ranging in size from 68 acres to 375 acres in Forest City, Clinton, Grinnell, Waterloo and Osage were added to the list. The program previously certified sites in Van Meter, Dexter, Iowa Falls, Fort Dodge, Mason City, Norwalk, Perry, Davenport, Middletown, Cedar Rapids and Marion. Seven application rounds have been opened since the program was established with additional sites currently working their way through various phases of the program. Site selection firm McCallum Sweeney Consulting is the sole certifying agent. Among other things, properties are evaluated for the presence of utilities and proximity to transportation corridors in addition to a preliminary assessment of possible environmental issues. The next round of applications will be accepted in January.
</post>
<signature>

</signature>
<external_links>

</external_links>
<country>US</country>
<main_image></main_image>
</document>
