<?xml version="1.0" encoding="UTF-8"?>
<document>
<type>mainstream</type>
<forum>http://www.milenio.com/estados/</forum>
<forum_title>Noticias por Estados: Actualidad nacional de última hora - Grupo Milenio</forum_title>
<discussion_title>&apos;Cuau&apos; es hábil con las piernas, pero no para gobernar: Graco</discussion_title>
<language>spanish</language>
<gmt_offset>-6</gmt_offset>
<topic_url>http://www.milenio.com/estados/caso_cuauhtemoc_blanco-juicio_politico-amparo_corta-graco_ramirez-noticias_0_868713155.html</topic_url>
<topic_text>
Graco Ramírez, Gobernador de Morelos. (Especial) Milenio Digital 19/12/2016 07:58 AM
Ciudad de México
El gobernador de Morelos, Graco Ramírez, aseguró que el alcalde de Cuernavaca, Cuauhtémoc Blanco, tiene habilidad en las piernas, pero no para gobernar.
&quot;Tiene habilidad en las piernas, pero es difícil que puedas gobernar sólo con las piernas&quot; dijo el mandatario estatal en entrevista con Carlos Loret para el programa Despierta.
TE RECOMENDAMOS: Por segunda ocasión, SCJN frena destitución de Blanco
Negó estar detrás del proceso de la revocación de mandado y del juicio político promovidos contra el ex futbolista y dijo que este caso únicamente tiene un trasfondo legal.
&quot;Es un motivo de legalidad... El señor fue contratado; no conoce Cuernavaca, es evidente que hubo contratos, e incluso hay falsificación de documentos. Hay irregularidades&quot;, dijo Ramírez.
Acusó que Blanco solicitó un crédito para Cuernavaca, pero que no ha presentado un plan para aclarar en qué rubros utilizará el dinero.
AA
</topic_text>
<spam_score>0.16</spam_score>
<post_num>7</post_num>
<post_id>post-7</post_id>
<post_url>http://www.milenio.com/estados/caso_cuauhtemoc_blanco-juicio_politico-amparo_corta-graco_ramirez-noticias_0_868713155.html</post_url>
<post_date>20161220</post_date>
<post_time>0158</post_time>
<username>fantasma</username>
<post>
Sin defender desde luego al Temoc, ni en Morelos ni en todo el país, hay absolutamente un político que sea mejor que el Cuauhtémoc, ni un sólo político es mejor que el
</post>
<signature>

</signature>
<external_links>

</external_links>
<country>US</country>
<main_image>http://www.milenio.com/region/Gobernador_Morelos-Graco_Luis_Ramirez_Abreu_MILIMA20160707_0109_14.jpg</main_image>
</document>
