<?xml version="1.0" encoding="UTF-8"?>
<document>
<type>mainstream</type>
<forum>http://rostovnadonu.bezformata.ru/rss.xml</forum>
<forum_title>Новости города БезФормата.Ru Ростовская область Ростов-на-Дону</forum_title>
<discussion_title>Клирик Свято-Казанского храма совершил Таинства Крещения, Исповеди и Причастия в Центре временного содержания несовершеннолетних правонарушителей</discussion_title>
<language>russian</language>
<gmt_offset></gmt_offset>
<topic_url>http://rostovnadonu.bezformata.ru/listnews/kazanskogo-hrama-sovershil-tainstva/53373442/</topic_url>
<topic_text>
Фото: rostoveparhia.ru 
15 декабря 2016 года в Центре временного содержания несовершеннолетних правонарушителей, над воспитанниками которого шефствуют сёстры милосердия Свято-Казанского храма, были совершены Таинства Исповеди и Причастия, а также Таинство Крещения. Совершил Таинства клирик храма иерей Павел Суздальцев. 
Святых Христовых Таин причастились четверо подростков. Накануне сёстры милосердия подготовили ребят к исповеди, поговорили с ними о грехе и смысле покаяния. 
В этот же день один из воспитанников учреждения, в связи с выраженным им желанием, принял Таинство Крещения. 
В пастырском слове, обращённом к подросткам, священник отметил, что мир часто диктует человеку свои правила жизни и свои представления о том, что правильно, а что нет. Тем не менее, как подчеркнул иерей Павел Суздальцев, Бог ждёт от человека жизни по Его правде, и в этом большим подспорьем для него становятся Таинства Церкви. Священник выразил надежду на то, что по выходе из стен учреждения, ребята смогут стать законопослушными гражданами и хорошими христианами. 
Подростку, принявшему Крещение, и всем причастникам на память об этом важном дне сёстры милосердия Свято-Казанского храма вручили небольшие иконы. По просьбе ребят сёстры также раздали им текст молитвы святой великомученице Анастасии Узорешительнице.
</topic_text>
<spam_score>0.00</spam_score>
<post_num>1</post_num>
<post_id>post-1</post_id>
<post_url>http://rostovnadonu.bezformata.ru/listnews/kazanskogo-hrama-sovershil-tainstva/53373442/</post_url>
<post_date>20161219</post_date>
<post_time>1908</post_time>
<username></username>
<post>
Фото: rostoveparhia.ru 
15 декабря 2016 года в Центре временного содержания несовершеннолетних правонарушителей, над воспитанниками которого шефствуют сёстры милосердия Свято-Казанского храма, были совершены Таинства Исповеди и Причастия, а также Таинство Крещения. Совершил Таинства клирик храма иерей Павел Суздальцев. 
Святых Христовых Таин причастились четверо подростков. Накануне сёстры милосердия подготовили ребят к исповеди, поговорили с ними о грехе и смысле покаяния. 
В этот же день один из воспитанников учреждения, в связи с выраженным им желанием, принял Таинство Крещения. 
В пастырском слове, обращённом к подросткам, священник отметил, что мир часто диктует человеку свои правила жизни и свои представления о том, что правильно, а что нет. Тем не менее, как подчеркнул иерей Павел Суздальцев, Бог ждёт от человека жизни по Его правде, и в этом большим подспорьем для него становятся Таинства Церкви. Священник выразил надежду на то, что по выходе из стен учреждения, ребята смогут стать законопослушными гражданами и хорошими христианами. 
Подростку, принявшему Крещение, и всем причастникам на память об этом важном дне сёстры милосердия Свято-Казанского храма вручили небольшие иконы. По просьбе ребят сёстры также раздали им текст молитвы святой великомученице Анастасии Узорешительнице.
</post>
<signature>

</signature>
<external_links>

</external_links>
<country>RU</country>
<main_image>http://rostovnadonu.bezformata.ru/content/image223114404.jpg</main_image>
</document>
