<?xml version="1.0" encoding="UTF-8"?>
<document>
<type>mainstream</type>
<forum>http://rostovnadonu.bezformata.ru/rss.xml</forum>
<forum_title>Новости города БезФормата.Ru Ростовская область Ростов-на-Дону</forum_title>
<discussion_title>Дочь Розы Сябитовой рассталась с мужем сразу после свадьбы</discussion_title>
<language>russian</language>
<gmt_offset></gmt_offset>
<topic_url>http://rostovnadonu.bezformata.ru/listnews/rozi-syabitovoj-rasstalas-s-muzhem/53374954/</topic_url>
<topic_text>
Фото: s13.stc.all.kpcdn.net Семейное счастье Ксении Сябитовой длилось недолгоФото: Личная страничка героя публикации в соцсети У главной свахи страны так и не получилось удачно выдать замуж дочь 
Больше двух лет назад ведущая программы « Давай поженимся » Роза Сябитова выдала замуж единственную дочь Ксению. Жениха главная сваха страны нашла наследнице сама: она познакомила Ксюшу с юристом своего брачного агентства Андреем Снетковым. Роскошная свадьба обошлась Розе Сябитовой в 15 миллионов рублей. Ее отпраздновали в одном из самых роскошных ресторанов столицы. Однако семейное счастье Ксении Сябитовой длилось недолго. Бывший пиар-директор Розы Иван Ирбис в эфире программы Леонида Закошанского « Говорим и показываем » заявил, что после свадьбы жениха никто не видел. Это заметили и интернет-пользователи, они довольно быстро обратили внимание на то, что в блоге Ксении нет ни одной фотографии с мужем. 
«Я этого Андрея видел неоднократно. Там никакой любви в глазах. Парень сторонился Ксении. Он приехал в Москву, Роза Сябитова дала ему место в своем бизнесе, квартиру , содержание, машину со словами « Только Ксению возьмите уже мою в жены наконец ». Она же сваха, а дочь никак пристроить не может. Но Андрея с момента свадьбы никто не видел», — заявил Иван Ирбис. 
Сама Сябитова проблемы в семье дочери никогда не обнародовала, лишь упомянула в одном из интервью, что ее наследница столкнулась с первыми проблемами семейной жизни сразу же после свадьбы. Мол, Ксению тяготят обыденность и рутинность брака, недопонимание в общении с мужем. 
«Через месяц после свадьбы дочь спросила: &quot; Мама, так будет всегда? &quot; Она пытала меня: &quot; Вся замужняя жизнь такая рутинная? Почему ты мне об этом раньше не сказала? &quot; Ответила, что, скажи я ей это, она бы никогда замуж не вышла…» – посетовала Роза Сябитова в интервью изданию Starhit. 
Мало того, после заключения брака муж Ксении стал огорчать ее своими поступками, так что молодая женщина то и дело плачет от обиды и расстройства. 
« В новом статусе жены у дочери возникло немало проблем. Больше всего ее расстраивает, что муж Андрей может встретиться с друзьями или даже уехать с ними в другой город, не предупредив ее », - разоткровенничалась телесваха. 
Но тогда телесваха посоветовала дочери набраться терпения и подождать, когда семейная жизнь станет более ровной и стабильной. « Со временем все устаканится. Мужчина понимает, что женился, только спустя год брака. Это девушка кардинально меняет жизнь, становясь замужней, а мужчина продолжает жить как раньше », – заявила она. 
Однако, похоже, семьи у дочери так и не получилось. Надо отметить, что в свое время Роза Сябитова шокировала публику тем, что выставила напоказ личную жизнь своего сына Дениса, живущего с женщиной, значительно старше его. «В открытую я ничего не говорю, но на праздники всячески намекаю гражданской жене Дениса про ее возраст – то крем подарю от морщин, то средство от целлюлита», - без всякого смущения заявила тогда звезда « Первого канала ».
</topic_text>
<spam_score>0.00</spam_score>
<post_num>1</post_num>
<post_id>post-1</post_id>
<post_url>http://rostovnadonu.bezformata.ru/listnews/rozi-syabitovoj-rasstalas-s-muzhem/53374954/</post_url>
<post_date>20161219</post_date>
<post_time>2232</post_time>
<username></username>
<post>
Фото: s13.stc.all.kpcdn.net Семейное счастье Ксении Сябитовой длилось недолгоФото: Личная страничка героя публикации в соцсети У главной свахи страны так и не получилось удачно выдать замуж дочь 
Больше двух лет назад ведущая программы « Давай поженимся » Роза Сябитова выдала замуж единственную дочь Ксению. Жениха главная сваха страны нашла наследнице сама: она познакомила Ксюшу с юристом своего брачного агентства Андреем Снетковым. Роскошная свадьба обошлась Розе Сябитовой в 15 миллионов рублей. Ее отпраздновали в одном из самых роскошных ресторанов столицы. Однако семейное счастье Ксении Сябитовой длилось недолго. Бывший пиар-директор Розы Иван Ирбис в эфире программы Леонида Закошанского « Говорим и показываем » заявил, что после свадьбы жениха никто не видел. Это заметили и интернет-пользователи, они довольно быстро обратили внимание на то, что в блоге Ксении нет ни одной фотографии с мужем. 
«Я этого Андрея видел неоднократно. Там никакой любви в глазах. Парень сторонился Ксении. Он приехал в Москву, Роза Сябитова дала ему место в своем бизнесе, квартиру , содержание, машину со словами « Только Ксению возьмите уже мою в жены наконец ». Она же сваха, а дочь никак пристроить не может. Но Андрея с момента свадьбы никто не видел», — заявил Иван Ирбис. 
Сама Сябитова проблемы в семье дочери никогда не обнародовала, лишь упомянула в одном из интервью, что ее наследница столкнулась с первыми проблемами семейной жизни сразу же после свадьбы. Мол, Ксению тяготят обыденность и рутинность брака, недопонимание в общении с мужем. 
«Через месяц после свадьбы дочь спросила: &quot; Мама, так будет всегда? &quot; Она пытала меня: &quot; Вся замужняя жизнь такая рутинная? Почему ты мне об этом раньше не сказала? &quot; Ответила, что, скажи я ей это, она бы никогда замуж не вышла…» – посетовала Роза Сябитова в интервью изданию Starhit. 
Мало того, после заключения брака муж Ксении стал огорчать ее своими поступками, так что молодая женщина то и дело плачет от обиды и расстройства. 
« В новом статусе жены у дочери возникло немало проблем. Больше всего ее расстраивает, что муж Андрей может встретиться с друзьями или даже уехать с ними в другой город, не предупредив ее », - разоткровенничалась телесваха. 
Но тогда телесваха посоветовала дочери набраться терпения и подождать, когда семейная жизнь станет более ровной и стабильной. « Со временем все устаканится. Мужчина понимает, что женился, только спустя год брака. Это девушка кардинально меняет жизнь, становясь замужней, а мужчина продолжает жить как раньше », – заявила она. 
Однако, похоже, семьи у дочери так и не получилось. Надо отметить, что в свое время Роза Сябитова шокировала публику тем, что выставила напоказ личную жизнь своего сына Дениса, живущего с женщиной, значительно старше его. «В открытую я ничего не говорю, но на праздники всячески намекаю гражданской жене Дениса про ее возраст – то крем подарю от морщин, то средство от целлюлита», - без всякого смущения заявила тогда звезда « Первого канала ».
</post>
<signature>

</signature>
<external_links>

</external_links>
<country>RU</country>
<main_image>http://rostovnadonu.bezformata.ru/content/image223123561.jpg</main_image>
</document>
