<?xml version="1.0" encoding="UTF-8"?>
<document>
<type>mainstream</type>
<forum>http://www.trading-house.net/rss/meldungen/</forum>
<forum_title>trading-house.net Nachrichtenfeed</forum_title>
<discussion_title>Lkw rast auf Berliner Weihnachtsmarkt in Menschenmenge</discussion_title>
<language>german</language>
<gmt_offset></gmt_offset>
<topic_url>http://www.trading-house.net/news/lkw-rast-auf-berliner-weihnachtsmarkt-in-menschenmenge-52508906</topic_url>
<topic_text>
20.12.2016 - 00:34 Uhr Lkw rast auf Berliner Weihnachtsmarkt in Menschenmenge In Berlin ist ein Lkw über einen Weihnachtsmarkt gerast. Die Polizei bestätigte bislang neun Tote. Zudem soll es mehr als 50 Verletzte gegeben haben. Der Lkw-Fahrer wurde gefasst. Ein weiterer Verdächtiger ist tot.
</topic_text>
<spam_score>0.00</spam_score>
<post_num>1</post_num>
<post_id>post-1</post_id>
<post_url>http://www.trading-house.net/news/lkw-rast-auf-berliner-weihnachtsmarkt-in-menschenmenge-52508906</post_url>
<post_date>20161219</post_date>
<post_time>2334</post_time>
<username></username>
<post>
20.12.2016 - 00:34 Uhr Lkw rast auf Berliner Weihnachtsmarkt in Menschenmenge In Berlin ist ein Lkw über einen Weihnachtsmarkt gerast. Die Polizei bestätigte bislang neun Tote. Zudem soll es mehr als 50 Verletzte gegeben haben. Der Lkw-Fahrer wurde gefasst. Ein weiterer Verdächtiger ist tot.
</post>
<signature>

</signature>
<external_links>

</external_links>
<country>DE</country>
<main_image></main_image>
</document>
