<?xml version="1.0" encoding="UTF-8"?>
<document>
<type>mainstream</type>
<forum>http://www.exclusivnews.ro/feed/</forum>
<forum_title>exclusivNews » » Ambasadorul Rusiei în Turcia, Andrei Karlov, împușcat mortal la Ankara</forum_title>
<discussion_title>Ambasadorul Rusiei în Turcia, Andrei Karlov, împușcat mortal la Ankara</discussion_title>
<language>romanian</language>
<gmt_offset></gmt_offset>
<topic_url>http://www.exclusivnews.ro/stiri/internationale/ambasadorul-rusiei-in-turcia-andrei-karlov-impuscat-mortal-la-ankara.html</topic_url>
<topic_text>
exclusivNews.ro Dec 19, 2016 21:18 Ambasadorul Rusiei în Turcia, Andrei Karlov, împușcat mortal la Ankara loading... 
Ambasadorul Rusiei în Turcia, Andrei Karlov, a fost împușcat mortal, luni seară, în timpul unei expoziții foto la Ankara, informează Hurriyet. 
Andrei Karlov a fost împușcat în spate de un individ înarmat în timp ce ambasadorul ținea un discurs la deschiderea unei expoziții de fotografie. 
După ce l-a împușcat pe ambasadorul rus, atacatorul a strigat “Allah e mare! Nu uitați de Siria, nu uitați de Aleppo!” 
Atacatorul a fost împușcat de către forțele de ordine turce, conform agenției Anadolu citată de Reuters. 
Forțele de securitate turce au anunțat că bărbatul era ofițer de poliție și lucra în Ankara. 
În timpul atacului au fost rănite alte câteva persoane. 
Atacul armat a avut loc în ajunul vizitei ministrului de externe al Turciei, Mevlut Cavusoglu, la Moscova, pentru consultări cu omologii săi rus și iranian cu privire la Siria.
</topic_text>
<spam_score>0.00</spam_score>
<post_num>1</post_num>
<post_id>post-1</post_id>
<post_url>http://www.exclusivnews.ro/stiri/internationale/ambasadorul-rusiei-in-turcia-andrei-karlov-impuscat-mortal-la-ankara.html</post_url>
<post_date>20161219</post_date>
<post_time>1918</post_time>
<username>exclusivNews.ro</username>
<post>
exclusivNews.ro Dec 19, 2016 21:18 Ambasadorul Rusiei în Turcia, Andrei Karlov, împușcat mortal la Ankara loading... 
Ambasadorul Rusiei în Turcia, Andrei Karlov, a fost împușcat mortal, luni seară, în timpul unei expoziții foto la Ankara, informează Hurriyet. 
Andrei Karlov a fost împușcat în spate de un individ înarmat în timp ce ambasadorul ținea un discurs la deschiderea unei expoziții de fotografie. 
După ce l-a împușcat pe ambasadorul rus, atacatorul a strigat “Allah e mare! Nu uitați de Siria, nu uitați de Aleppo!” 
Atacatorul a fost împușcat de către forțele de ordine turce, conform agenției Anadolu citată de Reuters. 
Forțele de securitate turce au anunțat că bărbatul era ofițer de poliție și lucra în Ankara. 
În timpul atacului au fost rănite alte câteva persoane. 
Atacul armat a avut loc în ajunul vizitei ministrului de externe al Turciei, Mevlut Cavusoglu, la Moscova, pentru consultări cu omologii săi rus și iranian cu privire la Siria.
</post>
<signature>

</signature>
<external_links>

</external_links>
<country>RO</country>
<main_image>http://www.exclusivnews.ro/wp-content/uploads/2016/12/ambasador-rus-impuscat-in-turcia.jpg</main_image>
</document>
