<?xml version="1.0" encoding="UTF-8"?>
<document>
<type>mainstream</type>
<forum>http://rostovnadonu.bezformata.ru/rss.xml</forum>
<forum_title>Новости города БезФормата.Ru Ростовская область Ростов-на-Дону</forum_title>
<discussion_title>В Берлине грузовик врезался в толпу на рождественском рынке</discussion_title>
<language>russian</language>
<gmt_offset></gmt_offset>
<topic_url>http://rostovnadonu.bezformata.ru/listnews/gruzovik-vrezalsya-v-tolpu-na-rozhdestvenskom/53374265/</topic_url>
<topic_text>
Фото: s12.stc.all.kpcdn.net По словам очевидцев, грузовик проехал через всю площадь и остановился у Рождественской елкиФото: REUTERS В результате погиб один человек, несколько человек получили тяжелые ранения [видео] 
В столице Германии грузовик врезался в толпу людей на рождественском рынке. 
В результате один человек погиб, еще несколько получили тяжелые ранения. Об этом сообщает РИА Новости со ссылкой на немецкие СМИ. 
По словам очевидцев, грузовик проехал через всю площадь и остановился у Рождественской елки. На месте много раненых, прибыли многочисленные бригады скорой помощи. 
Подробности и причины инцидента выясняются. 
В результате погиб один человек, несколько человек получили тяжелые раненияФото: REUTERS 
В Берлине грузовик врезался в толпу на рождественском рынке. В результате погиб один человек, несколько человек получили тяжелые ранения.
</topic_text>
<spam_score>0.00</spam_score>
<post_num>1</post_num>
<post_id>post-1</post_id>
<post_url>http://rostovnadonu.bezformata.ru/listnews/gruzovik-vrezalsya-v-tolpu-na-rozhdestvenskom/53374265/</post_url>
<post_date>20161219</post_date>
<post_time>2032</post_time>
<username></username>
<post>
Фото: s12.stc.all.kpcdn.net По словам очевидцев, грузовик проехал через всю площадь и остановился у Рождественской елкиФото: REUTERS В результате погиб один человек, несколько человек получили тяжелые ранения [видео] 
В столице Германии грузовик врезался в толпу людей на рождественском рынке. 
В результате один человек погиб, еще несколько получили тяжелые ранения. Об этом сообщает РИА Новости со ссылкой на немецкие СМИ. 
По словам очевидцев, грузовик проехал через всю площадь и остановился у Рождественской елки. На месте много раненых, прибыли многочисленные бригады скорой помощи. 
Подробности и причины инцидента выясняются. 
В результате погиб один человек, несколько человек получили тяжелые раненияФото: REUTERS 
В Берлине грузовик врезался в толпу на рождественском рынке. В результате погиб один человек, несколько человек получили тяжелые ранения.
</post>
<signature>

</signature>
<external_links>

</external_links>
<country>RU</country>
<main_image>http://rostovnadonu.bezformata.ru/content/image223119416.jpg</main_image>
</document>
