<?xml version="1.0" encoding="UTF-8"?>
<document>
<type>mainstream</type>
<forum>http://www.nbc-2.com/category/170695/weird-news?clienttype=rss</forum>
<forum_title>NBC2 News - Weird News</forum_title>
<discussion_title>Adam West to sell Batman-themed paintings he&apos;s created</discussion_title>
<language>english</language>
<gmt_offset></gmt_offset>
<topic_url>http://www.nbc-2.com/story/34091602/adam-west-to-sell-batman-themed-paintings-hes-created</topic_url>
<topic_text>
More &gt;&gt; 
KETCHUM, Idaho (AP) - The actor who portrayed the tights-clad Batman in the 1960s TV series is selling paintings he has created of villains from the show at an art gallery in the central Idaho resort town of Ketchum near where he now lives. 
The opening night of &quot;Criminals on Canvas&quot; is Wednesday at the Gilman Contemporary art gallery, and West is scheduled to attend. 
The 88-year-old West in a statement says his paintings capture the humor, zaniness and depth of Batman villains as well as the Freudian motivations of Batman. 
West&apos;s deadpan portrayal of the comic hero in the campy 1960s series brought the Capped Crusader into the national consciousness as he battled Catwoman, the Joker, the Riddler and the Penguin. 
The Sun Valley and Ketchum area typically attracts many wealthy visitors during the holidays. Copyright 2016 The Associated Press. All rights reserved. This material may not be published, broadcast, rewritten or redistributed. Can&apos;t Find Something?
</topic_text>
<spam_score>0.00</spam_score>
<post_num>1</post_num>
<post_id>post-1</post_id>
<post_url>http://www.nbc-2.com/story/34091602/adam-west-to-sell-batman-themed-paintings-hes-created</post_url>
<post_date>20161219</post_date>
<post_time>2200</post_time>
<username></username>
<post>
More &gt;&gt; 
KETCHUM, Idaho (AP) - The actor who portrayed the tights-clad Batman in the 1960s TV series is selling paintings he has created of villains from the show at an art gallery in the central Idaho resort town of Ketchum near where he now lives. 
The opening night of &quot;Criminals on Canvas&quot; is Wednesday at the Gilman Contemporary art gallery, and West is scheduled to attend. 
The 88-year-old West in a statement says his paintings capture the humor, zaniness and depth of Batman villains as well as the Freudian motivations of Batman. 
West&apos;s deadpan portrayal of the comic hero in the campy 1960s series brought the Capped Crusader into the national consciousness as he battled Catwoman, the Joker, the Riddler and the Penguin. 
The Sun Valley and Ketchum area typically attracts many wealthy visitors during the holidays. Copyright 2016 The Associated Press. All rights reserved. This material may not be published, broadcast, rewritten or redistributed. Can&apos;t Find Something?
</post>
<signature>

</signature>
<external_links>

</external_links>
<country>US</country>
<main_image>http://ftpcontent.worldnow.com/wncustom/custom/wbbh/2015/images/wbbh-og-image.jpg</main_image>
</document>
