<?xml version="1.0" encoding="UTF-8"?>
<document>
<type>mainstream</type>
<forum>http://eldictamen.mx/feed/</forum>
<forum_title>El Dictamen</forum_title>
<discussion_title>Michelle Obama a Melania Trump: “Mi puerta está abierta”</discussion_title>
<language>spanish</language>
<gmt_offset></gmt_offset>
<topic_url>http://eldictamen.mx/2016/12/internacional/michelle-obama-a-melania-trump-mi-puerta-esta-abierta/</topic_url>
<topic_text>
Home » Internacional » Michelle Obama a Melania Trump: “Mi puerta está abierta” Michelle Obama a Melania Trump: “Mi puerta está abierta” 
  5:36   La primera dama de Estados Unidos, Michelle Obama, aseguró hoy que está dispuesta a ayudar en todo lo que necesite a su sucesora, Melania Trump , mientras se adapta a su nuevo papel en la Casa Blanca. 
“Mi puerta está abierta”, afirmó la esposa del presidente Barack Obama, en una entrevista con la famosa presentadora Oprah Winfrey emitida hoy en la cadena CBS. 
“Realmente no sabes lo que es que hasta que estás aquí, así que la puerta está abierta, como le he dicho y como Laura Bush me dijo y otras primeras damas me dijeron”, reiteró la todavía primera dama estadounidense 
“Haremos lo que sea necesario para ayudarlos a tener éxito”, añadió en referencia a la familia Trump , futura inquilina de la mansión presidencial. 
Durante la entrevista, la primera dama explicó que al día siguiente de haber ganado los comicios no surgen preguntas sobre el cargo, pero a medida que van transcurriendo las semanas, llegan las dudas. 
Obama dijo que seguiría el ejemplo de Laura Bush, elogiando la ayuda de la ex primera dama republicana después de la elección de su marido en 2008. 
“Laura Bush fue amable y servicial. Su equipo estuvo allí con mi equipo durante todo este proceso de ocho años”, agregó. 
Los Obama, que apoyaron a la exaspirante demócrata Hillary Clinton en su campaña presidencial, se han comprometido a ayudar al presidente electo Donald Trump y a su familia para que tengan una transición suave en la Casa Blanca después de un ciclo electoral muy controvertido. 
Melania Trump , cuyo esposo jurará el cargo de presidente el próximo 20 de enero, apareció públicamente en muy pocos eventos de campaña a favor de su marido y ya ha manifestado varias veces que prefiere centrar sus esfuerzos en su hijo de diez años, Barron. 
Algunas informaciones han apuntado a que Melania podría conservar su vivienda permanente en Nueva York, donde permanecería con Barron, mientras que la hija mayor del magnate, Ivanka Trump , se trasladará a Washington, y podría asumir algunas de las funciones propias de la primera dama. Compartir:
</topic_text>
<spam_score>0.00</spam_score>
<post_num>1</post_num>
<post_id>post-1</post_id>
<post_url>http://eldictamen.mx/2016/12/internacional/michelle-obama-a-melania-trump-mi-puerta-esta-abierta/</post_url>
<post_date>20161219</post_date>
<post_time>2336</post_time>
<username></username>
<post>
Home » Internacional » Michelle Obama a Melania Trump: “Mi puerta está abierta” Michelle Obama a Melania Trump: “Mi puerta está abierta” 
  5:36   La primera dama de Estados Unidos, Michelle Obama, aseguró hoy que está dispuesta a ayudar en todo lo que necesite a su sucesora, Melania Trump , mientras se adapta a su nuevo papel en la Casa Blanca. 
“Mi puerta está abierta”, afirmó la esposa del presidente Barack Obama, en una entrevista con la famosa presentadora Oprah Winfrey emitida hoy en la cadena CBS. 
“Realmente no sabes lo que es que hasta que estás aquí, así que la puerta está abierta, como le he dicho y como Laura Bush me dijo y otras primeras damas me dijeron”, reiteró la todavía primera dama estadounidense 
“Haremos lo que sea necesario para ayudarlos a tener éxito”, añadió en referencia a la familia Trump , futura inquilina de la mansión presidencial. 
Durante la entrevista, la primera dama explicó que al día siguiente de haber ganado los comicios no surgen preguntas sobre el cargo, pero a medida que van transcurriendo las semanas, llegan las dudas. 
Obama dijo que seguiría el ejemplo de Laura Bush, elogiando la ayuda de la ex primera dama republicana después de la elección de su marido en 2008. 
“Laura Bush fue amable y servicial. Su equipo estuvo allí con mi equipo durante todo este proceso de ocho años”, agregó. 
Los Obama, que apoyaron a la exaspirante demócrata Hillary Clinton en su campaña presidencial, se han comprometido a ayudar al presidente electo Donald Trump y a su familia para que tengan una transición suave en la Casa Blanca después de un ciclo electoral muy controvertido. 
Melania Trump , cuyo esposo jurará el cargo de presidente el próximo 20 de enero, apareció públicamente en muy pocos eventos de campaña a favor de su marido y ya ha manifestado varias veces que prefiere centrar sus esfuerzos en su hijo de diez años, Barron. 
Algunas informaciones han apuntado a que Melania podría conservar su vivienda permanente en Nueva York, donde permanecería con Barron, mientras que la hija mayor del magnate, Ivanka Trump , se trasladará a Washington, y podría asumir algunas de las funciones propias de la primera dama. Compartir:
</post>
<signature>

</signature>
<external_links>

</external_links>
<country>MX</country>
<main_image>http://eldictamen.mx/wp-content/uploads/2016/12/unnamed-file-1.jpg</main_image>
</document>
