<?xml version="1.0" encoding="UTF-8"?>
<document>
<type>mainstream</type>
<forum>http://www.leparisien.fr/oise-60/rss.xml</forum>
<forum_title>Le Parisien  - Oise</forum_title>
<discussion_title>Avec son nouveau club de tennis, Creil attend les JO de pied ferme</discussion_title>
<language>french</language>
<gmt_offset></gmt_offset>
<topic_url>http://www.leparisien.fr/creil-60100/avec-son-nouveau-club-de-tennis-creil-attend-les-jo-de-pied-ferme-18-12-2016-6470958.php</topic_url>
<topic_text>
I l est désormais l’un des plus grands complexes de tennis des Hauts-de-France. Après un an de travaux, le nouveau Cercle de tennis creillois a vu le jour samedi, rue de Verdun. La structure va devenir Centre départemental de l’Oise. De quoi, espèrent ses dirigeants, doubler le nombre d’inscrits (285 aujourd’hui). Et organiser des compétitions régionales et nationales. « L’ancien complexe était beaucoup trop petit pour recevoir des joueurs au quotidien, estime Sébastien Nouger, président du Club amical de tennis de Creil. Nos 11 équipes progressent d’année en année. Nous avons besoin d’espace pour former nos joueurs. En 2016, l’équipe 1 du club a accédé à la Nationale 4. Et nos équipes seniors ont disputé les championnats de France. Devenir Centre départemental est l’occasion de progresser davantage. »
Après plus de quatre-vingt-dix ans d’utilisation intensive, les lieux ne correspondaient plus aux normes actuelles. Mais c’est surtout le souhait de « renforcer l’esprit terre battue » qui a motivé la réhabilitation. Ainsi, ce ne sont pas moins de 11 courts, 4 couverts et 7 extérieurs, le tout en terre battue, qui ont vu le jour. Sans oublier le club house entièrement reconstruit avec vestiaires, salle commune et terrasse. Un local sera aussi réservé au Comité départemental de tennis. Coût total de l’opération : 3,2 M€, financés en partie par la municipalité, la région des Hauts-de-France et la Fédération française de tennis (FFT).

« Le club, c’est le socle de la réussite, souligne Jean Gachassin, président de la FFT, présent lors de l’inauguration, accompagné de Michaël Llodra, ancien joueur professionnel. Et c’est là que les champions naissent, c’est leur cocon. Tsonga, Monfils et j’en passe, n’auraient pas réussi sans infrastructures de qualité. »
Au-delà de l’organisation de compétitions départementales, le Cercle de tennis creillois a bien l’intention d’accueillir des joueurs mondiaux. « Si Paris organise les Jeux olympiques en 2024, nous avons l’ambition de devenir un centre d’entraînement, avoue Sébastien Nouger. Nos courts sont de qualité et nous sommes situés à 45 minutes de Roland Garros. Alors Paris n’a plus qu’à gagner ! »
</topic_text>
<spam_score>0.00</spam_score>
<post_num>1</post_num>
<post_id>post-1</post_id>
<post_url>http://www.leparisien.fr/creil-60100/avec-son-nouveau-club-de-tennis-creil-attend-les-jo-de-pied-ferme-18-12-2016-6470958.php</post_url>
<post_date>20161218</post_date>
<post_time>1720</post_time>
<username>leparisien.fr</username>
<post>
I l est désormais l’un des plus grands complexes de tennis des Hauts-de-France. Après un an de travaux, le nouveau Cercle de tennis creillois a vu le jour samedi, rue de Verdun. La structure va devenir Centre départemental de l’Oise. De quoi, espèrent ses dirigeants, doubler le nombre d’inscrits (285 aujourd’hui). Et organiser des compétitions régionales et nationales. « L’ancien complexe était beaucoup trop petit pour recevoir des joueurs au quotidien, estime Sébastien Nouger, président du Club amical de tennis de Creil. Nos 11 équipes progressent d’année en année. Nous avons besoin d’espace pour former nos joueurs. En 2016, l’équipe 1 du club a accédé à la Nationale 4. Et nos équipes seniors ont disputé les championnats de France. Devenir Centre départemental est l’occasion de progresser davantage. »
Après plus de quatre-vingt-dix ans d’utilisation intensive, les lieux ne correspondaient plus aux normes actuelles. Mais c’est surtout le souhait de « renforcer l’esprit terre battue » qui a motivé la réhabilitation. Ainsi, ce ne sont pas moins de 11 courts, 4 couverts et 7 extérieurs, le tout en terre battue, qui ont vu le jour. Sans oublier le club house entièrement reconstruit avec vestiaires, salle commune et terrasse. Un local sera aussi réservé au Comité départemental de tennis. Coût total de l’opération : 3,2 M€, financés en partie par la municipalité, la région des Hauts-de-France et la Fédération française de tennis (FFT).

« Le club, c’est le socle de la réussite, souligne Jean Gachassin, président de la FFT, présent lors de l’inauguration, accompagné de Michaël Llodra, ancien joueur professionnel. Et c’est là que les champions naissent, c’est leur cocon. Tsonga, Monfils et j’en passe, n’auraient pas réussi sans infrastructures de qualité. »
Au-delà de l’organisation de compétitions départementales, le Cercle de tennis creillois a bien l’intention d’accueillir des joueurs mondiaux. « Si Paris organise les Jeux olympiques en 2024, nous avons l’ambition de devenir un centre d’entraînement, avoue Sébastien Nouger. Nos courts sont de qualité et nous sommes situés à 45 minutes de Roland Garros. Alors Paris n’a plus qu’à gagner ! »
</post>
<signature>

</signature>
<external_links>

</external_links>
<country>FR</country>
<main_image>http://s1.lprs1.fr/images/2016/12/18/6470958_f0427108-c528-11e6-a544-6975210c0c74-1.jpg</main_image>
</document>
