<?xml version="1.0" encoding="UTF-8"?>
<document>
<type>mainstream</type>
<forum>http://www.elaph.com/news/arab.htm</forum>
<forum_title>Elaph - إيلاف </forum_title>
<discussion_title>سويسرا ترفض قوانين الإرث الإسلامي</discussion_title>
<language>arabic</language>
<gmt_offset>0</gmt_offset>
<topic_url>http://www.elaph.com/Web/News/2016/12/1124378.html</topic_url>
<topic_text>
جنيف: اعتبرت المحكمة، وهي اعلى سلطة قضائية في سويسرا، ان استثناء الارملة من الارث بسبب كونها غير مسلمة (مسيحية) يتعارض مع &quot;النظام العام السويسري&quot;. يتعلق الأمر بحالة مليونير مصري مسلم توفي في 2007 في باريس عن سن 67 عامًا. والرجل الذي ليس له ابناء كان متزوجًا بألمانية مسيحية.
إلى التمييز
وطالب اشقاء وشقيقات المليونير من القضاء في كل الدول التي لديه املاك فيها، باملاك شقيقهم المتوفي كافة بموجب القانون المصري المستوحى من الشريعة الاسلامية. وبحسب قرار المحكمة، فإن اخوة المتوفي طالبوا بكل الاموال المودعة في مصرفين سويسريين، وذلك بناء على شهادة وراثة مصرية.
وقالت دينيز فاغنر ميسياكا محامية الورثة &quot;ربحنا القضية في المستوى الابتدائي، ثم خسرناها في الاستئناف، والان في التمييز&quot;.
هذه القضية في جنيف ليست الا واحدة من الخلافات المتعددة بين اخوة المتوفي وارملته.
ففي 2008، اعلن القضاء الالماني الارملة وريثة لنصف املاك زوجها الراحل في المانيا، وعاد النصف الاخر الى اخوته. كما فتحت محاكمة اثر وفاة المليونير المصري امام محكمة الاستئناف في باريس، التي اقرت باختصاص القضاء الفرنسي في تقرير لمن تعود بناية للمتوفي في العاصمة الفرنسية. والمتوفي الثري الذي لم يكشف اسمه كان يملك عقارات في فرنسا ومصر. وكان يملك حسابات بنكية في فرنسا والمانيا وسويسرا.
</topic_text>
<spam_score>0.20</spam_score>
<post_num>21</post_num>
<post_id>post-21</post_id>
<post_url>http://www.elaph.com/Web/News/2016/12/1124378.html</post_url>
<post_date>20161215</post_date>
<post_time></post_time>
<username>عابر سبيل</username>
<post>
الي كاتب المقال والسادة المعلقين عليكم بأن تعترفوا بأن الاسلام ليس اسماء نحملها ولا ملابس نلبسها ولا مقابر ندفن فيها ولا كيفية ميراث يتم توزيع علي الاحياء بعد موتنا ... الاسلام دستور حياة متكامل لا يصح بأن نأخذ منه ما يروق لنا ونترك الآخر ... مشكلة المسلمين في الغرب يتزوجون من صاحبات معتقدات أخري وحتي الزواج لا يتم علي تعاليم الدين الاسلامي (كتاب الله وسنة نبيه) و يحاولون اتباع تعاليم الاسلام في مناحي الحياة الاخري ... فهؤلاء هم المخطئون وليس صاحبات المعتقدات الأخري ولا قوانيهم الوطنية ... افعلوا الصاح لتجدوا العائد الصاح.
</post>
<signature>

</signature>
<external_links>

</external_links>
<country>GB</country>
<main_image>http://www.myelaph.com/Web/ImageHandlers/ResizeImageHandler.ashx?ImageUrl=/elaphweb/Resources/images/Politics/2016/12/week2/swicce_kada2.jpg&amp;amp;Width=600</main_image>
</document>
