<?xml version="1.0" encoding="UTF-8"?>
<document>
<type>mainstream</type>
<forum>http://rostovnadonu.bezformata.ru/rss.xml</forum>
<forum_title>Новости города БезФормата.Ru Ростовская область Ростов-на-Дону</forum_title>
<discussion_title>Не создавать помех пешеходам</discussion_title>
<language>russian</language>
<gmt_offset></gmt_offset>
<topic_url>http://shahti.bezformata.ru/listnews/ne-sozdavat-pomeh-peshehodam/53374797/</topic_url>
<topic_text>
- всё это вас ждёт в Домбае! Выезд - каждый четверг! Почитать подробнее Тел.: 222-7-22, КРУИЗ.ШАХТЫ.SU 
В правила дорожного движения внесены существенные изменения. Поменялась трактовка пункта 14.1 ПДД: &quot; Водитель транспортного средства, приближающегося к нерегулируемому пешеходному переходу, обязан уступить дорогу пешеходам, переходящим дорогу или вступившим на проезжую часть (трамвайные пути) для осуществления перехода &quot;. 
В бывшей версии эта формулировка звучала следующим образом: &quot;Водитель транспортного средства, приближающегося к нерегулируемому пешеходному переходу, обязан снизить скорость или остановиться перед переходом, чтобы пропустить пешеходов, переходящих проезжую часть или вступивших на нее для осуществления перехода. Сейчас от водителя не требуют молниеносной остановки, при виде пешехода, начавшего движение с дальней стороны автодороги. Теперь можно не создавать лишь помех пешеходам.
</topic_text>
<spam_score>0.00</spam_score>
<post_num>1</post_num>
<post_id>post-1</post_id>
<post_url>http://shahti.bezformata.ru/listnews/ne-sozdavat-pomeh-peshehodam/53374797/</post_url>
<post_date>20161219</post_date>
<post_time>2136</post_time>
<username></username>
<post>
- всё это вас ждёт в Домбае! Выезд - каждый четверг! Почитать подробнее Тел.: 222-7-22, КРУИЗ.ШАХТЫ.SU 
В правила дорожного движения внесены существенные изменения. Поменялась трактовка пункта 14.1 ПДД: &quot; Водитель транспортного средства, приближающегося к нерегулируемому пешеходному переходу, обязан уступить дорогу пешеходам, переходящим дорогу или вступившим на проезжую часть (трамвайные пути) для осуществления перехода &quot;. 
В бывшей версии эта формулировка звучала следующим образом: &quot;Водитель транспортного средства, приближающегося к нерегулируемому пешеходному переходу, обязан снизить скорость или остановиться перед переходом, чтобы пропустить пешеходов, переходящих проезжую часть или вступивших на нее для осуществления перехода. Сейчас от водителя не требуют молниеносной остановки, при виде пешехода, начавшего движение с дальней стороны автодороги. Теперь можно не создавать лишь помех пешеходам.
</post>
<signature>

</signature>
<external_links>

</external_links>
<country>RU</country>
<main_image>http://shahti.bezformata.ru/content/image223121766.jpg</main_image>
</document>
