<?xml version="1.0" encoding="UTF-8"?>
<document>
<type>mainstream</type>
<forum></forum>
<forum_title></forum_title>
<discussion_title>eCommerce for Soft Signage | PrintingNews.com</discussion_title>
<language>english</language>
<gmt_offset></gmt_offset>
<topic_url>http://www.printingnews.com/product/12249928/efi-ecommerce-for-soft-signage</topic_url>
<topic_text>
| Share | Share 
EFI (Booth 1349) eCommerce for Soft Signage was developed to provide an integrated, certified solution that positions signage and display graphics companies and other textile printing operations to capture textile print volume. By providing a streamlined means of order entry through production that is specifically designed for soft signage and other fabric printing applications, EFI is providing a platform that will enable print providers to take advantage of the opportunities offered by the growing textile printing market, reducing cost and cycle time for buyers of soft signage and other printed textile products. 
EFI eCommerce for Soft Signage is an out-of-the-box soft signage solution with sales, service and support from a single provider. It consists of EFI Digital StoreFront as the core of the online job submission and fulfillment workflow; Fiery XF as a production color workflow; and either an EFI VUTEk FabriVU or EFI Reggiani textile printer. These solutions are bundled into a preconfigured EFI certified workflow that enables print providers to get up and running fast, move orders through production quickly with little intervention and fewer errors, while providing the customer with an easy-to-use web interface ideal for both professional and novice print buyers. Digital StoreFront has been modified to address the specific needs of the soft signage and textile printing business. Continue Reading 
</topic_text>
<spam_score>0.33</spam_score>
<post_num>1</post_num>
<post_id>post-1</post_id>
<post_url>http://www.printingnews.com/product/12249928/efi-ecommerce-for-soft-signage</post_url>
<post_date>20160816</post_date>
<post_time></post_time>
<username></username>
<post>
| Share | Share 
EFI (Booth 1349) eCommerce for Soft Signage was developed to provide an integrated, certified solution that positions signage and display graphics companies and other textile printing operations to capture textile print volume. By providing a streamlined means of order entry through production that is specifically designed for soft signage and other fabric printing applications, EFI is providing a platform that will enable print providers to take advantage of the opportunities offered by the growing textile printing market, reducing cost and cycle time for buyers of soft signage and other printed textile products. 
EFI eCommerce for Soft Signage is an out-of-the-box soft signage solution with sales, service and support from a single provider. It consists of EFI Digital StoreFront as the core of the online job submission and fulfillment workflow; Fiery XF as a production color workflow; and either an EFI VUTEk FabriVU or EFI Reggiani textile printer. These solutions are bundled into a preconfigured EFI certified workflow that enables print providers to get up and running fast, move orders through production quickly with little intervention and fewer errors, while providing the customer with an easy-to-use web interface ideal for both professional and novice print buyers. Digital StoreFront has been modified to address the specific needs of the soft signage and textile printing business. Continue Reading 
</post>
<signature>

</signature>
<external_links>

</external_links>
<country>US</country>
<main_image>http://r1.printingnews.com/files/base/CGN/image/2016/08/16x9/1280x720/product_banner_efi_ecommerce_for_softsignage_400x300.57bf29947929f.jpg</main_image>
</document>
