<?xml version="1.0" encoding="UTF-8"?>
<document>
<type>mainstream</type>
<forum>http://espresso.repubblica.it/rss?sezione=espresso</forum>
<forum_title>Rss l&apos;Espresso</forum_title>
<discussion_title>&apos;Il mio Baires, un romanzo scritto col pennello&apos;</discussion_title>
<language>italian</language>
<gmt_offset></gmt_offset>
<topic_url>http://espresso.repubblica.it/visioni/cultura/2016/12/19/news/il-mio-baires-un-romanzo-scritto-col-pennello-1.291446</topic_url>
<topic_text>
&apos;Il mio Baires, un romanzo scritto... &apos;Il mio Baires, un romanzo scritto col pennello&apos; Il libro di Chiara Rapaccini, in arte Rap, regina degli Amori Sfigati, è un romanzo autobiografico, un noir, un libro di avventura, un mistery che racconta la perdita di sé e le conseguenti avventure di una donna ritratta in un momento di crisi. Ospitiamo un intervento dell&apos;autrice di Chiara Rapaccini 19 dicembre 2016 Chiara Rapaccini, autrice satirica e regina degli Amori sfigati , oggi in libreria con il suo romanzo Baires ( Fazi editore, 2016, pp. 240, euro 18,00) &quot;Una a una uscirono con i visi pallidi striati di pennellate cremisi, verde acido, arancio. I capelli a forma di cipresso le facevano sembrare altissime. Principesse tristi, bambole maligne, fattucchiere imbronciate, bimbette sadiche e un po&apos; cocotte si davano il cambio sul sentiero notturno..&quot; Da BAIRES di Rap . Il viaggio di Frida: &quot;Baires&quot;, il romanzo firmato Rap Ricominciare. Da nuovi incontri. E da una terra lontana. Edita da Fazi l’opera più impudicamente autobiografica di Chiara Rapaccini Dicono che il mio sia realismo magico. Io non mi intendo di generi letterari, di mestiere dipingo e scrivo. Ma penso che sia una buona definizione. Il realismo l&apos; ho imparato dalle sceneggiature che giravano per casa scritte da Monicelli ( il mio compagno di vita) and company. Una compagnia particolare: Age, Scarpelli Suso Cecchi d&apos;Amico, Benvenuti, De Bernardi, Amidei ecc. Scrivevano molto bene, ma guai a definirli scrittori, si offendevano! Erano orgogliosi di essere sceneggiatori. Da loro ho imparato a essere meticolosa nelle descrizioni anche quando di realismo ce n&apos;è poco e subentra il sogno e il mistero. Il compito di chi scrive è catturare il lettore con bastone e carota, dicevano i vecchi. Cioè, linguaggio realistico e meticoloso più immaginazione sfrenata. Baires è il mio libro della maturità. Là dove maturità significa rimanere infantili, autentici e ironici. Scrivere &quot;col pennello&quot; è possibile, ve lo assicuro. Cosí come si puo disegnare con la penna.. Uno scrittore - pittore può mischiare parole e colori, ma deve stare attento a tenere la materia magmatica della scrittura sotto controllo. Un po&apos; come i cuochi veri. La ribollita viene meglio se il mestolo è sporco di pomodoro, diceva la mi&apos; nonna toscana.. Il giallo è piú forte se hai la punta del pennello ancora sporca di viola. Baires è un romanzo autobiografico, un noir, un libro di avventura, un mistery che racconta la perdita di sé e le conseguenti avventure di una donna ritratta in un momento di crisi. Baires è il viaggio di Frida verso l&apos;Argentina e la sua capitale ipnotica, folle, misteriosa, Buenos Aires. Viaggiando, la mia alter ego perde sicurezze, come strati di bucce di cipolle. Una volta nuda, ne riacquisterá di nuove che la proteggeranno per sempre. Perché Baires? Perché é meglio perdersi a Buenos Aires se sei una donna di mezza etá, bella e sensuale, addolorata per un lutto tremendo, ma ancora curiosa e combattiva. Nella sterminata metropoli sudamericana potrai seguire sentieri incrociati, potrai farti accompagnare da simulacri della Santeria argentino brasilera, potrai innamorarti senza rete di uomini improbabili dondolando sui tuoi tacchi da tangheira solitaria.. La piccola italia perbenista, vecchia vecchia, ti sembrerà lontana e asfittica, se ti trovi al sud del mondo, un abito cucito nel piombo, perfetto ma soffocante. Buenos Aires, la città che ho conosciuto con Mario e che ci affascinò entrambi, è un inno al nuovo mondo, quello che ci salverà, perché popolato da bambini e da adolescenti e dove regna la sperimentazione, la solidariedad e l&apos;utopia. Un mondo povero ma autentico dove tutto puó accadere. Frida, la mia alter ego, alla fine ritroverà se stessa, a Roma, dopo il lungo viaggio. E sarà pronta per invecchiare. Anche perché RAP- FRIDA scrive con il linguaggio e la forza degli Amori sfigati, di cui è regina. UN linguaggio ironico, tenero e spietato. Salvifico! Perché leggere BAIRES? Perché non é un libro ruffiano. Rap Chiara Rapaccini in arte Rap espone nel mese di dicembre le sue opere nelle vetrine dei negozi del quartiere Monti a Roma. Per info, qui Tag
</topic_text>
<spam_score>0.00</spam_score>
<post_num>1</post_num>
<post_id>post-1</post_id>
<post_url>http://espresso.repubblica.it/visioni/cultura/2016/12/19/news/il-mio-baires-un-romanzo-scritto-col-pennello-1.291446</post_url>
<post_date>20161219</post_date>
<post_time>1453</post_time>
<username></username>
<post>
&apos;Il mio Baires, un romanzo scritto... &apos;Il mio Baires, un romanzo scritto col pennello&apos; Il libro di Chiara Rapaccini, in arte Rap, regina degli Amori Sfigati, è un romanzo autobiografico, un noir, un libro di avventura, un mistery che racconta la perdita di sé e le conseguenti avventure di una donna ritratta in un momento di crisi. Ospitiamo un intervento dell&apos;autrice di Chiara Rapaccini 19 dicembre 2016 Chiara Rapaccini, autrice satirica e regina degli Amori sfigati , oggi in libreria con il suo romanzo Baires ( Fazi editore, 2016, pp. 240, euro 18,00) &quot;Una a una uscirono con i visi pallidi striati di pennellate cremisi, verde acido, arancio. I capelli a forma di cipresso le facevano sembrare altissime. Principesse tristi, bambole maligne, fattucchiere imbronciate, bimbette sadiche e un po&apos; cocotte si davano il cambio sul sentiero notturno..&quot; Da BAIRES di Rap . Il viaggio di Frida: &quot;Baires&quot;, il romanzo firmato Rap Ricominciare. Da nuovi incontri. E da una terra lontana. Edita da Fazi l’opera più impudicamente autobiografica di Chiara Rapaccini Dicono che il mio sia realismo magico. Io non mi intendo di generi letterari, di mestiere dipingo e scrivo. Ma penso che sia una buona definizione. Il realismo l&apos; ho imparato dalle sceneggiature che giravano per casa scritte da Monicelli ( il mio compagno di vita) and company. Una compagnia particolare: Age, Scarpelli Suso Cecchi d&apos;Amico, Benvenuti, De Bernardi, Amidei ecc. Scrivevano molto bene, ma guai a definirli scrittori, si offendevano! Erano orgogliosi di essere sceneggiatori. Da loro ho imparato a essere meticolosa nelle descrizioni anche quando di realismo ce n&apos;è poco e subentra il sogno e il mistero. Il compito di chi scrive è catturare il lettore con bastone e carota, dicevano i vecchi. Cioè, linguaggio realistico e meticoloso più immaginazione sfrenata. Baires è il mio libro della maturità. Là dove maturità significa rimanere infantili, autentici e ironici. Scrivere &quot;col pennello&quot; è possibile, ve lo assicuro. Cosí come si puo disegnare con la penna.. Uno scrittore - pittore può mischiare parole e colori, ma deve stare attento a tenere la materia magmatica della scrittura sotto controllo. Un po&apos; come i cuochi veri. La ribollita viene meglio se il mestolo è sporco di pomodoro, diceva la mi&apos; nonna toscana.. Il giallo è piú forte se hai la punta del pennello ancora sporca di viola. Baires è un romanzo autobiografico, un noir, un libro di avventura, un mistery che racconta la perdita di sé e le conseguenti avventure di una donna ritratta in un momento di crisi. Baires è il viaggio di Frida verso l&apos;Argentina e la sua capitale ipnotica, folle, misteriosa, Buenos Aires. Viaggiando, la mia alter ego perde sicurezze, come strati di bucce di cipolle. Una volta nuda, ne riacquisterá di nuove che la proteggeranno per sempre. Perché Baires? Perché é meglio perdersi a Buenos Aires se sei una donna di mezza etá, bella e sensuale, addolorata per un lutto tremendo, ma ancora curiosa e combattiva. Nella sterminata metropoli sudamericana potrai seguire sentieri incrociati, potrai farti accompagnare da simulacri della Santeria argentino brasilera, potrai innamorarti senza rete di uomini improbabili dondolando sui tuoi tacchi da tangheira solitaria.. La piccola italia perbenista, vecchia vecchia, ti sembrerà lontana e asfittica, se ti trovi al sud del mondo, un abito cucito nel piombo, perfetto ma soffocante. Buenos Aires, la città che ho conosciuto con Mario e che ci affascinò entrambi, è un inno al nuovo mondo, quello che ci salverà, perché popolato da bambini e da adolescenti e dove regna la sperimentazione, la solidariedad e l&apos;utopia. Un mondo povero ma autentico dove tutto puó accadere. Frida, la mia alter ego, alla fine ritroverà se stessa, a Roma, dopo il lungo viaggio. E sarà pronta per invecchiare. Anche perché RAP- FRIDA scrive con il linguaggio e la forza degli Amori sfigati, di cui è regina. UN linguaggio ironico, tenero e spietato. Salvifico! Perché leggere BAIRES? Perché non é un libro ruffiano. Rap Chiara Rapaccini in arte Rap espone nel mese di dicembre le sue opere nelle vetrine dei negozi del quartiere Monti a Roma. Per info, qui Tag
</post>
<signature>

</signature>
<external_links>

</external_links>
<country>IT</country>
<main_image>http://espresso.repubblica.it/polopoly_fs/1.291453.1482159140!/httpImage/image.jpg_gen/derivatives/articolo_222/image.jpg</main_image>
</document>
