<?xml version="1.0" encoding="UTF-8"?>
<document>
<type>mainstream</type>
<forum></forum>
<forum_title></forum_title>
<discussion_title>CRON-ECRM Appoints Jim Boyden as Sales Manager | PrintingNews.com</discussion_title>
<language>english</language>
<gmt_offset></gmt_offset>
<topic_url>http://www.printingnews.com/press_release/12288898/cron-ecrm-appoints-jim-boyden-as-sales-manager</topic_url>
<topic_text>
| Share | Share 
CRON-ECRM LLC announces the addition of Jim Boyden as sales manager. Boyden, with more than 20 years’ experience in sales in the graphic arts industry, will be responsible for managing and coordinating sales and dealer channel activities for North America. Prior to joining CRON-ECRM, Boyden held sales management positions with Kodak, Agfa, and Southern Litho. He is a multiple year winner of the Presidents Club Top Sales Achievement award. He is a lifelong Massachusetts resident and will based out of the headquarter office. “We are pleased to add Jim to our team, his experience and enthusiasm will serve him well as we expand our distribution of current and future products into the offset and flexo markets,” said Rick Black, president and CEO of CRON-ECRM. “We have a complete product line for all print market format needs, along with eco-friendly printing plates and the price/value economics of our high-quality solutions for today&apos;s printers.” Continue Reading 
</topic_text>
<spam_score>0.00</spam_score>
<post_num>1</post_num>
<post_id>post-1</post_id>
<post_url>http://www.printingnews.com/press_release/12288898/cron-ecrm-appoints-jim-boyden-as-sales-manager</post_url>
<post_date>20161216</post_date>
<post_time></post_time>
<username></username>
<post>
| Share | Share 
CRON-ECRM LLC announces the addition of Jim Boyden as sales manager. Boyden, with more than 20 years’ experience in sales in the graphic arts industry, will be responsible for managing and coordinating sales and dealer channel activities for North America. Prior to joining CRON-ECRM, Boyden held sales management positions with Kodak, Agfa, and Southern Litho. He is a multiple year winner of the Presidents Club Top Sales Achievement award. He is a lifelong Massachusetts resident and will based out of the headquarter office. “We are pleased to add Jim to our team, his experience and enthusiasm will serve him well as we expand our distribution of current and future products into the offset and flexo markets,” said Rick Black, president and CEO of CRON-ECRM. “We have a complete product line for all print market format needs, along with eco-friendly printing plates and the price/value economics of our high-quality solutions for today&apos;s printers.” Continue Reading 
</post>
<signature>

</signature>
<external_links>

</external_links>
<country>US</country>
<main_image>http://r1.printingnews.com/files/base/CGN/image/2016/12/16x9/1280x720/unnamed.585844a26782b.jpg</main_image>
</document>
