<?xml version="1.0" encoding="UTF-8"?>
<document>
<type>mainstream</type>
<forum>http://itured.com/index.php?format=feed&amp;type=atom</forum>
<forum_title>Itured Noticias</forum_title>
<discussion_title>ELi celebra la llegada del 2017 destacando su consolidación</discussion_title>
<language>spanish</language>
<gmt_offset></gmt_offset>
<topic_url>http://itured.com/index.php/provinciales/810-eli-celebra-la-llegada-del-2017-destacando-su-consolidacion</topic_url>
<topic_text>
Twitter 
Desde el partido que lidera y preside Pedro Cassani destacaron que durante el 2016, la agrupación se consolidó y creció a nivel interno y de cara a la sociedad.El Presidente de Encuentro Liberal –ELI- Pedro Cassani participó de la “cena de fin de año” organizada por el Comité Capital que preside el Dr. Emilio Lanari, y desde allí alentó a la dirigencia a seguir manteniendo firme los postulados de “libertad responsable y respeto a las leyes” que dieran nacimiento a este movimiento de participación ciudadana; remarcando sus esperanzas de que el “2017, será un gran año para ECO y para los correntinos en general”.Ante la dirigencia que se convocó para despedir el 2016, Cassani sostuvo que “en el 2016 Eli se ha consolidado como espacio político; de amplia y contundente participación ciudadana; desplegando actividades institucionales y una agenda que nace del contacto permanente con la gente”.“Logramos –citó- entre otras cosas, el crecimiento y la visibilidad de las mujeres de ELI que a través de actividades que desarrollaron en distintos lugares de la provincia. Se constituyeron en un espacio sumamente importante, de absoluta paridad con el hombre”, señaló.Asimismo, ponderó el rol de la Juventud y de cada uno de los comités departamentales; lo cual ha sido fundamental para el crecimiento interno, y de cara a la sociedad. “Esto nos permite tener expectativas de cara al 2017, donde vamos a tener actividad política electoral y creemos que ELI, en cada uno de los lugares de Corrientes, ha alcanzado un desarrollo importante, que seguramente, nos hará protagonistas importantes en las distintas elecciones del 2017”, concluyó.Vale mencionar que en el encuentro de noches pasadas, para cerrar el año de Eli en el comité capital, nuevamente, se recolectó donaciones que serán entregadas a las instituciones solidarias con las que se colabora permanentemente.Por otra parte, el Presidente Cassani, deseó a los dirigentes de Eli y a la ciudadanía, una Felíz Navidad, levantando la copa por “paz, unidad, y la vuelta a la cultura del trabajo, del esfuerzo, de la solidaridad y de la esperanza”.
</topic_text>
<spam_score>0.00</spam_score>
<post_num>1</post_num>
<post_id>post-1</post_id>
<post_url>http://itured.com/index.php/provinciales/810-eli-celebra-la-llegada-del-2017-destacando-su-consolidacion</post_url>
<post_date>20161219</post_date>
<post_time>2337</post_time>
<username>Luis Meza (luisemiliomeza@yahoo.com.ar)</username>
<post>
Twitter 
Desde el partido que lidera y preside Pedro Cassani destacaron que durante el 2016, la agrupación se consolidó y creció a nivel interno y de cara a la sociedad.El Presidente de Encuentro Liberal –ELI- Pedro Cassani participó de la “cena de fin de año” organizada por el Comité Capital que preside el Dr. Emilio Lanari, y desde allí alentó a la dirigencia a seguir manteniendo firme los postulados de “libertad responsable y respeto a las leyes” que dieran nacimiento a este movimiento de participación ciudadana; remarcando sus esperanzas de que el “2017, será un gran año para ECO y para los correntinos en general”.Ante la dirigencia que se convocó para despedir el 2016, Cassani sostuvo que “en el 2016 Eli se ha consolidado como espacio político; de amplia y contundente participación ciudadana; desplegando actividades institucionales y una agenda que nace del contacto permanente con la gente”.“Logramos –citó- entre otras cosas, el crecimiento y la visibilidad de las mujeres de ELI que a través de actividades que desarrollaron en distintos lugares de la provincia. Se constituyeron en un espacio sumamente importante, de absoluta paridad con el hombre”, señaló.Asimismo, ponderó el rol de la Juventud y de cada uno de los comités departamentales; lo cual ha sido fundamental para el crecimiento interno, y de cara a la sociedad. “Esto nos permite tener expectativas de cara al 2017, donde vamos a tener actividad política electoral y creemos que ELI, en cada uno de los lugares de Corrientes, ha alcanzado un desarrollo importante, que seguramente, nos hará protagonistas importantes en las distintas elecciones del 2017”, concluyó.Vale mencionar que en el encuentro de noches pasadas, para cerrar el año de Eli en el comité capital, nuevamente, se recolectó donaciones que serán entregadas a las instituciones solidarias con las que se colabora permanentemente.Por otra parte, el Presidente Cassani, deseó a los dirigentes de Eli y a la ciudadanía, una Felíz Navidad, levantando la copa por “paz, unidad, y la vuelta a la cultura del trabajo, del esfuerzo, de la solidaridad y de la esperanza”.
</post>
<signature>

</signature>
<external_links>

</external_links>
<country>US</country>
<main_image>http://itured.com/images/cassanielireunion.jpg</main_image>
</document>
