<?xml version="1.0" encoding="UTF-8"?>
<document>
<type>mainstream</type>
<forum>http://rzeszowiak.pl//rss/Przemysl-Maszyny-i-urzadzenia.xml</forum>
<forum_title>Przemysł www.rzeszowiak.pl</forum_title>
<discussion_title>WYRÓWNIARKA FELDER szerokość robocza 500mm ...</discussion_title>
<language>polish</language>
<gmt_offset></gmt_offset>
<topic_url>http://www.rzeszowiak.pl/wyrowniarka-felderszerokosc-robocza-500mmwal-6-nozowymoc-silnika-7-35kwdlugosc-blatow-8700468</topic_url>
<topic_text>
WYRÓWNIARKA FELDERszerokość robocza 500mmwał 6-nożowydługość blatów 2250mmprzykładnica z regulacją kątarok produkcji 2006zasilanie 380Vcena 12 900 zł nettoPrawdopodobnie największy wybór MASZYN STOLARSKICHsprzedaż - skup - zamiana - leasing – ratyMaszynę można obejrzeć i sprawdzić codziennie w tygodniu od godz. 7 do 19,
</topic_text>
<spam_score>0.00</spam_score>
<post_num>1</post_num>
<post_id>post-1</post_id>
<post_url>http://www.rzeszowiak.pl/wyrowniarka-felderszerokosc-robocza-500mmwal-6-nozowymoc-silnika-7-35kwdlugosc-blatow-8700468</post_url>
<post_date>20161219</post_date>
<post_time>1055</post_time>
<username>WYRÓWNIARKA FELDER szerokość robocza 500mm</username>
<post>
WYRÓWNIARKA FELDERszerokość robocza 500mmwał 6-nożowydługość blatów 2250mmprzykładnica z regulacją kątarok produkcji 2006zasilanie 380Vcena 12 900 zł nettoPrawdopodobnie największy wybór MASZYN STOLARSKICHsprzedaż - skup - zamiana - leasing – ratyMaszynę można obejrzeć i sprawdzić codziennie w tygodniu od godz. 7 do 19,
</post>
<signature>

</signature>
<external_links>

</external_links>
<country>PL</country>
<main_image></main_image>
</document>
