<?xml version="1.0" encoding="UTF-8"?>
<document>
<type>mainstream</type>
<forum>http://www.elaph.com/news/arab.htm</forum>
<forum_title>Elaph - إيلاف </forum_title>
<discussion_title>الآلاف من سكان حلب ينتظرون استئناف عملية الاجلاء</discussion_title>
<language>arabic</language>
<gmt_offset>0</gmt_offset>
<topic_url>http://www.elaph.com/Web/News/2016/12/1124756.html</topic_url>
<topic_text>
حلب: ينتظر الآلاف من المدنيين والمقاتلين السبت وسط برد قارس وظروف انسانية مأسوية استئناف عملية اجلائهم من مدينة حلب غداة تعليقها، في وقت ندد الرئيس الاميركي باراك اوباما بـ&quot;الفظائع&quot; التي ترتكب داخل المدينة. وأكد المسؤول عن ملف التفاوض من جانب الفصائل المعارضة لوكالة فرانس برس التوصل الى اتفاق لاستئناف عمليات الاجلاء السبت، في حين قال مسؤول عسكري سوري ان الاتفاق &quot;لم يتبلور بعد&quot; غداة تعليق تنفيذه امس.
امضى الآلاف من السكان وبينهم عدد كبير من الاطفال ليلتهم في الشوارع او داخل المنازل المهجورة الفارغة من اي اثاث، حيث افترشوا الارض في ظل تدني الحرارة الى ست درجات تحت الصفر، وفق ما افاد مراسل لفرانس برس.
وقال ان السكان يعانون من ارهاق وتعب شديدين عدا عن الجوع والعطش، ويقتات معظمهم على التمر ولا يجدون حتى مياها ملوثة للشرب.
وبحسب الامم المتحدة، لا يزال نحو 40 الف مدني عالقين في حلب وما بين 1500 الى خمسة آلاف مقاتل مع عائلاتهم.
وكان عدد كبير من السكان توجهوا الجمعة الى حي العامرية للخروج ضمن الحافلات، وعمد كثيرون الى احراق مقتنيانهم واتلاف ما كان متوفرا في منازلهم من اغراض وطعام ومؤونة، باعتبار انهم لن يعودوا، ليفاجأوا اثر ذلك بتعليق تنفيذ الاتفاق.
ومنذ الخميس، تم اجلاء نحو 8500 شخص بينهم ثلاثة آلاف مقاتل من مناطق سيطرة الفصائل في حلب، وفق المرصد السوري لحقوق الانسان، بينهم 500 حالة بين جريح ومريض على الاقل.
وتمت عملية الاجلاء بموجب اتفاق تم التوصل اليه برعاية روسية تركية، بعد سيطرة قوات النظام خلال شهر على معظم الاحياء الشرقية التي كانت تحت سيطرة الفصائل منذ العام 2012، تاريخ انقسام المدينة بين الطرفين.
وكان من المفترض ان تستمر عملية الاجلاء اياما عدة، الا انه جرى تعليقها الجمعة بعدما اتهم الجيش السوري المقاتلين بخرق الاتفاق.
وقال مصدر عسكري سوري لفرانس برس الجمعة ان تعليق الاجلاء جاء اثر اقدام المسلحين على &quot;اطلاق نار، ومحاولة اخذ مخطوفين (معهم من حلب الشرقية) ومحاولة تهريب اسلحة متوسطة في حقائب&quot;.
وينص الاتفاق الاساسي على خروج المسلحين مع أسلحتهم الخفيفة فقط.
في الساعات المقبلة
بحسب المرصد السوري، فإن تعليق الاتفاق جاء ايضا إثر منع الفصائل خروج الجرحى والحالات المرضية من بلدتي الفوعة وكفريا المواليتين في محافظة ادلب (شمال غرب) المجاورة.
وتضمن الاتفاق وفق الاعلام السوري الرسمي، إجلاء جرحى ومرضى من بلدتي الفوعة وكفريا اللتين يحاصرهما مقاتلو المعارضة.
وشهدت الليلة الماضية مفاوضات بين الاطراف المعنية تمهيدا لاستئناف عملية الاجلاء من حلب، مع محاولة كل طرف تحقيق &quot;مكاسب&quot; اضافية.
وقال الفاروق ابو بكر من حركة أحرار الشام المكلف بالتفاوض عن الفصائل المعارضة لفرانس برس السبت &quot;تم التوصل لاتفاق بين الثوار وروسيا وإيران بشأن حلب، ونعمل على استئناف عملية الاجلاء اليوم ان شاء الله&quot;.
واضاف انه بموجب الاتفاق &quot;سيخرج كل اهل حلب والمسلحين&quot; من المربع الاخير تحت سيطرة الفصائل، مقابل خروج عدد لم يحدده من بلدتي الفوعة وكفريا وميدينتي مضايا والزبداني في ريف دمشق.
في المقابل، قال مصدر عسكري سوري لفرانس برس السبت ان &quot;الامور لم تتبلور بعد&quot; مشيرا في الوقت ذاته الى &quot;مسار ايجابي&quot; في ما يتعلق بعملية الاجلاء من الفوعة وكفريا.
ويسري على مضايا والزبداني والفوعة وكفريا اتفاق تم التوصل اليه في سبتمبر 2015 بين الحكومة السورية والفصائل المقاتلة باشراف الامم المتحدة يتضمن وقفا لاطلاق النار. وينص على وجوب ان تحصل عمليات الاجلاء منها وادخال المساعدات بشكل متزامن.
وقال مدير المرصد السوري رامي عبد الرحمن لفرانس برس انه يتوقع ان &quot;تُستأنف السبت عملية الاجلاء من حلب في الساعات المقبلة تزامنا مع نقل حالات طبية وجرحى وعائلاتهم وايتام وحالات لم شمل من بلدتي الفوعة وكفريا ضمن قائمة تضم اربعة آلاف اسم&quot;.
واوضح ان ادخال الزبداني ومضايا في الاتفاق &quot;يأتي ارضاء للمقاتلين باعتبار ان المدينتين مرتبطتان بالاتفاق السابق مع الفوعة وكفريا&quot;.
واوضح أحمد الدبيس، المسؤول عن وحدة من الاطباء والمتطوعين تتولى تنسيق عمليات الاجلاء لفرانس برس &quot;وصلتنا تطمينات من جهات عدة بان الاخلاء سيتم خلال 24 ساعة&quot; لافتا الى ان سيارات الاسعاف ما زالت في &quot;الخطوط الخلفية&quot; بعد سحبها امس.
تقارير مقلقة للغاية
اجبر مقاتلون موالون للنظام قافلة تضم 800 شخص صباح الجمعة على العودة ادراجها بعد انطلاقها من نقطة التجمع في حي العامرية، وفق المرصد السوري. وبحسب مراسل فرانس برس، سادت حالة من الخوف والذعر في حي العامرية اثر عودة القافلة.
واتهمت الفصائل المعارضة مقاتلين موالين من حزب الله اللبناني باعتراض هذه القافلة والاعتداء على عدد من ركابها، متحدثة عن حصول اطلاق نار قبل ان تعود ادراجها.
واعلنت اللجنة الدولية للصليب الاحمر التي تتولى الاشراف على عملية الاجلاء، انها تنظر في انباء عن اطلاق نار قبل عودة القافلة ادراجها.
وقال المتحدث باسم اللجنة بافل كشيشيك لفرانس برس ليل الجمعة السبت &quot;نحن على علم بالانباء الاخيرة المقلقة للغاية حول حادثة اطلاق نار خلال عمليات الاجلاء من شرق حلب&quot;. واضاف &quot;نعمل حاليا على استيضاح ما جرى فعليا&quot;.
وفي سياق متصل، دعا الرئيس الاميركي باراك اوباما الى نشر &quot;مراقبين محايدين&quot; في حلب للاشراف على جهود اجلاء المدنيين المحاصرين.
وقال في مؤتمره الصحافي بمناسبة نهاية العام &quot;العالم موحد ضد الهجوم الوحشي الذي شنه النظام السوري وحليفاه الروسي والايراني على مدينة حلب&quot;، معتبرا ان &quot;ايديهم ملطخة بهذه الدماء وهذه الفظائع&quot;.
واضاف &quot;لا نزال نتلقى اشارات عن اعدام مدنيين.. مسؤولية هذه الاعمال الوحشية تقع على طرف واحد: نظام الاسد وحليفتاه روسيا وايران&quot;، مشددا على انه لا يمكن للرئيس السوري بشار &quot;ان يكسب شرعيته على وقع المجازر&quot;.
وتواجه الفصائل المعارضة التي طمحت الى الاطاحة بنظام الاسد، احتمال الهزيمة الكاملة في سوريا بعد خسارتها حلب، المدينة التي شهدت شوارعها تظاهرات ضخمة في العام 2011 ضد النظام قبل ان تتحول الى جبهة مقسومة بين شطرين، واحد تحت سيطرة النظام في الغرب وآخرى تحت سيطرة المعارضة في الشرق.
</topic_text>
<spam_score>0.20</spam_score>
<post_num>5</post_num>
<post_id>post-5</post_id>
<post_url>http://www.elaph.com/Web/News/2016/12/1124756.html</post_url>
<post_date>20161217</post_date>
<post_time></post_time>
<username>بسام عبد الله</username>
<post>
لا تفرحوا كثيراً ، فالعبرة بالنهايات. قريباً ستروا نفس الباصات في القرداحة وبانياس وطرطوس وأربيل. ولكننا لن نشمت بكم بل سنتعاطف معكم لأننا بشر مسالمين لا همج طائفيين وعنصريين تسامحنا معكم لقرون فغدرتم بنا عند أول فرصة سنحت لكم. العين بالعين والسن بالسن والباديء أظم\r\n\r\n
</post>
<signature>

</signature>
<external_links>

</external_links>
<country>GB</country>
<main_image>http://www.myelaph.com/Web/ImageHandlers/ResizeImageHandler.ashx?ImageUrl=/elaphweb/Resources/images/Politics/2016/12/week3/ooooooooooooooooo.jpg&amp;amp;Width=600</main_image>
</document>
