<?xml version="1.0" encoding="UTF-8"?>
<document>
<type>mainstream</type>
<forum>http://rssfeeds.king5.com/_/20/109771072/king5/sports</forum>
<forum_title>KING - Sports</forum_title>
<discussion_title>Seahawks&apos; playoff postion after Sunday</discussion_title>
<language>english</language>
<gmt_offset></gmt_offset>
<topic_url>http://rssfeeds.king5.com/_/20/109771072/king5/http&amp;#x3a;&amp;#x2f;&amp;#x2f;www&amp;#x2e;king5&amp;#x2e;com&amp;#x2f;sports&amp;#x2f;nfl&amp;#x2f;seahawks&amp;#x2f;seahawks-playoff-postion-after-sundays-games-brings-good-bad-news&amp;#x2f;373236533</topic_url>
<topic_text>
Seahawks&apos; playoff position after Sunday&apos;s games brings good, bad news The Seahawks can&apos;t get the No. 1 seed in the NFC, but they can get No. 2. Travis Pittman, KING 11:54 AM. PST December 19, 2016 Dec 15, 2016; Seattle, WA, USA; Seattle Seahawks linebacker Bobby Wagner (54) celebrates during a NFL football game against the Los Angeles Rams at CenturyLink Field. The Seahawks defeated the Rams 24-3. Credit: Kirby Lee-USA TODAY Sports (Photo: Kirby Lee, Kirby Lee) CONNECT TWEET LINKEDIN GOOGLE+ PINTEREST 
There are two weeks left in the regular season and the Seattle Seahawks path to a bye week and at least one home game in the playoffs is simple: win their last two games against teams with a combined record of 6-21-1. 
But the hopes of getting home field advantage throughout the playoffs died Sunday night. The Dallas Cowboys defeated the Tampa Bay Buccaneers 26-20 to go to 12-2. Only the Cowboys and their NFC East rivals the New York Giants (10-4) can reach 12 wins, so only one of those will get the top seed in the NFC. 
But the Giants did Seattle a huge favor, beating the Detroit Lions 17-6 Sunday. That dropped the Lions to 9-5 and dropped them all the way from the No. 2 seed to the No. 4 seed. 
The Lions have the Green Bay Packers breathing down their necks after the Pack got a last-second, game-winning field goal to beat the Chicago Bears 30-27. The Packers are still in line for a shot at the NFC North title. They also could leapfrog the Seahawks for the No. 2 seed if Seattle stumbles in its final two. 
Detroit got a break, however, thanks to the Indianapolis Colts who flat our embarrassed the Minnesota Vikings 34-6. The Vikings are now 7-7 and two games behind the Lions with two games back. The Lions swept Minnesota earlier this year. 
It was too much to hope that the one-win San Francisco 49ers could do anything against the Atlanta Falcons. Atlanta crushed the Niners 41-13 to move up to 9-5 and jump to the No. 3 seed over Detroit. Atlanta remains a half-game back of Seattle in the playoff standings, so the Falcons could still move up in the final two weeks. 
Washington and Carolina play Monday night. The Redskins hold the final wild card spot thanks to the Bucs&apos; loss Sunday night. 
The New Orleans Saints still have a playoff shot following their 48-41 win over Arizona, but they need to win their final two and get a lot of help. 
Here are the updated NFC playoff standings if the season ended today: 
1) Cowboys 12-2 (NFC East Leaders; Home Field Advantage) 
2) Seahawks 9-4-1 (NFC West Champions; 1st Round Bye) 
3) Falcons 9-5 (NFC South Leaders; Host Wild Card) 
4) Lions 9-5 (NFC North Leaders; Host Wild Card) 
5) Giants 10-4 (At Lions in Wild Card Game) 
6) Redskins 7-6-1 (At Falcons in Wild Card Game)
</topic_text>
<spam_score>0.00</spam_score>
<post_num>1</post_num>
<post_id>post-1</post_id>
<post_url>http://rssfeeds.king5.com/_/20/109771072/king5/http&amp;#x3a;&amp;#x2f;&amp;#x2f;www&amp;#x2e;king5&amp;#x2e;com&amp;#x2f;sports&amp;#x2f;nfl&amp;#x2f;seahawks&amp;#x2f;seahawks-playoff-postion-after-sundays-games-brings-good-bad-news&amp;#x2f;373236533</post_url>
<post_date>20161219</post_date>
<post_time>1954</post_time>
<username>Travis Pittman</username>
<post>
Seahawks&apos; playoff position after Sunday&apos;s games brings good, bad news The Seahawks can&apos;t get the No. 1 seed in the NFC, but they can get No. 2. Travis Pittman, KING 11:54 AM. PST December 19, 2016 Dec 15, 2016; Seattle, WA, USA; Seattle Seahawks linebacker Bobby Wagner (54) celebrates during a NFL football game against the Los Angeles Rams at CenturyLink Field. The Seahawks defeated the Rams 24-3. Credit: Kirby Lee-USA TODAY Sports (Photo: Kirby Lee, Kirby Lee) CONNECT TWEET LINKEDIN GOOGLE+ PINTEREST 
There are two weeks left in the regular season and the Seattle Seahawks path to a bye week and at least one home game in the playoffs is simple: win their last two games against teams with a combined record of 6-21-1. 
But the hopes of getting home field advantage throughout the playoffs died Sunday night. The Dallas Cowboys defeated the Tampa Bay Buccaneers 26-20 to go to 12-2. Only the Cowboys and their NFC East rivals the New York Giants (10-4) can reach 12 wins, so only one of those will get the top seed in the NFC. 
But the Giants did Seattle a huge favor, beating the Detroit Lions 17-6 Sunday. That dropped the Lions to 9-5 and dropped them all the way from the No. 2 seed to the No. 4 seed. 
The Lions have the Green Bay Packers breathing down their necks after the Pack got a last-second, game-winning field goal to beat the Chicago Bears 30-27. The Packers are still in line for a shot at the NFC North title. They also could leapfrog the Seahawks for the No. 2 seed if Seattle stumbles in its final two. 
Detroit got a break, however, thanks to the Indianapolis Colts who flat our embarrassed the Minnesota Vikings 34-6. The Vikings are now 7-7 and two games behind the Lions with two games back. The Lions swept Minnesota earlier this year. 
It was too much to hope that the one-win San Francisco 49ers could do anything against the Atlanta Falcons. Atlanta crushed the Niners 41-13 to move up to 9-5 and jump to the No. 3 seed over Detroit. Atlanta remains a half-game back of Seattle in the playoff standings, so the Falcons could still move up in the final two weeks. 
Washington and Carolina play Monday night. The Redskins hold the final wild card spot thanks to the Bucs&apos; loss Sunday night. 
The New Orleans Saints still have a playoff shot following their 48-41 win over Arizona, but they need to win their final two and get a lot of help. 
Here are the updated NFC playoff standings if the season ended today: 
1) Cowboys 12-2 (NFC East Leaders; Home Field Advantage) 
2) Seahawks 9-4-1 (NFC West Champions; 1st Round Bye) 
3) Falcons 9-5 (NFC South Leaders; Host Wild Card) 
4) Lions 9-5 (NFC North Leaders; Host Wild Card) 
5) Giants 10-4 (At Lions in Wild Card Game) 
6) Redskins 7-6-1 (At Falcons in Wild Card Game)
</post>
<signature>

</signature>
<external_links>

</external_links>
<country>US</country>
<main_image>http://content.king5.com/photo/2016/12/19/USATSI_9748276_1482163661642_7385408_ver1.0.jpg</main_image>
</document>
