<?xml version="1.0" encoding="UTF-8"?>
<document>
<type>mainstream</type>
<forum>http://sfgate.com//rss/feed/Business-and-Technology-News-448.php</forum>
<forum_title>Business and Technology News</forum_title>
<discussion_title>Business News Roundup, Dec. 20</discussion_title>
<language>english</language>
<gmt_offset></gmt_offset>
<topic_url>http://www.sfgate.com/business/article/Business-News-Roundup-Dec-20-10807045.php</topic_url>
<topic_text>
CalPERS can 
quit tobacco 
The nation’s largest public pension system is giving up tobacco.
The California Public Employees’ Retirement System decided Monday to sell its last $550 million worth of tobacco investments nearly two decades after trading away the bulk of them.
In a 9-3 vote, the CalPERS investment committee disregarded the advice from its own financial advisers, who recommended reversing a sell-off approved in 2000, which has cost the system more than $3 billion in lost earnings.
At that time, CalPERS sold off investments managed by its in-house advisers but allowed outside managers to retain their holdings.
Most members say the industry faces risk from global regulations and declining rates of smoking. Others say CalPERS is obligated to maximize investment returns and can only do that with a diversified portfolio.
Video games
Mario’s ratings
are not super
Super Mario might be running, but a hefty price tag for a mobile game just won’t fly with the masses.
The world so far is underwhelmed by “Super Mario Run,” which Nintendo released for the iPhone last week. This is no “Pokémon Go,” which captivated millions of players in their quest to collect digital monsters at real-world locations. Nintendo’s stock price has fallen 7 percent on the Tokyo Stock Exchange since the game’s release Thursday, and the game is rated just 2.5 stars out of 5 on the iPhone app store.
The problem, it seems, is not with the quality or design of “Super Mario Run.” Both are top notch, with enough elements of classic Mario to satisfy old-school Nintendo fans, alongside mobile-friendly features such as the ability to play with one hand.
Rather, Nintendo’s overly optimistic $10 price tag, as well as an inexplicable requirement for players to be constantly connected to the Internet while playing, could be enough to turn off all but the most hard-core fans.
As of Monday, “Mario Run” was the top free app on iTunes. This, of course, is misleading, as the app isn’t free if you want to play beyond a few minutes.
Players can download the game for free and play three of the 24 available “worlds.” This takes only a few minutes and leaves some extremely unsatisfied. It’s like dining at a pricey restaurant knowing you can only afford the appetizer.
Nintendo should slash the price in half and offer more content for free, says Jordan Edelson , CEO of Appetizer Mobile, a mobile app development agency in New York. Oh, and once the price is cut, it would be a good idea to make the game available on Android, too. After all, most people in the world have Android phones. Android users tend to be less willing than iPhone users to pay for apps, so a price cut is essential.
The game requires a constant Internet connection. It’s understandable with “Pokémon Go,” which uses your physical location as part of game play. 
There is no obvious reason need for it with “Mario,” and that just leads to frustrations. Why can’t one play on the subway? Or in airplane mode on the airplane as holiday travel season heats up? What if someone is away from Wi-Fi and has a limited cellular data plan? Sorry!
Nintendo said connectivity “allows us to offer a variety of features and services that enhance the play experience. ‘Super Mario Run’ is not a static experience, but rather one that players can continue to return to again and again to enjoy something new and unexpected.”
The features Nintendo cites include the ability to play across multiple devices, limited-time rewards and access to player data and scores for challenges with other players. 
Economy
Yellen: Job
market strong
Federal Reserve Chairwoman Janet Yellen said Monday that college graduates are entering the strongest job market the country has seen in nearly a decade, and their degree is more important than ever.
Yellen said that with changes in the job market such as technology and globalization, succeeding is increasingly tied to higher education.
“Those with a college degree are more likely to find a job, keep a job, have higher job satisfaction and earn a higher salary,” Yellen said in remarks at commencement ceremonies at the University of Baltimore .
She said that annual earnings for college graduates last year were on average 70 percent higher than those with only a high school diploma. Back in 1980 that difference was only 20 percent, she said.
Yellen said the increasing demand for people with college and graduate degrees reflects the need for higher technological skills and the impact of globalization, which allows goods and services to be produced anywhere. She said those trends are likely to continue.
In her remarks, Yellen did not make any comments about Fed interest-rate policies. The Fed last week boosted its benchmark rate by a quarter-point, the first increase in a year. In making the announcement, the Fed projected that it would move rates up another three times in 2017.
Yellen said that in addition to the improvement in the unemployment rate, which in November fell to a nine-year low of 4.6 percent, there have been recent signs that wage growth is picking up.
But Yellen noted that challenges remain.
“The economy is growing more slowly than in past recoveries, and productivity growth, which is a major influence on wages, has been disappointing,” she told the graduates.
Chronicle News Services
</topic_text>
<spam_score>0.00</spam_score>
<post_num>1</post_num>
<post_id>post-1</post_id>
<post_url>http://www.sfgate.com/business/article/Business-News-Roundup-Dec-20-10807045.php</post_url>
<post_date>20161219</post_date>
<post_time>1559</post_time>
<username>sfgate.com</username>
<post>
CalPERS can 
quit tobacco 
The nation’s largest public pension system is giving up tobacco.
The California Public Employees’ Retirement System decided Monday to sell its last $550 million worth of tobacco investments nearly two decades after trading away the bulk of them.
In a 9-3 vote, the CalPERS investment committee disregarded the advice from its own financial advisers, who recommended reversing a sell-off approved in 2000, which has cost the system more than $3 billion in lost earnings.
At that time, CalPERS sold off investments managed by its in-house advisers but allowed outside managers to retain their holdings.
Most members say the industry faces risk from global regulations and declining rates of smoking. Others say CalPERS is obligated to maximize investment returns and can only do that with a diversified portfolio.
Video games
Mario’s ratings
are not super
Super Mario might be running, but a hefty price tag for a mobile game just won’t fly with the masses.
The world so far is underwhelmed by “Super Mario Run,” which Nintendo released for the iPhone last week. This is no “Pokémon Go,” which captivated millions of players in their quest to collect digital monsters at real-world locations. Nintendo’s stock price has fallen 7 percent on the Tokyo Stock Exchange since the game’s release Thursday, and the game is rated just 2.5 stars out of 5 on the iPhone app store.
The problem, it seems, is not with the quality or design of “Super Mario Run.” Both are top notch, with enough elements of classic Mario to satisfy old-school Nintendo fans, alongside mobile-friendly features such as the ability to play with one hand.
Rather, Nintendo’s overly optimistic $10 price tag, as well as an inexplicable requirement for players to be constantly connected to the Internet while playing, could be enough to turn off all but the most hard-core fans.
As of Monday, “Mario Run” was the top free app on iTunes. This, of course, is misleading, as the app isn’t free if you want to play beyond a few minutes.
Players can download the game for free and play three of the 24 available “worlds.” This takes only a few minutes and leaves some extremely unsatisfied. It’s like dining at a pricey restaurant knowing you can only afford the appetizer.
Nintendo should slash the price in half and offer more content for free, says Jordan Edelson , CEO of Appetizer Mobile, a mobile app development agency in New York. Oh, and once the price is cut, it would be a good idea to make the game available on Android, too. After all, most people in the world have Android phones. Android users tend to be less willing than iPhone users to pay for apps, so a price cut is essential.
The game requires a constant Internet connection. It’s understandable with “Pokémon Go,” which uses your physical location as part of game play. 
There is no obvious reason need for it with “Mario,” and that just leads to frustrations. Why can’t one play on the subway? Or in airplane mode on the airplane as holiday travel season heats up? What if someone is away from Wi-Fi and has a limited cellular data plan? Sorry!
Nintendo said connectivity “allows us to offer a variety of features and services that enhance the play experience. ‘Super Mario Run’ is not a static experience, but rather one that players can continue to return to again and again to enjoy something new and unexpected.”
The features Nintendo cites include the ability to play across multiple devices, limited-time rewards and access to player data and scores for challenges with other players. 
Economy
Yellen: Job
market strong
Federal Reserve Chairwoman Janet Yellen said Monday that college graduates are entering the strongest job market the country has seen in nearly a decade, and their degree is more important than ever.
Yellen said that with changes in the job market such as technology and globalization, succeeding is increasingly tied to higher education.
“Those with a college degree are more likely to find a job, keep a job, have higher job satisfaction and earn a higher salary,” Yellen said in remarks at commencement ceremonies at the University of Baltimore .
She said that annual earnings for college graduates last year were on average 70 percent higher than those with only a high school diploma. Back in 1980 that difference was only 20 percent, she said.
Yellen said the increasing demand for people with college and graduate degrees reflects the need for higher technological skills and the impact of globalization, which allows goods and services to be produced anywhere. She said those trends are likely to continue.
In her remarks, Yellen did not make any comments about Fed interest-rate policies. The Fed last week boosted its benchmark rate by a quarter-point, the first increase in a year. In making the announcement, the Fed projected that it would move rates up another three times in 2017.
Yellen said that in addition to the improvement in the unemployment rate, which in November fell to a nine-year low of 4.6 percent, there have been recent signs that wage growth is picking up.
But Yellen noted that challenges remain.
“The economy is growing more slowly than in past recoveries, and productivity growth, which is a major influence on wages, has been disappointing,” she told the graduates.
Chronicle News Services
</post>
<signature>

</signature>
<external_links>

</external_links>
<country>US</country>
<main_image>http://www.sfgate.com/img/pages/article/opengraph_default.png</main_image>
</document>
