<?xml version="1.0" encoding="UTF-8"?>
<document>
<type>mainstream</type>
<forum>http://rzeszowiak.pl//rss/Przemysl-Maszyny-i-urzadzenia.xml</forum>
<forum_title>Przemysł www.rzeszowiak.pl</forum_title>
<discussion_title>Producent sprzeda TRAKA TAŚMOWEGO ...</discussion_title>
<language>polish</language>
<gmt_offset></gmt_offset>
<topic_url>http://www.rzeszowiak.pl/fphu-masz-drew-spj-producent-maszyn-do-wstepnej-obrobki-8698374</topic_url>
<topic_text>
F.P.H.U. &quot;MASZ-DREW&quot; SP.J.- Producent maszyn do wstępnej obróbki drewna sprzeda ]Pilarkę taśmową TTP-1000 wersja najbogatsza stacjonarna lub mobilna : posuw mechaniczny, bezstopniowy z elektronicznym sterowaniem (falownik), elektroniczny pomiar grubości cięcia ( urządzenie pomiarowe JSP-07), podcinak kory ( korowarka), ciecie piłami 4m, elektryczne sterowanie położeniem rolki ruchomej taśmę tnącą, siedzenie dla operatora pilarki. Hydrauliczna manipulacja kłody: obracanie, docisk, ruchome opory, obustronne poziomowanie.Cena zależna od mocy zainstalowanego silnika : 7,5 kW, 11 kW lub 15 kW.Oferowaną Pilarkę podczas pracy można obejrzeć na filmiku na Naszej stronie www bądż kanale YoutubeSerdecznie zapraszamy do zapytań ofertowych !!!
</topic_text>
<spam_score>0.00</spam_score>
<post_num>1</post_num>
<post_id>post-1</post_id>
<post_url>http://www.rzeszowiak.pl/fphu-masz-drew-spj-producent-maszyn-do-wstepnej-obrobki-8698374</post_url>
<post_date>20161219</post_date>
<post_time>0621</post_time>
<username>Producent sprzeda TRAKA TAŚMOWEGO</username>
<post>
F.P.H.U. &quot;MASZ-DREW&quot; SP.J.- Producent maszyn do wstępnej obróbki drewna sprzeda ]Pilarkę taśmową TTP-1000 wersja najbogatsza stacjonarna lub mobilna : posuw mechaniczny, bezstopniowy z elektronicznym sterowaniem (falownik), elektroniczny pomiar grubości cięcia ( urządzenie pomiarowe JSP-07), podcinak kory ( korowarka), ciecie piłami 4m, elektryczne sterowanie położeniem rolki ruchomej taśmę tnącą, siedzenie dla operatora pilarki. Hydrauliczna manipulacja kłody: obracanie, docisk, ruchome opory, obustronne poziomowanie.Cena zależna od mocy zainstalowanego silnika : 7,5 kW, 11 kW lub 15 kW.Oferowaną Pilarkę podczas pracy można obejrzeć na filmiku na Naszej stronie www bądż kanale YoutubeSerdecznie zapraszamy do zapytań ofertowych !!!
</post>
<signature>

</signature>
<external_links>

</external_links>
<country>PL</country>
<main_image></main_image>
</document>
