<?xml version="1.0" encoding="UTF-8"?>
<document>
<type>mainstream</type>
<forum>http://www.journaldemontreal.com//rss.xml</forum>
<forum_title>Accueil</forum_title>
<discussion_title>7 bonnes raisons d’aller dans la province du Guanacaste, au Costa Rica</discussion_title>
<language>french</language>
<gmt_offset></gmt_offset>
<topic_url>http://www.journaldemontreal.com/2016/12/19/7-bonnes-raisons-daller-dans-la-province-du-guanacaste-au-costa-rica</topic_url>
<topic_text>
7 bonnes raisons d’aller dans la province du Guanacaste, au Costa Rica Autres   18:57   18:57   
Destination écotouristique qui n’en finit plus d’attirer les voyageurs amoureux de la nature, la province du Guanacaste est une des petites perles du Costa Rica. Voici sept bonnes raisons d’en faire sa prochaine destination. 
1 S’approprier les forêts tropicales et les canyons 
Avec sa nature protégée, le Costa Rica est rapidement devenu LA destination prisée des voyageurs amateurs d’écotourisme. La province du Guanacaste regorge­­ d’activités­­ de plein air, faisant battre­­ le cœur au rythme de la nature­­ sauvage. Le Lodge Canyon de la Vieja – petit frère du fameux volcan actif Rincon de la Vieja – est l’un des centres d’activités parmi les plus populaires de Guanacaste. On y surplombe canyons­­, forêts et rivières en tyrolienne­­, escalade d’immenses parois rocheuses et dévale la rivière­­ en rafting ou en chambre à air. Puis, comme l’hôtel est doté d’un spa naturel, on termine la journée en prenant un bon bain de boue. Photo Agence QMI, Sarah-Émilie Nault La nature du Guanacaste 
2 Faire une randonnée dans la forêt nuageuse 
Paradis des randonneurs, le Guanacaste­­ offre de nombreux endroits­­à explorer à pied. C’est en compagnie d’un guide (il y a tout de même un certain nombre d’animaux tropicaux sauvages qu’il vaut mieux savoir reconnaître et éviter) que se déroule la balade dans la forêt­­ nuageuse du parc national du volcan Tenorio. Une randonnée de quelques heures menant à la populaire rivière Rio Celeste à l’eau remarquablement turquoise. Un spectacle surprenant. Photo Agence QMI, Sarah-Émilie Nault Paysage du Guanacaste 
3 Profiter du paysage... depuis son hôtel tout inclus 
Lové entre les falaises de la baie de Culebra, l’Occidental Grand Papagayo­­ offre un point de vue unique sur le golfe de Papagayo et les montagnes luxuriantes costaricaines. Le complexe pour adultes cinq étoiles est doté d’une plage de sable volcanique quasi vierge dissimulée derrière arbres et feuillages. Le séjour promet de multiples rencontres avec de petits animaux sauvages, un service impeccable, une formule tout inclus et des heures de baignade dans la mer ou dans la vaste piscine en forme de... «guanacaste», cet arbre devenu l’emblème du Costa Rica. Photo Agence QMI, Sarah-Émilie Nault L’Occidental Grand Papagayo, lové entre les falaises de la baie de Culebra. 
4 Danser et vivre la pura vida avec les habitants 
Il est indispensable de sauter dans un taxi pour se rendre danser «en ville», à la Playa del Coco, lorsqu’on séjourne dans la province de Guanacaste. C’est l’occasion idéale de rencontrer des habitants du coin et de prendre le pouls de la vie nocturne de l’endroit. On danse – dans une des deux discothèques de la ville –, on déguste des produits frais et on discute avec les Costaricains, dont la philosophie de vie se nomme la pura vida (ce qui signifie littéralement que tout va bien, que tout est parfait). 
5 Se prélasser sur des plages vierges 
On aime le charme brut des plages vierges et sauvages du Costa Rica. Composées de sable volcanique, ce ne sont pas des plages semblables à celles du Mexique ou de Cuba que l’on trouve ici. Ce sont plutôt des plages dont on a fièrement réussi à préserver l’aspect naturel, entourées de montagnes, d’oiseaux colorés et de végétation. L’immersion en pleine nature telle qu’on se l’imagine lorsqu’on rêve du Costa Rica. Photo Agence QMI, Sarah-Émilie Nault Des iguanes, il y en a plein la région de Guanacaste. 
6 Déguster des mets locaux 
C’est le gallo pinto composé de riz et de haricots noirs que l’on déguste­­ au Costa Rica. Un plat national­­ tout simple – dont le nom signifie «coq tacheté» – qui doit son nom aux taches que forment les haricots­­ sur le riz pendant la cuisson. On l’accompagne souvent de légumes­­, de viande grillée, de tortillas cuits sur feu de bois et de cocktails de jus de fruits frais tropicaux. 
7 Relaxer à Rio Perdido 
Les quelques heures sur des pistes en terre sont oubliées dès qu’on franchit les portes du petit paradis sauvage­­ qu’est Rio Perdido. Hôtel, spa 100 % naturel, point de vue imprenable sur les volcans tout autour, canyons, forêts, bains dont l’eau est chauffée par le magma des volcans, nourriture santé, massages, piscines dont l’eau provient directement des rivières, l’endroit est à l’image du Costa Rica: paisible, sauvage et d’une beauté entièrement­­ naturelle. Photo Agence QMI, Sarah-Émilie Nault Spa naturel chauffé le magma des volcans, Rio Perdido RECOMMANDÉ POUR VOUS À DÉCOUVRIR SUR LE WEB Les plus populaires
</topic_text>
<spam_score>0.00</spam_score>
<post_num>1</post_num>
<post_id>post-1</post_id>
<post_url>http://www.journaldemontreal.com/2016/12/19/7-bonnes-raisons-daller-dans-la-province-du-guanacaste-au-costa-rica</post_url>
<post_date>20161219</post_date>
<post_time>2357</post_time>
<username></username>
<post>
7 bonnes raisons d’aller dans la province du Guanacaste, au Costa Rica Autres   18:57   18:57   
Destination écotouristique qui n’en finit plus d’attirer les voyageurs amoureux de la nature, la province du Guanacaste est une des petites perles du Costa Rica. Voici sept bonnes raisons d’en faire sa prochaine destination. 
1 S’approprier les forêts tropicales et les canyons 
Avec sa nature protégée, le Costa Rica est rapidement devenu LA destination prisée des voyageurs amateurs d’écotourisme. La province du Guanacaste regorge­­ d’activités­­ de plein air, faisant battre­­ le cœur au rythme de la nature­­ sauvage. Le Lodge Canyon de la Vieja – petit frère du fameux volcan actif Rincon de la Vieja – est l’un des centres d’activités parmi les plus populaires de Guanacaste. On y surplombe canyons­­, forêts et rivières en tyrolienne­­, escalade d’immenses parois rocheuses et dévale la rivière­­ en rafting ou en chambre à air. Puis, comme l’hôtel est doté d’un spa naturel, on termine la journée en prenant un bon bain de boue. Photo Agence QMI, Sarah-Émilie Nault La nature du Guanacaste 
2 Faire une randonnée dans la forêt nuageuse 
Paradis des randonneurs, le Guanacaste­­ offre de nombreux endroits­­à explorer à pied. C’est en compagnie d’un guide (il y a tout de même un certain nombre d’animaux tropicaux sauvages qu’il vaut mieux savoir reconnaître et éviter) que se déroule la balade dans la forêt­­ nuageuse du parc national du volcan Tenorio. Une randonnée de quelques heures menant à la populaire rivière Rio Celeste à l’eau remarquablement turquoise. Un spectacle surprenant. Photo Agence QMI, Sarah-Émilie Nault Paysage du Guanacaste 
3 Profiter du paysage... depuis son hôtel tout inclus 
Lové entre les falaises de la baie de Culebra, l’Occidental Grand Papagayo­­ offre un point de vue unique sur le golfe de Papagayo et les montagnes luxuriantes costaricaines. Le complexe pour adultes cinq étoiles est doté d’une plage de sable volcanique quasi vierge dissimulée derrière arbres et feuillages. Le séjour promet de multiples rencontres avec de petits animaux sauvages, un service impeccable, une formule tout inclus et des heures de baignade dans la mer ou dans la vaste piscine en forme de... «guanacaste», cet arbre devenu l’emblème du Costa Rica. Photo Agence QMI, Sarah-Émilie Nault L’Occidental Grand Papagayo, lové entre les falaises de la baie de Culebra. 
4 Danser et vivre la pura vida avec les habitants 
Il est indispensable de sauter dans un taxi pour se rendre danser «en ville», à la Playa del Coco, lorsqu’on séjourne dans la province de Guanacaste. C’est l’occasion idéale de rencontrer des habitants du coin et de prendre le pouls de la vie nocturne de l’endroit. On danse – dans une des deux discothèques de la ville –, on déguste des produits frais et on discute avec les Costaricains, dont la philosophie de vie se nomme la pura vida (ce qui signifie littéralement que tout va bien, que tout est parfait). 
5 Se prélasser sur des plages vierges 
On aime le charme brut des plages vierges et sauvages du Costa Rica. Composées de sable volcanique, ce ne sont pas des plages semblables à celles du Mexique ou de Cuba que l’on trouve ici. Ce sont plutôt des plages dont on a fièrement réussi à préserver l’aspect naturel, entourées de montagnes, d’oiseaux colorés et de végétation. L’immersion en pleine nature telle qu’on se l’imagine lorsqu’on rêve du Costa Rica. Photo Agence QMI, Sarah-Émilie Nault Des iguanes, il y en a plein la région de Guanacaste. 
6 Déguster des mets locaux 
C’est le gallo pinto composé de riz et de haricots noirs que l’on déguste­­ au Costa Rica. Un plat national­­ tout simple – dont le nom signifie «coq tacheté» – qui doit son nom aux taches que forment les haricots­­ sur le riz pendant la cuisson. On l’accompagne souvent de légumes­­, de viande grillée, de tortillas cuits sur feu de bois et de cocktails de jus de fruits frais tropicaux. 
7 Relaxer à Rio Perdido 
Les quelques heures sur des pistes en terre sont oubliées dès qu’on franchit les portes du petit paradis sauvage­­ qu’est Rio Perdido. Hôtel, spa 100 % naturel, point de vue imprenable sur les volcans tout autour, canyons, forêts, bains dont l’eau est chauffée par le magma des volcans, nourriture santé, massages, piscines dont l’eau provient directement des rivières, l’endroit est à l’image du Costa Rica: paisible, sauvage et d’une beauté entièrement­­ naturelle. Photo Agence QMI, Sarah-Émilie Nault Spa naturel chauffé le magma des volcans, Rio Perdido RECOMMANDÉ POUR VOUS À DÉCOUVRIR SUR LE WEB Les plus populaires
</post>
<signature>

</signature>
<external_links>

</external_links>
<country>US</country>
<main_image>http://storage.journaldemontreal.com/v1/dynamic_resize/sws_path/jdx-prod-images/3f7744ed-5df8-468f-8f4e-7f4e538453a1_JDX-2x1_WEB.jpg?quality=80&amp;size=1200x&amp;version=1</main_image>
</document>
