<?xml version="1.0" encoding="UTF-8"?>
<document>
<type>mainstream</type>
<forum>http://www.commdiginews.com/feed/</forum>
<forum_title>Communities Digital News</forum_title>
<discussion_title>A new Christmas story: The Most Dangerous Christmas Ornament</discussion_title>
<language>english</language>
<gmt_offset></gmt_offset>
<topic_url>http://www.commdiginews.com/entertainment/a-new-christmas-story-the-most-dangerous-christmas-ornament-75541/</topic_url>
<topic_text>
Dec 19, 2016 0 7 There is still time to get this wonderful Christmas gift that is a good lesson anytime of the year. The Dangerous Christmas Ornament by Bob Siegel 
WASHINGTON , December 19, 2016 – One of the greatest gifts we can give our children is the lesson that actions have consequences, a lesson learned by Twelve-year-old Mike Owen. 
In the book, The Dangerous Christmas Ornament, eccentric Aunt Loureen, gives her nephew Mike a magic Christmas ornament that acts as a kind of Aladdin’s lamp but with a unique twist: Each time Mike’s wish is granted, something bad happens to another person who was with him at the time the wish was spoken. This, of course, sets up a chain reaction of trouble and adventure. 
Weighing his own desires against the consequences to those around him, Mike learns a valuable lesson Read CommDigiNews Editor in Chief Lisa Ruth’s Book Review: The Dangerous Christmas Ornament and listen to the author interview on syndicated radio show HausRules With Michael Hausam
The Dangerous Christmas Ornament book is available at Amazon in paperback and on Kindle. Copyright 2016 Communities Digital News 
 
</topic_text>
<spam_score>0.00</spam_score>
<post_num>1</post_num>
<post_id>post-1</post_id>
<post_url>http://www.commdiginews.com/entertainment/a-new-christmas-story-the-most-dangerous-christmas-ornament-75541/</post_url>
<post_date>20161219</post_date>
<post_time>2346</post_time>
<username>Jacquie Kubin</username>
<post>
Dec 19, 2016 0 7 There is still time to get this wonderful Christmas gift that is a good lesson anytime of the year. The Dangerous Christmas Ornament by Bob Siegel 
WASHINGTON , December 19, 2016 – One of the greatest gifts we can give our children is the lesson that actions have consequences, a lesson learned by Twelve-year-old Mike Owen. 
In the book, The Dangerous Christmas Ornament, eccentric Aunt Loureen, gives her nephew Mike a magic Christmas ornament that acts as a kind of Aladdin’s lamp but with a unique twist: Each time Mike’s wish is granted, something bad happens to another person who was with him at the time the wish was spoken. This, of course, sets up a chain reaction of trouble and adventure. 
Weighing his own desires against the consequences to those around him, Mike learns a valuable lesson Read CommDigiNews Editor in Chief Lisa Ruth’s Book Review: The Dangerous Christmas Ornament and listen to the author interview on syndicated radio show HausRules With Michael Hausam
The Dangerous Christmas Ornament book is available at Amazon in paperback and on Kindle. Copyright 2016 Communities Digital News 
 
</post>
<signature>

</signature>
<external_links>

</external_links>
<country>US</country>
<main_image>http://www.commdiginews.com/wp-content/uploads/2015/06/ornament.jpg</main_image>
</document>
