<?xml version="1.0" encoding="UTF-8"?>
<document>
<type>mainstream</type>
<forum>http://espresso.repubblica.it/rss?sezione=espresso</forum>
<forum_title>Rss l&apos;Espresso</forum_title>
<discussion_title>Dieci anni da Welby. L&apos;associazione Coscioni: &quot;Ora testamento biologico e eutanasia&quot;</discussion_title>
<language>italian</language>
<gmt_offset></gmt_offset>
<topic_url>http://espresso.repubblica.it/attualita/2016/12/19/news/dieci-anni-da-welby-l-associazione-coscioni-ora-testamento-biologico-e-eutanasia-1.291409</topic_url>
<topic_text>
Dieci anni da Welby. L&apos;associazione... Anniversario Dieci anni da Welby. L&apos;associazione Coscioni: &quot;Ora testamento biologico e eutanasia&quot; Marco Cappato racconta le tappe di questo decennale. Che vorrebbe diventasse un&apos;occasione per non perdere altro tempo in Parlamento. Almeno per la prima legge. Non si tratta di compassione. Ma di diritti civili di Fra. Si. 19 dicembre 2016 Un momento dei funerali di Piergiorgio Welby Dieci anni dalla morte di Piergiorgio Welby. «Io ero con lui, quel giorno, in ospedale, insieme a Mario Riccio e ai medici belgi pronti a intervenire se la sedazione non avesse funzionato». Marco Cappato, tesoriere dell&apos; associazione Luca Coscioni di cui Welby è stato cofondatore, riparte da quel giorno per ricordare il significato di questi dieci anni di battaglie per i diritti civili, che l&apos;associazione porterà alla Camera dei Deputati con un dibattito che chiede di fare presto. Il 12 gennaio scade il termine per presentare emendamenti alla commissione Affari Sociali del Senato per la legge sul testamento biologico, la prima delle due leggi richieste da 100mila firmatari, con iniziativa popolare. L&apos;altra: l&apos;eutanasia. Su cui Cappato riconosce, i tempi saranno più lunghi. « Ma chiediamo, e crediamo sia possibile, approvare almeno la legge sul testamento biologico prima della fine della legislatura ». Perché se il nuovo governo occupa il dibattito delle aule, insieme alla legge elettorale, fuori, nel pese, «ci sono decine di migliaia di persone che aspettano un diritto fondamentale », ricorda Cappato. Un diritto che «pur essendo costituzionalmente garantito, ancora obbliga i cittadini a rivolgersi a degli avvocati per farselo riconoscere». Il diritto a rifiutare le cure. «Con la scelta di Welby di rendere, insieme a noi, la sua battaglia pubblica, scoprimmo molte cose, nel 2006», racconta Cappato: «Scoprimmo innanzitutto che l&apos;opinione pubblica era a stragrande maggioranza favorevole all&apos;eutanasia. Quindi che lo spazio costituzionale per garantire questa scelta già esisteva. E infine che non eravamo i primi: a pochi giorni dall&apos;appello mi scrisse un medico, dicendo che avremmo potuto farlo quando volevamo, ma senza clamore. Si faceva, ma senza dirlo». vedi anche: &quot;La nostra battaglia per lasciarlo andare via. Per rispettare la sua volontà di morire&quot; La moglie di Luigi Brunori, malato di Sla morto l&apos;8 gennaio del 2016, racconta l&apos;esperienza sua e del marito. E la loro lunga lotta per un diritto: il diritto ad andarsene. Il suo ricordo in occasione del decennale dalla morte di Piergiorgio Welby, che l&apos;associazione Luca Coscioni porta alla Camera Quell&apos;abitudine, nei termini della battaglia dell&apos;associazione, è diventata anche un movimento di disobbedienza civile . «Diamo informazioni a centinaia di persone. Le aiutiamo. Lo Stato non può impedire loro di andarsene ». La prima proposta di legge per l&apos;eutanasia passiva, ricorda Cappato, arrivò nel 1984 da Loris Fortuna: lo stesso parlamentare che legò il suo nome alla legge sul divorzio. «Per noi è fondamentale: perché è lo stesso solco. Quello dei diritti civili ». Insieme alla discussione adesso del testo, Cappato e l&apos;associazione Luca Coscioni rilanciano un appello al Ministero della Salute «affinché intervenga con una circolare che dia indicazioni precise affinché non sia più necessario l’intervento di un giudice per far rispettare le volontà della persona malata che chiede solo il rispetto di un diritto costituzionalmente garantito, come affermato nella sentenza del Tribunale di Cagliari sul ricorso presentato da Walter Piludu». Tag
</topic_text>
<spam_score>0.00</spam_score>
<post_num>1</post_num>
<post_id>post-1</post_id>
<post_url>http://espresso.repubblica.it/attualita/2016/12/19/news/dieci-anni-da-welby-l-associazione-coscioni-ora-testamento-biologico-e-eutanasia-1.291409</post_url>
<post_date>20161219</post_date>
<post_time>1114</post_time>
<username></username>
<post>
Dieci anni da Welby. L&apos;associazione... Anniversario Dieci anni da Welby. L&apos;associazione Coscioni: &quot;Ora testamento biologico e eutanasia&quot; Marco Cappato racconta le tappe di questo decennale. Che vorrebbe diventasse un&apos;occasione per non perdere altro tempo in Parlamento. Almeno per la prima legge. Non si tratta di compassione. Ma di diritti civili di Fra. Si. 19 dicembre 2016 Un momento dei funerali di Piergiorgio Welby Dieci anni dalla morte di Piergiorgio Welby. «Io ero con lui, quel giorno, in ospedale, insieme a Mario Riccio e ai medici belgi pronti a intervenire se la sedazione non avesse funzionato». Marco Cappato, tesoriere dell&apos; associazione Luca Coscioni di cui Welby è stato cofondatore, riparte da quel giorno per ricordare il significato di questi dieci anni di battaglie per i diritti civili, che l&apos;associazione porterà alla Camera dei Deputati con un dibattito che chiede di fare presto. Il 12 gennaio scade il termine per presentare emendamenti alla commissione Affari Sociali del Senato per la legge sul testamento biologico, la prima delle due leggi richieste da 100mila firmatari, con iniziativa popolare. L&apos;altra: l&apos;eutanasia. Su cui Cappato riconosce, i tempi saranno più lunghi. « Ma chiediamo, e crediamo sia possibile, approvare almeno la legge sul testamento biologico prima della fine della legislatura ». Perché se il nuovo governo occupa il dibattito delle aule, insieme alla legge elettorale, fuori, nel pese, «ci sono decine di migliaia di persone che aspettano un diritto fondamentale », ricorda Cappato. Un diritto che «pur essendo costituzionalmente garantito, ancora obbliga i cittadini a rivolgersi a degli avvocati per farselo riconoscere». Il diritto a rifiutare le cure. «Con la scelta di Welby di rendere, insieme a noi, la sua battaglia pubblica, scoprimmo molte cose, nel 2006», racconta Cappato: «Scoprimmo innanzitutto che l&apos;opinione pubblica era a stragrande maggioranza favorevole all&apos;eutanasia. Quindi che lo spazio costituzionale per garantire questa scelta già esisteva. E infine che non eravamo i primi: a pochi giorni dall&apos;appello mi scrisse un medico, dicendo che avremmo potuto farlo quando volevamo, ma senza clamore. Si faceva, ma senza dirlo». vedi anche: &quot;La nostra battaglia per lasciarlo andare via. Per rispettare la sua volontà di morire&quot; La moglie di Luigi Brunori, malato di Sla morto l&apos;8 gennaio del 2016, racconta l&apos;esperienza sua e del marito. E la loro lunga lotta per un diritto: il diritto ad andarsene. Il suo ricordo in occasione del decennale dalla morte di Piergiorgio Welby, che l&apos;associazione Luca Coscioni porta alla Camera Quell&apos;abitudine, nei termini della battaglia dell&apos;associazione, è diventata anche un movimento di disobbedienza civile . «Diamo informazioni a centinaia di persone. Le aiutiamo. Lo Stato non può impedire loro di andarsene ». La prima proposta di legge per l&apos;eutanasia passiva, ricorda Cappato, arrivò nel 1984 da Loris Fortuna: lo stesso parlamentare che legò il suo nome alla legge sul divorzio. «Per noi è fondamentale: perché è lo stesso solco. Quello dei diritti civili ». Insieme alla discussione adesso del testo, Cappato e l&apos;associazione Luca Coscioni rilanciano un appello al Ministero della Salute «affinché intervenga con una circolare che dia indicazioni precise affinché non sia più necessario l’intervento di un giudice per far rispettare le volontà della persona malata che chiede solo il rispetto di un diritto costituzionalmente garantito, come affermato nella sentenza del Tribunale di Cagliari sul ricorso presentato da Walter Piludu». Tag
</post>
<signature>

</signature>
<external_links>

</external_links>
<country>IT</country>
<main_image>http://espresso.repubblica.it/polopoly_fs/1.291410.1482146234!/httpImage/image.jpg_gen/derivatives/articolo_222/image.jpg</main_image>
</document>
