<?xml version="1.0" encoding="UTF-8"?>
<document>
<type>mainstream</type>
<forum>http://whatsoninnorthyorks.co.uk/rss.php?mCatName=Films</forum>
<forum_title>What&apos;s On North Yorkshire, Films</forum_title>
<discussion_title>Office Christmas Party (Subtitled)</discussion_title>
<language>english</language>
<gmt_offset></gmt_offset>
<topic_url>http://whatsoninnorthyorks.co.uk/event/office-christmas-party-subtitled/53315</topic_url>
<topic_text>
Office Christmas Party (Subtitled) Reel Cinema York Hard-nosed CEO Carol Vanstone (Jennifer Aniston) is unimpressed with the branch of IT company Zenotek run by her party-loving brother Clay (T.J. Miller) so she makes the decision to close down the office and lay off staff. She also vetoes plans for the annual Christmas party since it would be a waste of precious money. Clay and chief technical officer Josh (Jason Bateman) plead with Carol to show some compassion and she tells them that she will agree to keep the office open if they manage to close a 14 million US dollar deal with Walter Davis (Courtney B Vance) and his company. Goofball Clay believes that they should invite Walter to the most extravagant Christmas party in the company&apos;s history - which will go ahead behind Carol&apos;s back - in order to secure his signature on a contract. As news spreads that Zenotek is serving free drinks at a raucous party, everyone in the city descends on the office and news eventually reaches Carol that her brother has defied her orders. She angrily heads back to the office in a vain attempt to stop Clay from destroying the building and salvage the company&apos;s reputation. Information Odeon Buildings, 3 Blossom Street York
</topic_text>
<spam_score>0.00</spam_score>
<post_num>1</post_num>
<post_id>post-1</post_id>
<post_url>http://whatsoninnorthyorks.co.uk/event/office-christmas-party-subtitled/53315</post_url>
<post_date>20161220</post_date>
<post_time>1200</post_time>
<username></username>
<post>
Office Christmas Party (Subtitled) Reel Cinema York Hard-nosed CEO Carol Vanstone (Jennifer Aniston) is unimpressed with the branch of IT company Zenotek run by her party-loving brother Clay (T.J. Miller) so she makes the decision to close down the office and lay off staff. She also vetoes plans for the annual Christmas party since it would be a waste of precious money. Clay and chief technical officer Josh (Jason Bateman) plead with Carol to show some compassion and she tells them that she will agree to keep the office open if they manage to close a 14 million US dollar deal with Walter Davis (Courtney B Vance) and his company. Goofball Clay believes that they should invite Walter to the most extravagant Christmas party in the company&apos;s history - which will go ahead behind Carol&apos;s back - in order to secure his signature on a contract. As news spreads that Zenotek is serving free drinks at a raucous party, everyone in the city descends on the office and news eventually reaches Carol that her brother has defied her orders. She angrily heads back to the office in a vain attempt to stop Clay from destroying the building and salvage the company&apos;s reputation. Information Odeon Buildings, 3 Blossom Street York
</post>
<signature>

</signature>
<external_links>

</external_links>
<country>GB</country>
<main_image>http://whatsoninthenortheast.co.uk/images/whatson-filler.jpg</main_image>
</document>
