<?xml version="1.0" encoding="UTF-8"?>
<document>
<type>mainstream</type>
<forum>http://www.redbull.com/ee/et/rss/index.rss</forum>
<forum_title>Red Bull Eesti - most recent stories - http://www.redbull.com/ee/et</forum_title>
<discussion_title>Mark Taru läheb sel korral mesitritiitli järgi</discussion_title>
<language>estonian</language>
<gmt_offset></gmt_offset>
<topic_url>http://www.redbull.com/ee/et/snow/stories/1331835540979/mark-taru-l%C3%A4heb-sellel-korral-mesitritiitli-j%C3%A4rgi</topic_url>
<topic_text>
Mark Taru läheb sel korral mesitritiitli järgi Loe intervjuust, mis tundega Mark uuele Ice Cross Downhill hooajale vastu astub. Liisa Sütt 19 Detsember 2016 
Ice Cross Downhill ehk uisukross on karm ala, kus ellu jäävad vaid tugevaimad. Mark Taru on Tartust pärit sportlane, kes stardib Red Bull Crashed Ice võistlustel juba mitmendat korda ning noormehe motivatsioon on laes. Hooaeg sai esimesel Riders Cupil eduka stardi, meil jääb üle vaid Markile kaasa elada. Enesekindlus on edu võti © Jaanus Ree/Red Bull Content Pool 
Lõpetasid eelmise hooaja vigastuse tõttu varem. Kas põlvega on nüüd kõik korras? 
Kohe kui hooaaja lõpetasin, siis asusin enda põlve kallal tööle. Arstid ütlesid, et prooviks opereerimata, hoopis taastusraviga. Tegin seda umbes neli kuud ja selle ajaga suutsin enda põlve korda saada, praeguseni ei ole see endast märku andnud - kõik vigastused on ravitud ja olen hooajaks igati valmis. 
Kui suur pettumus oli varem lõpetamine ja kas peale vigastust uuesti treenima hakkamine nõudis pingutust? 
Hooaja varem lõpetamine oli minu jaoks alguses üsna suur pettumus, aga see andis mulle kõvasti motivatsiooni põlv korda saada ja järgmiseks hooajaks valmistuda. Alustasin treeningutega koheselt ja jätkasin intensiivselt kuni hooaja alguseni. Jäine Kakerdaja raba © Jaanus Ree/Red Bull Content Pool 
Milline nägi välja sinu hooajaväline treening? Kas suvel jääb aega ka puhkamiseks? 
Hooajavälisel treeningperioodil käin ma hommikuti jooksmas, lõunal jõusaalis jõudu tegemas ja õhtul uisutamas kas jääl või rulluiskudel. Hooajaväline graafik on üsna tihe ja katsun igapäevaselt aktiivne olla. Mulle meeldib rutiini kõrvalt ka veelauaga sõitmas käia. Suvel võtan kuu aega puhkamiseks, kus veedan aega sõprade ja lähedastega ja kindlasti käin mõnel muusikafestivalil. 
Mida oled kahest varasemast Ice Cross Downhill hooajast õppinud, et nüüd veelgi parem olla? 
Olen eelnevate hooaegadega palju kogemust juurde saanud ja mis kõige tähtsam - enesekindlust. Tean, et kui ma olen enesekindel ja suudan külma närvi hoida, siis jõuan kaugele. Olen rajal palju rahulikum ja targem, palju vähem on tühja energia kulutamist ja rabelemist. Oskan rada enda jaoks palju paremini ära kasutada ja tean paremini enda tugevusi. Olen kannatlikum kui varem. 
Mis su varustuse hulka kuulub? Milliseid uiske kasutad ja kuidas neid hooldad? 
Varustuseks kasutan enamjaolt MTB varustust või krossivarustus, sest see on hokivarustusest palju mugavam ja kergem ning liigub paremini. Kasutan motokrossi ülakeha kaitset, motokrossi kaitsepükse, ameerika jalgpalli kindaid ja hokikiivrit. Osad kasutavad krossikiivreid, aga mulle ei meeldi piiratud nägemisala. Uisud on mul hokiuisud, kus on spetsiaalsed terad, et libisemine parem oleks. Teritan neid ise kodus teritusmasinaga. Talvine Kakerdaja raba © Jaanus Ree/Red Bull Content Pool 
Lähen alati võistlustele mõttega võita, sest muu koha eest võistlema minna ei ole mõtet. Ole esimene või viimane. Mark Taru 
Mis on sinu tugevus – kas kiirus, hüpped, julgus või midagi muud? 
Enda tugevusteks pean uisutamise oskust, julgust ja enesekindlust. Kindlasti ka head füüsilist vormi ja tahet võita. Kui julgus puuduks, siis puuduks ka kiirus, sest kui natukenegi endas kõhelda või karta, siis oled rajal ettevaatlik ja aeglasem. Lähen alati võistlustele mõttega võita, sest muu koha eest võistlema minna ei ole mõtet. Ole esimene või viimane. 
Millist võistlusrada pead oma kajääri kõige raskemaks? 
Kõige raskem rada, millel võistelnund olen, oli ilmselt minu esimene võistlus Lausannes, Šveitsis. Rada oli väga tehniline ja raske oli leida kõige kiiremat liini, millel rajal püsida. Sellest rajast räägitakse ikka veel ja kiidetakse just tehnilist poolt. Tahaks väga huvi pärast nüüd seda rada uuesti proovida. See oli ka parimatele võistlejatele korralik katsumus. Rajad erinevad iga kord ja kindlasti suudetakse ka see hooaeg millegi väga keerulisega üllatada. 
Kas esimese Riders Cupi teine koht andis motivatsiooni? Kas see tuli raskelt? 
Esimene Riders Cupi 2. koht andis mulle väga palju motivatsiooni ja enesekindlust. Ma uskusin endasse ja kõik läks plaanipäraselt. Kõige raskem sõit oli veerandfinaal, aga peale seda muutus kõik nauditavaks ja lõbusaks ja finaaliks oli juba väga rahulik olla. 2. koht ei tulnud otseselt raskelt, paar rasket sõitu oli, aga tegin enda sõitu, andsin endast parima ja kõik läks hästi. Vahepaus © Jaanus Ree/Red Bull Content Pool Marki eesmärk on igal võistlusel maksimum anda © Jaanus Ree/Red Bull Content Pool Uisukross pole lihtne ala © Jaanus Ree/Red Bull Content Pool Mark Taru läheb meistritiitli järgi © Jaanus Ree/Red Bull Content Pool 
Keda pead oma suurimaks konkurendiks? Kes on sinu meelest selle aasta favoriit? 
Enda kõige suurimateks konkurentideks pean ma Cameron Naaszi ja Scott Croxalli, sest nad on väga stabiilsed uisutajad ja võiduhimulised. Selle aasta favoriidiks pean ennast, aga kindlasti läheb USA ja Kanada kuttidega korralikuks võistluseks. 
Ja lõpetuseks, kas seekord lõpetad hooaja poodiumil? 
Plaanis on see hooaeg maailmameistrina lõpetada. Sarnased lood
</topic_text>
<spam_score>0.00</spam_score>
<post_num>1</post_num>
<post_id>post-1</post_id>
<post_url>http://www.redbull.com/ee/et/snow/stories/1331835540979/mark-taru-l%C3%A4heb-sellel-korral-mesitritiitli-j%C3%A4rgi</post_url>
<post_date>20161219</post_date>
<post_time>2015</post_time>
<username></username>
<post>
Mark Taru läheb sel korral mesitritiitli järgi Loe intervjuust, mis tundega Mark uuele Ice Cross Downhill hooajale vastu astub. Liisa Sütt 19 Detsember 2016 
Ice Cross Downhill ehk uisukross on karm ala, kus ellu jäävad vaid tugevaimad. Mark Taru on Tartust pärit sportlane, kes stardib Red Bull Crashed Ice võistlustel juba mitmendat korda ning noormehe motivatsioon on laes. Hooaeg sai esimesel Riders Cupil eduka stardi, meil jääb üle vaid Markile kaasa elada. Enesekindlus on edu võti © Jaanus Ree/Red Bull Content Pool 
Lõpetasid eelmise hooaja vigastuse tõttu varem. Kas põlvega on nüüd kõik korras? 
Kohe kui hooaaja lõpetasin, siis asusin enda põlve kallal tööle. Arstid ütlesid, et prooviks opereerimata, hoopis taastusraviga. Tegin seda umbes neli kuud ja selle ajaga suutsin enda põlve korda saada, praeguseni ei ole see endast märku andnud - kõik vigastused on ravitud ja olen hooajaks igati valmis. 
Kui suur pettumus oli varem lõpetamine ja kas peale vigastust uuesti treenima hakkamine nõudis pingutust? 
Hooaja varem lõpetamine oli minu jaoks alguses üsna suur pettumus, aga see andis mulle kõvasti motivatsiooni põlv korda saada ja järgmiseks hooajaks valmistuda. Alustasin treeningutega koheselt ja jätkasin intensiivselt kuni hooaja alguseni. Jäine Kakerdaja raba © Jaanus Ree/Red Bull Content Pool 
Milline nägi välja sinu hooajaväline treening? Kas suvel jääb aega ka puhkamiseks? 
Hooajavälisel treeningperioodil käin ma hommikuti jooksmas, lõunal jõusaalis jõudu tegemas ja õhtul uisutamas kas jääl või rulluiskudel. Hooajaväline graafik on üsna tihe ja katsun igapäevaselt aktiivne olla. Mulle meeldib rutiini kõrvalt ka veelauaga sõitmas käia. Suvel võtan kuu aega puhkamiseks, kus veedan aega sõprade ja lähedastega ja kindlasti käin mõnel muusikafestivalil. 
Mida oled kahest varasemast Ice Cross Downhill hooajast õppinud, et nüüd veelgi parem olla? 
Olen eelnevate hooaegadega palju kogemust juurde saanud ja mis kõige tähtsam - enesekindlust. Tean, et kui ma olen enesekindel ja suudan külma närvi hoida, siis jõuan kaugele. Olen rajal palju rahulikum ja targem, palju vähem on tühja energia kulutamist ja rabelemist. Oskan rada enda jaoks palju paremini ära kasutada ja tean paremini enda tugevusi. Olen kannatlikum kui varem. 
Mis su varustuse hulka kuulub? Milliseid uiske kasutad ja kuidas neid hooldad? 
Varustuseks kasutan enamjaolt MTB varustust või krossivarustus, sest see on hokivarustusest palju mugavam ja kergem ning liigub paremini. Kasutan motokrossi ülakeha kaitset, motokrossi kaitsepükse, ameerika jalgpalli kindaid ja hokikiivrit. Osad kasutavad krossikiivreid, aga mulle ei meeldi piiratud nägemisala. Uisud on mul hokiuisud, kus on spetsiaalsed terad, et libisemine parem oleks. Teritan neid ise kodus teritusmasinaga. Talvine Kakerdaja raba © Jaanus Ree/Red Bull Content Pool 
Lähen alati võistlustele mõttega võita, sest muu koha eest võistlema minna ei ole mõtet. Ole esimene või viimane. Mark Taru 
Mis on sinu tugevus – kas kiirus, hüpped, julgus või midagi muud? 
Enda tugevusteks pean uisutamise oskust, julgust ja enesekindlust. Kindlasti ka head füüsilist vormi ja tahet võita. Kui julgus puuduks, siis puuduks ka kiirus, sest kui natukenegi endas kõhelda või karta, siis oled rajal ettevaatlik ja aeglasem. Lähen alati võistlustele mõttega võita, sest muu koha eest võistlema minna ei ole mõtet. Ole esimene või viimane. 
Millist võistlusrada pead oma kajääri kõige raskemaks? 
Kõige raskem rada, millel võistelnund olen, oli ilmselt minu esimene võistlus Lausannes, Šveitsis. Rada oli väga tehniline ja raske oli leida kõige kiiremat liini, millel rajal püsida. Sellest rajast räägitakse ikka veel ja kiidetakse just tehnilist poolt. Tahaks väga huvi pärast nüüd seda rada uuesti proovida. See oli ka parimatele võistlejatele korralik katsumus. Rajad erinevad iga kord ja kindlasti suudetakse ka see hooaeg millegi väga keerulisega üllatada. 
Kas esimese Riders Cupi teine koht andis motivatsiooni? Kas see tuli raskelt? 
Esimene Riders Cupi 2. koht andis mulle väga palju motivatsiooni ja enesekindlust. Ma uskusin endasse ja kõik läks plaanipäraselt. Kõige raskem sõit oli veerandfinaal, aga peale seda muutus kõik nauditavaks ja lõbusaks ja finaaliks oli juba väga rahulik olla. 2. koht ei tulnud otseselt raskelt, paar rasket sõitu oli, aga tegin enda sõitu, andsin endast parima ja kõik läks hästi. Vahepaus © Jaanus Ree/Red Bull Content Pool Marki eesmärk on igal võistlusel maksimum anda © Jaanus Ree/Red Bull Content Pool Uisukross pole lihtne ala © Jaanus Ree/Red Bull Content Pool Mark Taru läheb meistritiitli järgi © Jaanus Ree/Red Bull Content Pool 
Keda pead oma suurimaks konkurendiks? Kes on sinu meelest selle aasta favoriit? 
Enda kõige suurimateks konkurentideks pean ma Cameron Naaszi ja Scott Croxalli, sest nad on väga stabiilsed uisutajad ja võiduhimulised. Selle aasta favoriidiks pean ennast, aga kindlasti läheb USA ja Kanada kuttidega korralikuks võistluseks. 
Ja lõpetuseks, kas seekord lõpetad hooaja poodiumil? 
Plaanis on see hooaeg maailmameistrina lõpetada. Sarnased lood
</post>
<signature>

</signature>
<external_links>

</external_links>
<country>AT</country>
<main_image>http://image2.redbull.com/rbcom/010/2016-12-19/1331835537209_1/0010/1/1500/1000/1/mark-taru-läheb-meistritiitli-järgi.jpg</main_image>
</document>
