<?xml version="1.0" encoding="UTF-8"?>
<document>
<type>mainstream</type>
<forum>http://rostovnadonu.bezformata.ru/rss.xml</forum>
<forum_title>Новости города БезФормата.Ru Ростовская область Ростов-на-Дону</forum_title>
<discussion_title>В Берлине повторилась Ницца: грузовик раздавил толпу на ярмарке</discussion_title>
<language>russian</language>
<gmt_offset></gmt_offset>
<topic_url>http://rostovnadonu.bezformata.ru/listnews/berline-povtorilas-nitctca-gruzovik/53374716/</topic_url>
<topic_text>
Фото: s9.stc.all.kpcdn.net Минимум 9 человек погибли, еще 50 получили раненияФото: REUTERS Минимум 9 человек погибли, еще 50 получили ранения [видео] 
В понедельник вечером в Берлине повторилась летняя трагедия в Ницце , когда грузовик с террористом из &quot; Исламского государства &quot; (запрещено в РФ. - Ред.) на полном ходу протаранил гулявшую на набережной толпу в День взятия Бастилии. 
Теперь столица Германии, многолюдная рождественская ярмарка на торговой улице Курфюрстендамм. Грузовик с польскими номерами из Гданьска проехал по территории ярмарки порядка 50 метров - по словам очевидцев, он намеренно ехал по людям. 
Около 50 человек были ранены в результате теракта в Берлине.Фото: REUTERS 
Как пишет газета Bild, погибли минимум 9 человек, еще 50 получили ранения. Место трагедии оцеплено полицией, к нему стягиваются происшествия машины скорой помощи. Ярмарка закрыта. Журнал Spiegel со ссылкой на полицию передает, что это теракт. Водителя чуть позже задержали. По предварительной информации, с ним был сообщник, но тот, скорее всего, погиб при задержании. 
Грузовик проехал полсотни метров по рождественской ярмарке.Фото: REUTERS 
КОММЕНТАРИЙ ЭКСПЕРТА 
Роман СИЛАНТЬЕВ, исламовед: &quot; В праздники террористы активизируются &quot; 
- Пока сложно говорить, что оба сегодняшних теракта связаны. Но &quot; Исламское государство &quot; (запрещена в России - Ред.) специализируется на параллельных терактах, это их стиль. В любом случае надо быть готовыми к тому, что к праздникам террористическая активность может только возрастать. Это лучшее время для атак экстремистов, когда народ участвует в массовых мероприятиях, отдыхает и расслаблен. К тому же во время праздников сложнее обеспечить безопасность. Что касается польских номеров грузовика, то здесь никакой подоплеки искать нет смысла - террористы арендуют машины и номера могут быть любыми. 
Внутри машины были два человека - один погиб, а второй был позднее задержан.Фото: REUTERS 
В Берлине грузовик врезался в толпу на рождественском рынке. Очевидец: &quot; Мы на площади у церкви. Грузовик врезался в рождественскую ярмарку. Уничтожил несколько палаток. Люди ранены. Все больше машин скорой помощи и полиции приезжает сюда. Раненые лежат на дороге. Мы пытаемся понять, что произошло. Это ужасная картина &quot;. 
ОФИЦИАЛЬНО 
На контроле у Меркель 
- Мы скорбим по погибшим. Надеемся, что раненые быстро получат помощь, - написал в Твиттере официальный представитель канцлера ФРГ Штефан Зайберт. 
По его словам, Ангела Меркель в настоящее время находится на связи с правоохранительными органами и мэром Берлина. 
Минимум 9 человек погибли, еще 50 получили раненияФото: REUTERS 
Градоначальник, в свою очередь, заверяет, что ситуация под контролем. 
В Берлине грузовик врезался в толпу на рождественском рынке. Очевидец: &quot; Мы на площади у церкви. Грузовик врезался в рождественскую ярмарку. Уничтожил несколько палаток. Люди ранены. Все больше машин скорой помощи и полиции приезжает сюда. Раненые лежат на дороге. Мы пытаемся понять, что произошло. Это ужасная картина &quot;.
</topic_text>
<spam_score>0.00</spam_score>
<post_num>1</post_num>
<post_id>post-1</post_id>
<post_url>http://rostovnadonu.bezformata.ru/listnews/berline-povtorilas-nitctca-gruzovik/53374716/</post_url>
<post_date>20161219</post_date>
<post_time>2131</post_time>
<username></username>
<post>
Фото: s9.stc.all.kpcdn.net Минимум 9 человек погибли, еще 50 получили раненияФото: REUTERS Минимум 9 человек погибли, еще 50 получили ранения [видео] 
В понедельник вечером в Берлине повторилась летняя трагедия в Ницце , когда грузовик с террористом из &quot; Исламского государства &quot; (запрещено в РФ. - Ред.) на полном ходу протаранил гулявшую на набережной толпу в День взятия Бастилии. 
Теперь столица Германии, многолюдная рождественская ярмарка на торговой улице Курфюрстендамм. Грузовик с польскими номерами из Гданьска проехал по территории ярмарки порядка 50 метров - по словам очевидцев, он намеренно ехал по людям. 
Около 50 человек были ранены в результате теракта в Берлине.Фото: REUTERS 
Как пишет газета Bild, погибли минимум 9 человек, еще 50 получили ранения. Место трагедии оцеплено полицией, к нему стягиваются происшествия машины скорой помощи. Ярмарка закрыта. Журнал Spiegel со ссылкой на полицию передает, что это теракт. Водителя чуть позже задержали. По предварительной информации, с ним был сообщник, но тот, скорее всего, погиб при задержании. 
Грузовик проехал полсотни метров по рождественской ярмарке.Фото: REUTERS 
КОММЕНТАРИЙ ЭКСПЕРТА 
Роман СИЛАНТЬЕВ, исламовед: &quot; В праздники террористы активизируются &quot; 
- Пока сложно говорить, что оба сегодняшних теракта связаны. Но &quot; Исламское государство &quot; (запрещена в России - Ред.) специализируется на параллельных терактах, это их стиль. В любом случае надо быть готовыми к тому, что к праздникам террористическая активность может только возрастать. Это лучшее время для атак экстремистов, когда народ участвует в массовых мероприятиях, отдыхает и расслаблен. К тому же во время праздников сложнее обеспечить безопасность. Что касается польских номеров грузовика, то здесь никакой подоплеки искать нет смысла - террористы арендуют машины и номера могут быть любыми. 
Внутри машины были два человека - один погиб, а второй был позднее задержан.Фото: REUTERS 
В Берлине грузовик врезался в толпу на рождественском рынке. Очевидец: &quot; Мы на площади у церкви. Грузовик врезался в рождественскую ярмарку. Уничтожил несколько палаток. Люди ранены. Все больше машин скорой помощи и полиции приезжает сюда. Раненые лежат на дороге. Мы пытаемся понять, что произошло. Это ужасная картина &quot;. 
ОФИЦИАЛЬНО 
На контроле у Меркель 
- Мы скорбим по погибшим. Надеемся, что раненые быстро получат помощь, - написал в Твиттере официальный представитель канцлера ФРГ Штефан Зайберт. 
По его словам, Ангела Меркель в настоящее время находится на связи с правоохранительными органами и мэром Берлина. 
Минимум 9 человек погибли, еще 50 получили раненияФото: REUTERS 
Градоначальник, в свою очередь, заверяет, что ситуация под контролем. 
В Берлине грузовик врезался в толпу на рождественском рынке. Очевидец: &quot; Мы на площади у церкви. Грузовик врезался в рождественскую ярмарку. Уничтожил несколько палаток. Люди ранены. Все больше машин скорой помощи и полиции приезжает сюда. Раненые лежат на дороге. Мы пытаемся понять, что произошло. Это ужасная картина &quot;.
</post>
<signature>

</signature>
<external_links>

</external_links>
<country>RU</country>
<main_image>http://rostovnadonu.bezformata.ru/content/image223121341.jpg</main_image>
</document>
