<?xml version="1.0" encoding="UTF-8"?>
<document>
<type>mainstream</type>
<forum>http://www.doolnews.com/feed/</forum>
<forum_title>doolnews.com | Kerala&apos;s No1 News Portal</forum_title>
<discussion_title>നാളെ മുതല്‍ സി.ഡി.എം മെഷീനുകളില്‍ പണം നിക്ഷേപിക്കാനാവില്ല; സി.ഡി.എമ്മുകളുടെ പ്രവര്‍ത്തനം എസ്.ബി.ടി നിര്‍ത്തിവെച്ചു</discussion_title>
<language>malayalam</language>
<gmt_offset></gmt_offset>
<topic_url>http://www.doolnews.com/rbi-asks-bank-to-stop-cdm258.html</topic_url>
<topic_text>
നാളെ മുതല്‍ സി.ഡി.എം മെഷീനുകളില്‍ പണം നിക്ഷേപിക്കാനാവില്ല; സി.ഡി.എമ്മുകളുടെ പ്രവര്‍ത്തനം എസ്.ബി.ടി നിര്‍ത്തിവെച്ചു 19th December 2016 ബാങ്കുകളില്‍ പഴയ നോട്ടുകള്‍ നിക്ഷേപിക്കുന്നതിന് കടുത്ത നിയന്ത്രണം ഏര്‍പ്പെടുത്തിയതിന് പിന്നാലെയാണ് സി.ഡി.എം മെഷീനുകളുടെ പ്രവര്‍ത്തനം നിര്‍ത്തിവെക്കാനുള്ള റിസര്‍വ് ബാങ്കിന്റെ നിര്‍ദേശം. 
ന്യൂദല്‍ഹി: നാളെ മുതല്‍ ക്യാഷ് ഡെപോസിറ്റ് മെഷീനുകള്‍ വഴി (സി.ഡി.എം) പണം ഇടാന്‍ അനുവദിക്കരുതെന്ന് ബാങ്കുകള്‍ക്ക് റിസര്‍വ് ബാങ്കിന്റെ നിര്‍ദേശം. ഉത്തരവിന്റെ ഭാഗമായി ഇന്ന് വൈകീട്ട് മുതല്‍ സി.ഡി.എം മെഷീനുകളുടെ പ്രവര്‍ത്തനം എസ്.ബി.ടി നിര്‍ത്തി വെച്ചിട്ടുണ്ട്. 
ബാങ്കുകളില്‍ പഴയ നോട്ടുകള്‍ നിക്ഷേപിക്കുന്നതിന് കടുത്ത നിയന്ത്രണം ഏര്‍പ്പെടുത്തിയതിന് പിന്നാലെയാണ് സി.ഡി.എം മെഷീനുകളുടെ പ്രവര്‍ത്തനം നിര്‍ത്തിവെക്കാനുള്ള റിസര്‍വ് ബാങ്കിന്റെ നിര്‍ദേശം. 
നിരോധിച്ച നോട്ടുകള്‍ മാറിയെടുക്കാനുള്ള അവസാന തീയ്യതി ഡിസംബര്‍ 30 വരെ ആണെന്നിരിക്കെയാണ് നിക്ഷേപത്തിനും കേന്ദ്രസര്‍ക്കാര്‍ നിയന്ത്രണം കൊണ്ടുവന്നിരുന്നത്. 5000 രൂപയിലധികം വരുന്ന അസാധു നോട്ടുകള്‍ ഇനി ഒറ്റത്തവണ മാത്രമാണ് ബാങ്കുകളില്‍ നിക്ഷേപിക്കാനാവുക. 
നിലവില്‍ അക്കൗണ്ട് നിക്ഷേപങ്ങള്‍ക്ക് പരിധി ഏര്‍പ്പെടുത്തിയിരുന്നില്ല. പഴയ നോട്ടുകളടക്കം എത്ര രൂപ വേണമെങ്കിലും അക്കൗണ്ടിലിടാമായിരുന്നു. എന്നാല്‍ ബാങ്ക് അക്കൗണ്ടുകളില്‍ വ്യാപകമായി കള്ളപ്പണം നിക്ഷേപിക്കുന്നത് ശ്രദ്ധയില്‍പ്പെട്ടതിനെ തുടര്‍ന്നാണ് കര്‍ശന നിയന്ത്രണം ഏര്‍പ്പെടുത്തിയിരിക്കുന്നതെന്നാണ് സര്‍ക്കാര്‍ പറയുന്ന ന്യായം. 
5000 രൂപയില്‍ കൂടുതല്‍ നിക്ഷേപിക്കാനെത്തുന്നവര്‍ ഇത്രയും നാളും എന്തുകൊണ്ടാണ് നിക്ഷേപിക്കാതിരുന്നതെന്ന വിശദീകരണം നല്‍കേണ്ടിവരും. ഇത് തൃപ്തിപ്പെടുത്തുന്നതാണെങ്കില്‍ മാത്രമേ പണം അക്കൗണ്ടില്‍ നിക്ഷേപിക്കൂ. 
കെ.വൈ.സി മാനദണ്ഡങ്ങള്‍ പാലിച്ച അക്കൗണ്ടുകളില്‍ മാത്രമേ ഇത്തരത്തില്‍ പണം ഇടാനാകൂവെന്നും കേന്ദ്രം നിര്‍ദേശിക്കുന്നു. സംശയമുണ്ടെങ്കില്‍ ബാങ്ക് ജീവനക്കാര്‍ക്ക് നിക്ഷേപകരെ ചോദ്യം ചെയ്യാമെന്നും പുതിയ ഉത്തരവില്‍ പറയുന്നു. Read more: മാവോയിസമെന്ന ഇന്റലക്ച്വല്‍ ബഫൂണിസത്തോട് 
സ്വകാര്യപൊതുമേഖലസഹകരണ ബാങ്കുകള്‍ക്ക് ഈ ഉത്തരവ് ബാധകമായിരിക്കും. എന്നാല്‍, ‘പ്രധാന്‍മന്ത്രി ഗരീബ് കല്യാണ്‍ യോജന’ പദ്ധതിയിലേക്ക് നിക്ഷേപിക്കുന്നതിന് പരിധികളില്ല. 
പഴയ നോട്ടുകളുടെ നിക്ഷേപത്തിന് ഇനി ചുരുങ്ങിയ ദിവസം മാത്രം ബാക്കി നില്‍ക്കെയാണ് നിരോധിത നോട്ടുകളുടെ 5000ല്‍ താഴെ ചെറിയ തുകകള്‍ മാത്രമേ ഇനി ഒറ്റയടിക്ക് നിക്ഷേപിക്കാന്‍ കഴിയുകയുള്ളുവെന്ന് വ്യക്തമാക്കി സര്‍ക്കാര്‍ രംഗത്തെത്തിയത്. 
നവംബര്‍ 8 ന് ശേഷം അസാധവാക്കിയ തുകകള്‍ 2.5 ലക്ഷം രൂപ വരെ ഉറവിടം വെളിപ്പെടുത്താതെ അക്കൗണ്ടുകളില്‍ നിക്ഷേപിക്കാമെന്ന് സര്‍ക്കാര്‍ പറഞ്ഞിരുന്നു. എന്നാല്‍ ഇന്നാണ് പുതിയ ഉത്തരവുമായി റിസര്‍വ് ബാങ്ക് രംഗത്തെത്തിയത്.
</topic_text>
<spam_score>0.00</spam_score>
<post_num>1</post_num>
<post_id>post-1</post_id>
<post_url>http://www.doolnews.com/rbi-asks-bank-to-stop-cdm258.html</post_url>
<post_date>20161219</post_date>
<post_time>1321</post_time>
<username>editor</username>
<post>
നാളെ മുതല്‍ സി.ഡി.എം മെഷീനുകളില്‍ പണം നിക്ഷേപിക്കാനാവില്ല; സി.ഡി.എമ്മുകളുടെ പ്രവര്‍ത്തനം എസ്.ബി.ടി നിര്‍ത്തിവെച്ചു 19th December 2016 ബാങ്കുകളില്‍ പഴയ നോട്ടുകള്‍ നിക്ഷേപിക്കുന്നതിന് കടുത്ത നിയന്ത്രണം ഏര്‍പ്പെടുത്തിയതിന് പിന്നാലെയാണ് സി.ഡി.എം മെഷീനുകളുടെ പ്രവര്‍ത്തനം നിര്‍ത്തിവെക്കാനുള്ള റിസര്‍വ് ബാങ്കിന്റെ നിര്‍ദേശം. 
ന്യൂദല്‍ഹി: നാളെ മുതല്‍ ക്യാഷ് ഡെപോസിറ്റ് മെഷീനുകള്‍ വഴി (സി.ഡി.എം) പണം ഇടാന്‍ അനുവദിക്കരുതെന്ന് ബാങ്കുകള്‍ക്ക് റിസര്‍വ് ബാങ്കിന്റെ നിര്‍ദേശം. ഉത്തരവിന്റെ ഭാഗമായി ഇന്ന് വൈകീട്ട് മുതല്‍ സി.ഡി.എം മെഷീനുകളുടെ പ്രവര്‍ത്തനം എസ്.ബി.ടി നിര്‍ത്തി വെച്ചിട്ടുണ്ട്. 
ബാങ്കുകളില്‍ പഴയ നോട്ടുകള്‍ നിക്ഷേപിക്കുന്നതിന് കടുത്ത നിയന്ത്രണം ഏര്‍പ്പെടുത്തിയതിന് പിന്നാലെയാണ് സി.ഡി.എം മെഷീനുകളുടെ പ്രവര്‍ത്തനം നിര്‍ത്തിവെക്കാനുള്ള റിസര്‍വ് ബാങ്കിന്റെ നിര്‍ദേശം. 
നിരോധിച്ച നോട്ടുകള്‍ മാറിയെടുക്കാനുള്ള അവസാന തീയ്യതി ഡിസംബര്‍ 30 വരെ ആണെന്നിരിക്കെയാണ് നിക്ഷേപത്തിനും കേന്ദ്രസര്‍ക്കാര്‍ നിയന്ത്രണം കൊണ്ടുവന്നിരുന്നത്. 5000 രൂപയിലധികം വരുന്ന അസാധു നോട്ടുകള്‍ ഇനി ഒറ്റത്തവണ മാത്രമാണ് ബാങ്കുകളില്‍ നിക്ഷേപിക്കാനാവുക. 
നിലവില്‍ അക്കൗണ്ട് നിക്ഷേപങ്ങള്‍ക്ക് പരിധി ഏര്‍പ്പെടുത്തിയിരുന്നില്ല. പഴയ നോട്ടുകളടക്കം എത്ര രൂപ വേണമെങ്കിലും അക്കൗണ്ടിലിടാമായിരുന്നു. എന്നാല്‍ ബാങ്ക് അക്കൗണ്ടുകളില്‍ വ്യാപകമായി കള്ളപ്പണം നിക്ഷേപിക്കുന്നത് ശ്രദ്ധയില്‍പ്പെട്ടതിനെ തുടര്‍ന്നാണ് കര്‍ശന നിയന്ത്രണം ഏര്‍പ്പെടുത്തിയിരിക്കുന്നതെന്നാണ് സര്‍ക്കാര്‍ പറയുന്ന ന്യായം. 
5000 രൂപയില്‍ കൂടുതല്‍ നിക്ഷേപിക്കാനെത്തുന്നവര്‍ ഇത്രയും നാളും എന്തുകൊണ്ടാണ് നിക്ഷേപിക്കാതിരുന്നതെന്ന വിശദീകരണം നല്‍കേണ്ടിവരും. ഇത് തൃപ്തിപ്പെടുത്തുന്നതാണെങ്കില്‍ മാത്രമേ പണം അക്കൗണ്ടില്‍ നിക്ഷേപിക്കൂ. 
കെ.വൈ.സി മാനദണ്ഡങ്ങള്‍ പാലിച്ച അക്കൗണ്ടുകളില്‍ മാത്രമേ ഇത്തരത്തില്‍ പണം ഇടാനാകൂവെന്നും കേന്ദ്രം നിര്‍ദേശിക്കുന്നു. സംശയമുണ്ടെങ്കില്‍ ബാങ്ക് ജീവനക്കാര്‍ക്ക് നിക്ഷേപകരെ ചോദ്യം ചെയ്യാമെന്നും പുതിയ ഉത്തരവില്‍ പറയുന്നു. Read more: മാവോയിസമെന്ന ഇന്റലക്ച്വല്‍ ബഫൂണിസത്തോട് 
സ്വകാര്യപൊതുമേഖലസഹകരണ ബാങ്കുകള്‍ക്ക് ഈ ഉത്തരവ് ബാധകമായിരിക്കും. എന്നാല്‍, ‘പ്രധാന്‍മന്ത്രി ഗരീബ് കല്യാണ്‍ യോജന’ പദ്ധതിയിലേക്ക് നിക്ഷേപിക്കുന്നതിന് പരിധികളില്ല. 
പഴയ നോട്ടുകളുടെ നിക്ഷേപത്തിന് ഇനി ചുരുങ്ങിയ ദിവസം മാത്രം ബാക്കി നില്‍ക്കെയാണ് നിരോധിത നോട്ടുകളുടെ 5000ല്‍ താഴെ ചെറിയ തുകകള്‍ മാത്രമേ ഇനി ഒറ്റയടിക്ക് നിക്ഷേപിക്കാന്‍ കഴിയുകയുള്ളുവെന്ന് വ്യക്തമാക്കി സര്‍ക്കാര്‍ രംഗത്തെത്തിയത്. 
നവംബര്‍ 8 ന് ശേഷം അസാധവാക്കിയ തുകകള്‍ 2.5 ലക്ഷം രൂപ വരെ ഉറവിടം വെളിപ്പെടുത്താതെ അക്കൗണ്ടുകളില്‍ നിക്ഷേപിക്കാമെന്ന് സര്‍ക്കാര്‍ പറഞ്ഞിരുന്നു. എന്നാല്‍ ഇന്നാണ് പുതിയ ഉത്തരവുമായി റിസര്‍വ് ബാങ്ക് രംഗത്തെത്തിയത്.
</post>
<signature>

</signature>
<external_links>

</external_links>
<country>US</country>
<main_image>http://www.doolnews.com/wp-content/uploads/2016/12/CDM.png</main_image>
</document>
