<?xml version="1.0" encoding="UTF-8"?>
<document>
<type>mainstream</type>
<forum>http://finance.qq.com</forum>
<forum_title>财经频道_腾讯网</forum_title>
<discussion_title>澳大利亚夫妇投资1.5万澳元买房 6年后成千万富翁_频道_腾讯网</discussion_title>
<language>chinese</language>
<gmt_offset>6</gmt_offset>
<topic_url>http://money.qq.com/a/20161220/003999.htm</topic_url>
<topic_text>
澳大利亚夫妇投资1.5万澳元买房 6年后成千万富翁
</topic_text>
<spam_score>0.20</spam_score>
<post_num>1</post_num>
<post_id>post-1</post_id>
<post_url>http://money.qq.com/a/20161220/003999.htm</post_url>
<post_date>20161220</post_date>
<post_time>0722</post_time>
<username>qq.com</username>
<post>
澳大利亚夫妇投资1.5万澳元买房 6年后成千万富翁
</post>
<signature>

</signature>
<external_links>

</external_links>
<country>CN</country>
<main_image></main_image>
</document>
