<?xml version="1.0" encoding="UTF-8"?>
<document>
<type>mainstream</type>
<forum>http://wirtualnemedia.pl/rss/wm_prasa.xml</forum>
<forum_title>www.wirtualnemedia.pl - Prasa</forum_title>
<discussion_title>„National Geographic” z najwyższą sprzedażą wśród miesięczników podróżniczych. „Podróże” do góry</discussion_title>
<language>polish</language>
<gmt_offset></gmt_offset>
<topic_url>http://www.wirtualnemedia.pl/artykul/national-geographic-z-najwyzsza-sprzedaza-wsrod-miesiecznikow-podrozniczych-podroze-do-gory</topic_url>
<topic_text>
0   
Jak wynika z danych Związku Kontroli Dystrybucji Prasy opracowanych przez portal Wirtualnemedia.pl, średnia sprzedaż ogółem miesięcznika „National Geographic Polska” (Grupa Burda) w pierwszych trzech kwartałach 2016 roku wyniosła 30 735 egz. Była ona o 7,93 proc. niższa, niż w analogicznym okresie rok wcześniej. 
&gt;&gt;&gt; Przeglądaj okładki gazet i magazynów w naszym dziale Jedynki 
Na drugim miejscu znalazł się także wydawany przez Burdę „NG Traveler”. Sprzedał się on średnio w liczbie 20 985 egz., po spadku w skali roku o 5,14 proc. 
Trzecią pozycję zajął miesięcznik „Podróże” (ZPR Media). Jego wynik sprzedażowy w analizowanym okresie zwiększył się o 4,36 proc. i uplasował się na poziomie 10 046 egz. Jednocześnie był to jedyny wzrost w zestawieniu. 
Z kolei najwięcej stracił, plasujący się tuż za podium magazyn „Voyage” (Marquard Media Polska). Jego średnia sprzedaż ogółem w badanym okresie zmalała o 25,09 proc. i wyniosła 4 067 egz. Tytuł ten ukazywał się do marca br. ZKDP
</topic_text>
<spam_score>0.00</spam_score>
<post_num>1</post_num>
<post_id>post-1</post_id>
<post_url>http://www.wirtualnemedia.pl/artykul/national-geographic-z-najwyzsza-sprzedaza-wsrod-miesiecznikow-podrozniczych-podroze-do-gory</post_url>
<post_date>20161220</post_date>
<post_time>1900</post_time>
<username></username>
<post>
0   
Jak wynika z danych Związku Kontroli Dystrybucji Prasy opracowanych przez portal Wirtualnemedia.pl, średnia sprzedaż ogółem miesięcznika „National Geographic Polska” (Grupa Burda) w pierwszych trzech kwartałach 2016 roku wyniosła 30 735 egz. Była ona o 7,93 proc. niższa, niż w analogicznym okresie rok wcześniej. 
&gt;&gt;&gt; Przeglądaj okładki gazet i magazynów w naszym dziale Jedynki 
Na drugim miejscu znalazł się także wydawany przez Burdę „NG Traveler”. Sprzedał się on średnio w liczbie 20 985 egz., po spadku w skali roku o 5,14 proc. 
Trzecią pozycję zajął miesięcznik „Podróże” (ZPR Media). Jego wynik sprzedażowy w analizowanym okresie zwiększył się o 4,36 proc. i uplasował się na poziomie 10 046 egz. Jednocześnie był to jedyny wzrost w zestawieniu. 
Z kolei najwięcej stracił, plasujący się tuż za podium magazyn „Voyage” (Marquard Media Polska). Jego średnia sprzedaż ogółem w badanym okresie zmalała o 25,09 proc. i wyniosła 4 067 egz. Tytuł ten ukazywał się do marca br. ZKDP
</post>
<signature>

</signature>
<external_links>

</external_links>
<country>PL</country>
<main_image>http://static.wirtualnemedia.pl/media/top/dominikana2015655.jpg</main_image>
</document>
