<?xml version="1.0" encoding="UTF-8"?>
<document>
<type>mainstream</type>
<forum>http://rostovnadonu.bezformata.ru/rss.xml</forum>
<forum_title>Новости города БезФормата.Ru Ростовская область Ростов-на-Дону</forum_title>
<discussion_title>В городе Волгодонске сотрудники уголовного розыска раскрыли кражу барсетки</discussion_title>
<language>russian</language>
<gmt_offset></gmt_offset>
<topic_url>http://rostovnadonu.bezformata.ru/listnews/volgodonske-sotrudniki-ugolovnogo-roziska/53373700/</topic_url>
<topic_text>
Задать вопрос? В городе Волгодонске сотрудники уголовного розыска раскрыли кражу барсетки 
В отдел полиции № 1 МУ МВД России « Волгодонское » поступило сообщение от местного жителя о пропаже его барсетки с денежными средствами. Мужчина пояснил, что гулял вместе с семьей в парке, положил вещи на скамейку, а вскоре не обнаружил их на месте. Сумма ущерба составила около 15 тысяч рублей. 
В ходе проведенных оперативно-разыскных мероприятий сотрудники уголовного розыска установили и задержали подозреваемого. Им оказался 27-летний житель Волгодонска. Полицейские выяснили, что ранее задержанный уже привлекался к уголовной ответственности за кражу. 
В отношении гражданина возбуждено уголовное дело по признакам состава преступления, предусмотренного частью 2 статьи 158 Уголовного кодекса Российской Федерации « Кража », ему избрана мера пресечения в виде заключения под стражу. 
Пресс-служба ГУ МВД России по Ростовской области
</topic_text>
<spam_score>0.00</spam_score>
<post_num>1</post_num>
<post_id>post-1</post_id>
<post_url>http://rostovnadonu.bezformata.ru/listnews/volgodonske-sotrudniki-ugolovnogo-roziska/53373700/</post_url>
<post_date>20161219</post_date>
<post_time>1937</post_time>
<username></username>
<post>
Задать вопрос? В городе Волгодонске сотрудники уголовного розыска раскрыли кражу барсетки 
В отдел полиции № 1 МУ МВД России « Волгодонское » поступило сообщение от местного жителя о пропаже его барсетки с денежными средствами. Мужчина пояснил, что гулял вместе с семьей в парке, положил вещи на скамейку, а вскоре не обнаружил их на месте. Сумма ущерба составила около 15 тысяч рублей. 
В ходе проведенных оперативно-разыскных мероприятий сотрудники уголовного розыска установили и задержали подозреваемого. Им оказался 27-летний житель Волгодонска. Полицейские выяснили, что ранее задержанный уже привлекался к уголовной ответственности за кражу. 
В отношении гражданина возбуждено уголовное дело по признакам состава преступления, предусмотренного частью 2 статьи 158 Уголовного кодекса Российской Федерации « Кража », ему избрана мера пресечения в виде заключения под стражу. 
Пресс-служба ГУ МВД России по Ростовской области
</post>
<signature>

</signature>
<external_links>

</external_links>
<country>RU</country>
<main_image></main_image>
</document>
