<?xml version="1.0" encoding="UTF-8"?>
<document>
<type>mainstream</type>
<forum>http://qctimes.com/search/?f=rss&amp;t=article&amp;c=entertainment/music&amp;l=25&amp;s=start_time&amp;sd=desc</forum>
<forum_title>qctimes.com - RSS Results in entertainment/music of type article</forum_title>
<discussion_title>The top 10 songs and albums on the iTunes Store</discussion_title>
<language>english</language>
<gmt_offset></gmt_offset>
<topic_url>http://qctimes.com/entertainment/the-top-songs-and-albums-on-the-itunes-store/article_863e0b16-fb6a-5803-8836-9a1f5d8b5784.html</topic_url>
<topic_text>
The top 10 songs and albums on the iTunes Store By The Associated Press 
iTunes&apos; Official Music Charts for the week ending December 15, 2016: 
Top Songs 
1. I Don&apos;t Wanna Live Forever (Fifty Shades Darker), ZAYN &amp; Taylor Swift 
2. 24K Magic, Bruno Mars 
3. Starboy (feat. Daft Punk), The Weeknd 
4. Black Beatles (feat. Gucci Mane), Rae Sremmurd 
5. Darlin&apos; Don&apos;t Go, Sundance Head 
6. Just Hold On, Steve Aoki &amp; Louis Tomlinson 
7. At Last, Sundance Head 
8. Hallelujah, Pentatonix 
9. Starving (feat. Zedd), Hailee Steinfeld &amp; Grey 
10. Bad Things, Machine Gun Kelly &amp; Camila Cabello 
Top Albums 
1. 4 Your Eyez Only, J. Cole 
2. A Pentatonix Christmas, Pentatonix 
3. 24K Magic, Bruno Mars Get the Weekender Newsletter 
Plan your weekend with our hand-picked list of the Quad Cities&apos; best bets for entertainment. Sign Up! 
Plan your weekend with our hand-picked list of the Quad Cities&apos; best bets for entertainment.   
4. That&apos;s Christmas To Me, Pentatonix 
5. Starboy, The Weeknd
</topic_text>
<spam_score>0.00</spam_score>
<post_num>1</post_num>
<post_id>post-1</post_id>
<post_url>http://qctimes.com/entertainment/the-top-songs-and-albums-on-the-itunes-store/article_863e0b16-fb6a-5803-8836-9a1f5d8b5784.html</post_url>
<post_date>20161216</post_date>
<post_time>2055</post_time>
<username>The Associated Press</username>
<post>
The top 10 songs and albums on the iTunes Store By The Associated Press 
iTunes&apos; Official Music Charts for the week ending December 15, 2016: 
Top Songs 
1. I Don&apos;t Wanna Live Forever (Fifty Shades Darker), ZAYN &amp; Taylor Swift 
2. 24K Magic, Bruno Mars 
3. Starboy (feat. Daft Punk), The Weeknd 
4. Black Beatles (feat. Gucci Mane), Rae Sremmurd 
5. Darlin&apos; Don&apos;t Go, Sundance Head 
6. Just Hold On, Steve Aoki &amp; Louis Tomlinson 
7. At Last, Sundance Head 
8. Hallelujah, Pentatonix 
9. Starving (feat. Zedd), Hailee Steinfeld &amp; Grey 
10. Bad Things, Machine Gun Kelly &amp; Camila Cabello 
Top Albums 
1. 4 Your Eyez Only, J. Cole 
2. A Pentatonix Christmas, Pentatonix 
3. 24K Magic, Bruno Mars Get the Weekender Newsletter 
Plan your weekend with our hand-picked list of the Quad Cities&apos; best bets for entertainment. Sign Up! 
Plan your weekend with our hand-picked list of the Quad Cities&apos; best bets for entertainment.   
4. That&apos;s Christmas To Me, Pentatonix 
5. Starboy, The Weeknd
</post>
<signature>

</signature>
<external_links>

</external_links>
<country>US</country>
<main_image></main_image>
</document>
