<?xml version="1.0" encoding="UTF-8"?>
<document>
<type>mainstream</type>
<forum>http://www.businesswire.com//portal/site/home/template.PAGE/news/?javax.portlet.tpst=ccf123a93466ea4c882a06a9149550fd&amp;javax.portlet.prp_ccf123a93466ea4c882a06a9149550fd_viewID=MY_PORTAL_VIEW&amp;javax.portlet.prp_ccf123a93466ea4c882a06a9149550fd_ndmHsc=v2*A1479560400000*B1482192316177*DgroupByDate*G525*N1000003&amp;javax.portlet.begCacheTok=com.vignette.cachetoken&amp;javax.portlet.endCacheTok=com.vignette.cachetoken</forum>
<forum_title>All News | Business Wire</forum_title>
<discussion_title>Finnair Plc: Managers’ Transactions</discussion_title>
<language>english</language>
<gmt_offset>-6</gmt_offset>
<topic_url>http://www.businesswire.com/news/home/20161125005170/en/Finnair-Plc-Managers%E2%80%99-Transactions</topic_url>
<topic_text>
HELSINKI--( BUSINESS WIRE )--Regulatory News:
Finnair Plc (HEX:FIA1S), Managers’ Transactions, 25 November 2016 at 2:00 pm EET
Person subject to the notification requirement Name : Vähähyyppä, Pekka Natural person Position : Chief Financial Officer Initial notification Reference number : 213800SB6EOB8SSK9W63_20161125104454_2 Issuer Name : Finnair Plc LEI : 213800SB6EOB8SSK9W63 Transaction details Transaction date : 23.11.2016 Venue : Nasdaq Helsinki (XHEL) Nature of transaction: Acquisition Further details: Quarterly acquisition under the employee share savings plan Instrument : Share ISIN : FI0009003230 Volume : 482 Unit price : 4,14330 Euro
</topic_text>
<spam_score>0.00</spam_score>
<post_num>1</post_num>
<post_id>post-1</post_id>
<post_url>http://www.businesswire.com/news/home/20161125005170/en/Finnair-Plc-Managers%E2%80%99-Transactions</post_url>
<post_date>20161125</post_date>
<post_time>1241</post_time>
<username>http://www.businesswire.com/</username>
<post>
HELSINKI--( BUSINESS WIRE )--Regulatory News:
Finnair Plc (HEX:FIA1S), Managers’ Transactions, 25 November 2016 at 2:00 pm EET
Person subject to the notification requirement Name : Vähähyyppä, Pekka Natural person Position : Chief Financial Officer Initial notification Reference number : 213800SB6EOB8SSK9W63_20161125104454_2 Issuer Name : Finnair Plc LEI : 213800SB6EOB8SSK9W63 Transaction details Transaction date : 23.11.2016 Venue : Nasdaq Helsinki (XHEL) Nature of transaction: Acquisition Further details: Quarterly acquisition under the employee share savings plan Instrument : Share ISIN : FI0009003230 Volume : 482 Unit price : 4,14330 Euro
</post>
<signature>

</signature>
<external_links>

</external_links>
<country>US</country>
<main_image>http://www.businesswire.com/images/bwlogo_square.png</main_image>
</document>
