<?xml version="1.0" encoding="UTF-8"?>
<document>
<type>mainstream</type>
<forum>http://www.pernambuco.com/rss/rss_ultimas/</forum>
<forum_title>Últimas Notícias</forum_title>
<discussion_title>MP do Ensino Médio é inconstitucional, diz Janot</discussion_title>
<language>portuguese</language>
<gmt_offset></gmt_offset>
<topic_url>http://www.diariodepernambuco.com.br/app/noticia/brasil/2016/12/19/interna_brasil,680826/mp-do-ensino-medio-e-inconstitucional-diz-janot.shtml</topic_url>
<topic_text>
ONGs entregam jantar para moradores de rua na Praуa do Diario Avaliaусo MP do Ensino Mжdio ж inconstitucional, diz Janot PGR considera que &quot;Medida Provisзria, por seu prзprio rito abreviado, nсo ж instrumento adequado para reformas estruturais em polьticas pЩblicas, menos ainda em esfera crucial para o desenvolvimento do paьs, como ж a educaусo&quot; 
Por: 
  20:42 Atualizado em: O procurador-geral da República, Rodrigo Janot, enviou nesta segunda-feira ao Supremo Tribunal Federal (STF) parecer pela inconstitucionalidade da Medida Provisória (MP) 746/2016, que busca a reforma da ensino médio. A manifestação foi dada na Ação Direta de Inconstitucionalidade (ADI) 5599, proposta pelo PSOL. Para Janot, Medida Provisória, &apos;por seu próprio rito abreviado, não é instrumento adequado para reformas estruturais em políticas públicas, menos ainda em esfera crucial para o desenvolvimento do país, como é a educação&apos;. As informações foram divulgadas pela Assessoria de Comunicação Estratégica da Procuradoria-Geral da República. Segundo o PSOL, a norma viola os pressupostos exigidos pela Constituição para edição de Medidas Provisórias. O partido sustenta que seria &apos;cristalina a ausência do requisito constitucional da urgência, além de desrespeitar o acesso amplo à educação e dificultar a redução de desigualdades, ao promover verdadeiro retrocesso social&apos;. O procurador-geral concordou com os argumentos. Segundo Janot, &apos;há flagrante inobservância dos pressupostos de edição de medida provisória como urgência e pressuposto de provisoriedade de seus efeitos jurídicos&apos;. &quot;Demonstração concreta de faltar urgência para edição precipitada da norma está no fato de que, se aprovada pelo Congresso Nacional ainda em 2016, a reforma só será adotada nas escolas em 2018&quot;, argumenta Janot. O procurador destacou que a discussão da Base Nacional Comum Curricular &apos;é complexa e vem sendo feita de maneira participativa há anos, como deve ser, pois não se pode admitir que projeto dessa magnitude e relevância seja precipitado&apos;. De acordo com ele, o próprio Ministério da Educação demonstra em seu site &apos;a complexidade do projeto e a necessidade de participação democrática e amadurecimento&apos;. &quot;Não parece aceitável nem compatível com os princípios constitucionais da finalidade, da eficiência e até da razoabilidade que tal matéria, de forma abrupta, passe a ser objeto de normas contidas em medida provisória, que atropelam do dia para a noite esse esforço técnico e gerencial do próprio MEC em diálogo com numerosos especialistas e com a comunidade, ao longo de anos&quot;, assinala. O procurador-geral também aponta que a MP 746/2016 não atende ao requisito da provisoriedade. Ele explica que &apos;o desfazimento dos efeitos da concretização da reforma do ensino médio desenhada pela MP 746/2016 conduziria a grave situação de insegurança jurídica e a severos prejuízos pedagógicos e pessoais para toda a comunidade&apos;. Para Janot, mudanças a serem implantadas em sistema que envolve 28 redes públicas de ensino - União, Estados e Distrito Federal - e ampla rede privada &apos;precisam de amadurecimento, estabilidade e segurança jurídica, que o instrumento da medida provisória não pode conferir, por estar sujeito a alterações em curto espaço de tempo pelo Congresso Nacional&apos;. Inconstitucionalidade material - O procurador-geral da República ainda destaca a inconstitucionalidade material da Medida Provisória 746/2016. Para ele, a norma fere o direito fundamental à educação como preparo para a cidadania e para o trabalho, os princípios constitucionais da educação, em especial o da gestão democrática e as determinações da Constituição quanto à gestão colaborativa dos sistemas de ensino e quanto ao plano nacional de educação. O objetivo fundamental de redução das desigualdades regionais e o princípio da igualdade são igualmente violados, segundo o parecer de Janot. Entre as irregularidades apontadas no parecer, está&apos;a supressão indevida do ensino de Artes e Educação Física&apos;. Segundo o procurador-geral, artes e cultura são dimensões fundamentais para o pleno desenvolvimento humano, na medida em que aprimoram capacidades importantes como empatia, crítica, pensamento criativo e sensibilidade. &quot;Desse modo, a facultatividade prevista para o ensino da Arte viola, frontalmente, o artigo 206, II, pois, para largas porções de alunos, impedirá o exercício da liberdade de aprender &apos;o pensamento, a arte e o saber&apos;&quot;, sustenta. Sobre a Educação Física, o procurador assinala que também é conteúdo essencial aos processos de socialização e formação sadia do indivíduo. Ele explica que a medida provisória, no que se refere a Educação Física, fere o comando expresso do artigo 217 da Constituição, que torna &apos;dever do Estado fomentar praticas desportivas formais e não-formais&apos;. &quot;Ao dispensar os estabelecimentos de ensino médio de oferecer a disciplina, por torná-la facultativa, a norma atacada segue no sentido exatamente oposto do dever constitucional de fomento da atividade desportiva&quot;, argumenta Janot. O parecer ainda aborda &apos;outras irregularidades na proposta como a flexibilização na admissão de profissionais de educação, a supressão do ensino noturno e os itinerários formativos específicos&apos;. Janot comenta que, &apos;sem debate nem amadurecimento, bons propósitos podem comprometer seriamente todo o arcabouço legislativo relativo a educação&apos;. Segundo ele, &apos;tudo isso é, obviamente, incompatível com a urgência das medidas provisórias e esse requisito também influencia a tramitação do processo legislativo, que, pela própria concepção dessa espécie legislativa, deve ser expedita e encerrar-se em no máximo 120 dias&apos;. &quot;Esse prazo é inibidor de debates sérios, consistentes e aprofundados como os que o tema exige, impede que se convoquem os atores relevantes para apresentar suas perspectivas, experiências e objetivos. Compromete-se inevitavelmente a própria tomada de decisão em assunto absolutamente fundamental para o futuro do pais&quot;, conclui. Os comentрrios abaixo nсo representam a opiniсo do jornal Diario de Pernambuco; a responsabilidade ж do autor da mensagem. Polьcia
</topic_text>
<spam_score>0.00</spam_score>
<post_num>1</post_num>
<post_id>post-1</post_id>
<post_url>http://www.diariodepernambuco.com.br/app/noticia/brasil/2016/12/19/interna_brasil,680826/mp-do-ensino-medio-e-inconstitucional-diz-janot.shtml</post_url>
<post_date>20161219</post_date>
<post_time>2342</post_time>
<username></username>
<post>
ONGs entregam jantar para moradores de rua na Praуa do Diario Avaliaусo MP do Ensino Mжdio ж inconstitucional, diz Janot PGR considera que &quot;Medida Provisзria, por seu prзprio rito abreviado, nсo ж instrumento adequado para reformas estruturais em polьticas pЩblicas, menos ainda em esfera crucial para o desenvolvimento do paьs, como ж a educaусo&quot; 
Por: 
  20:42 Atualizado em: O procurador-geral da República, Rodrigo Janot, enviou nesta segunda-feira ao Supremo Tribunal Federal (STF) parecer pela inconstitucionalidade da Medida Provisória (MP) 746/2016, que busca a reforma da ensino médio. A manifestação foi dada na Ação Direta de Inconstitucionalidade (ADI) 5599, proposta pelo PSOL. Para Janot, Medida Provisória, &apos;por seu próprio rito abreviado, não é instrumento adequado para reformas estruturais em políticas públicas, menos ainda em esfera crucial para o desenvolvimento do país, como é a educação&apos;. As informações foram divulgadas pela Assessoria de Comunicação Estratégica da Procuradoria-Geral da República. Segundo o PSOL, a norma viola os pressupostos exigidos pela Constituição para edição de Medidas Provisórias. O partido sustenta que seria &apos;cristalina a ausência do requisito constitucional da urgência, além de desrespeitar o acesso amplo à educação e dificultar a redução de desigualdades, ao promover verdadeiro retrocesso social&apos;. O procurador-geral concordou com os argumentos. Segundo Janot, &apos;há flagrante inobservância dos pressupostos de edição de medida provisória como urgência e pressuposto de provisoriedade de seus efeitos jurídicos&apos;. &quot;Demonstração concreta de faltar urgência para edição precipitada da norma está no fato de que, se aprovada pelo Congresso Nacional ainda em 2016, a reforma só será adotada nas escolas em 2018&quot;, argumenta Janot. O procurador destacou que a discussão da Base Nacional Comum Curricular &apos;é complexa e vem sendo feita de maneira participativa há anos, como deve ser, pois não se pode admitir que projeto dessa magnitude e relevância seja precipitado&apos;. De acordo com ele, o próprio Ministério da Educação demonstra em seu site &apos;a complexidade do projeto e a necessidade de participação democrática e amadurecimento&apos;. &quot;Não parece aceitável nem compatível com os princípios constitucionais da finalidade, da eficiência e até da razoabilidade que tal matéria, de forma abrupta, passe a ser objeto de normas contidas em medida provisória, que atropelam do dia para a noite esse esforço técnico e gerencial do próprio MEC em diálogo com numerosos especialistas e com a comunidade, ao longo de anos&quot;, assinala. O procurador-geral também aponta que a MP 746/2016 não atende ao requisito da provisoriedade. Ele explica que &apos;o desfazimento dos efeitos da concretização da reforma do ensino médio desenhada pela MP 746/2016 conduziria a grave situação de insegurança jurídica e a severos prejuízos pedagógicos e pessoais para toda a comunidade&apos;. Para Janot, mudanças a serem implantadas em sistema que envolve 28 redes públicas de ensino - União, Estados e Distrito Federal - e ampla rede privada &apos;precisam de amadurecimento, estabilidade e segurança jurídica, que o instrumento da medida provisória não pode conferir, por estar sujeito a alterações em curto espaço de tempo pelo Congresso Nacional&apos;. Inconstitucionalidade material - O procurador-geral da República ainda destaca a inconstitucionalidade material da Medida Provisória 746/2016. Para ele, a norma fere o direito fundamental à educação como preparo para a cidadania e para o trabalho, os princípios constitucionais da educação, em especial o da gestão democrática e as determinações da Constituição quanto à gestão colaborativa dos sistemas de ensino e quanto ao plano nacional de educação. O objetivo fundamental de redução das desigualdades regionais e o princípio da igualdade são igualmente violados, segundo o parecer de Janot. Entre as irregularidades apontadas no parecer, está&apos;a supressão indevida do ensino de Artes e Educação Física&apos;. Segundo o procurador-geral, artes e cultura são dimensões fundamentais para o pleno desenvolvimento humano, na medida em que aprimoram capacidades importantes como empatia, crítica, pensamento criativo e sensibilidade. &quot;Desse modo, a facultatividade prevista para o ensino da Arte viola, frontalmente, o artigo 206, II, pois, para largas porções de alunos, impedirá o exercício da liberdade de aprender &apos;o pensamento, a arte e o saber&apos;&quot;, sustenta. Sobre a Educação Física, o procurador assinala que também é conteúdo essencial aos processos de socialização e formação sadia do indivíduo. Ele explica que a medida provisória, no que se refere a Educação Física, fere o comando expresso do artigo 217 da Constituição, que torna &apos;dever do Estado fomentar praticas desportivas formais e não-formais&apos;. &quot;Ao dispensar os estabelecimentos de ensino médio de oferecer a disciplina, por torná-la facultativa, a norma atacada segue no sentido exatamente oposto do dever constitucional de fomento da atividade desportiva&quot;, argumenta Janot. O parecer ainda aborda &apos;outras irregularidades na proposta como a flexibilização na admissão de profissionais de educação, a supressão do ensino noturno e os itinerários formativos específicos&apos;. Janot comenta que, &apos;sem debate nem amadurecimento, bons propósitos podem comprometer seriamente todo o arcabouço legislativo relativo a educação&apos;. Segundo ele, &apos;tudo isso é, obviamente, incompatível com a urgência das medidas provisórias e esse requisito também influencia a tramitação do processo legislativo, que, pela própria concepção dessa espécie legislativa, deve ser expedita e encerrar-se em no máximo 120 dias&apos;. &quot;Esse prazo é inibidor de debates sérios, consistentes e aprofundados como os que o tema exige, impede que se convoquem os atores relevantes para apresentar suas perspectivas, experiências e objetivos. Compromete-se inevitavelmente a própria tomada de decisão em assunto absolutamente fundamental para o futuro do pais&quot;, conclui. Os comentрrios abaixo nсo representam a opiniсo do jornal Diario de Pernambuco; a responsabilidade ж do autor da mensagem. Polьcia
</post>
<signature>

</signature>
<external_links>

</external_links>
<country></country>
<main_image>http://imgs.diariodepernambuco.com.br/diario/marca_dp_1200.png</main_image>
</document>
