<?xml version="1.0" encoding="UTF-8"?>
<document>
<type>mainstream</type>
<forum>http://astrakhan.arendator.ru/rss/bc_offers1.xml</forum>
<forum_title>Арендатор.ру | Аренда офисов</forum_title>
<discussion_title>Аренда офиса 1500 м² в офисном здании</discussion_title>
<language>russian</language>
<gmt_offset></gmt_offset>
<topic_url>http://www.arendator.ru/offers/494579/</topic_url>
<topic_text>
12 000 194 186   1 500 000 24 291 23 263   
Самое выгодное предложение в этом районе! Местоположение здания: Удобная транспортная доступность. В ближайшее время планируется открытие новой станции метро, в 2-х минутах ходьбы от бизнес-центра. Расположение блока: 1,2,3,4 этажи. Отделка: Выполнена стандартная офисная отделка. Планировка: Залы и кабинеты. Парковка: наземная охраняемая.  
</topic_text>
<spam_score>0.00</spam_score>
<post_num>1</post_num>
<post_id>post-1</post_id>
<post_url>http://www.arendator.ru/offers/494579/</post_url>
<post_date>20161219</post_date>
<post_time>2300</post_time>
<username></username>
<post>
12 000 194 186   1 500 000 24 291 23 263   
Самое выгодное предложение в этом районе! Местоположение здания: Удобная транспортная доступность. В ближайшее время планируется открытие новой станции метро, в 2-х минутах ходьбы от бизнес-центра. Расположение блока: 1,2,3,4 этажи. Отделка: Выполнена стандартная офисная отделка. Планировка: Залы и кабинеты. Парковка: наземная охраняемая.  
</post>
<signature>

</signature>
<external_links>

</external_links>
<country>RU</country>
<main_image></main_image>
</document>
