<?xml version="1.0" encoding="UTF-8"?>
<document>
<type>mainstream</type>
<forum>http://bonde.com.br//rss</forum>
<forum_title>Bonde. O seu portal</forum_title>
<discussion_title>Regularização Fundiária</discussion_title>
<language>portuguese</language>
<gmt_offset></gmt_offset>
<topic_url>http://www.bonde.com.br/bondenews/londrina/prefeitura-regulariza-imoveis-em-londrina-430175.html</topic_url>
<topic_text>
O prefeito de Londrina, Alexandre Kireeff, participa nesta segunda-feira (19) da entrega de 53 escrituras, do Programa de Regularização Fundiária, para moradores dos jardins Novo Perobal, União da Vitória I e II, Leste-Oeste, São Marcos e Franciscato I. A solenidade será às 17h30, na sede da Cohab-LD, na rua Pernambuco, 1.002. Kireeff ressaltou a importância de mais uma etapa do Programa de Regularização Fundiária. &quot;Estamos muito felizes por atender, em especial, os moradores da região leste. É um trabalho muito importante, que supera questões que se arrastaram por décadas, e que garante ao morador a efetiva propriedade do imóvel, o que até então se encontrava apenas em condição precária de posse&quot;, destacou. Amanhã, terça-feira (20), haverá nova entrega, também na sede da Cohab, às 17h30, de escrituras para os moradores dos seguintes bairros: Jardim Kobayashi, Itália Furlati Choucino, Felicidade, Monte Cristo, Primavera, Santa Fé, São Jorge, João Turquino, José Belinati e Vila Ricardo. Os lotes localizados nos jardins Novo Perobal, Kobayashi e Itália Furlati Choucino foram regularizados recentemente. Os demais lotes são remanescentes de regularizações concluídas anteriormente. Programa - O Programa de Regularização Fundiária tem como finalidade garantir o direito à moradia digna. A iniciativa consiste em identificar de quem é a posse da terra, para depois legitimá-la ou regularizá-la, mediante entrega da escritura de propriedade do lote. A atual administração já realizou, desde 2013, a titulação de 579 imóveis. Até o final de dezembro deste ano, terão sido regularizados 684 imóveis de Londrina. Abaixo, usuários do Facebook que interagiram com as notícias no Bonde
</topic_text>
<spam_score>0.00</spam_score>
<post_num>1</post_num>
<post_id>post-1</post_id>
<post_url>http://www.bonde.com.br/bondenews/londrina/prefeitura-regulariza-imoveis-em-londrina-430175.html</post_url>
<post_date>20161219</post_date>
<post_time>1943</post_time>
<username></username>
<post>
O prefeito de Londrina, Alexandre Kireeff, participa nesta segunda-feira (19) da entrega de 53 escrituras, do Programa de Regularização Fundiária, para moradores dos jardins Novo Perobal, União da Vitória I e II, Leste-Oeste, São Marcos e Franciscato I. A solenidade será às 17h30, na sede da Cohab-LD, na rua Pernambuco, 1.002. Kireeff ressaltou a importância de mais uma etapa do Programa de Regularização Fundiária. &quot;Estamos muito felizes por atender, em especial, os moradores da região leste. É um trabalho muito importante, que supera questões que se arrastaram por décadas, e que garante ao morador a efetiva propriedade do imóvel, o que até então se encontrava apenas em condição precária de posse&quot;, destacou. Amanhã, terça-feira (20), haverá nova entrega, também na sede da Cohab, às 17h30, de escrituras para os moradores dos seguintes bairros: Jardim Kobayashi, Itália Furlati Choucino, Felicidade, Monte Cristo, Primavera, Santa Fé, São Jorge, João Turquino, José Belinati e Vila Ricardo. Os lotes localizados nos jardins Novo Perobal, Kobayashi e Itália Furlati Choucino foram regularizados recentemente. Os demais lotes são remanescentes de regularizações concluídas anteriormente. Programa - O Programa de Regularização Fundiária tem como finalidade garantir o direito à moradia digna. A iniciativa consiste em identificar de quem é a posse da terra, para depois legitimá-la ou regularizá-la, mediante entrega da escritura de propriedade do lote. A atual administração já realizou, desde 2013, a titulação de 579 imóveis. Até o final de dezembro deste ano, terão sido regularizados 684 imóveis de Londrina. Abaixo, usuários do Facebook que interagiram com as notícias no Bonde
</post>
<signature>

</signature>
<external_links>

</external_links>
<country>BR</country>
<main_image>http://www.bonde.com.br/image_src/logo.jpg</main_image>
</document>
