<?xml version="1.0" encoding="UTF-8"?>
<document>
<type>mainstream</type>
<forum>http://rostovnadonu.bezformata.ru/rss.xml</forum>
<forum_title>Новости города БезФормата.Ru Ростовская область Ростов-на-Дону</forum_title>
<discussion_title>В загоревшемся ростовском лицее не сработала пожарная сигнализация</discussion_title>
<language>russian</language>
<gmt_offset></gmt_offset>
<topic_url>http://rostovnadonu.bezformata.ru/listnews/litcee-ne-srabotala-pozharnaya-signalizatciya/53372979/</topic_url>
<topic_text>
Задать вопрос? В загоревшемся ростовском лицее не сработала пожарная сигнализация 
Сегодня в Ростове из-за пожара эвакуировали школьников и учителей. Возгорание произошло в лицее номер 14 в крыле, где занимались ученики начальных классов. Было сильное задымление, детей спасали из окон второго этажа по пожарной лестнице. По счастливой случайности никто не пострадал, но дети и вызванные родители испытали настоящий шок. 
У первой смены закончились уроки. Младшеклассники собирались домой. Кто-то увидел, что в раздевалке что-то горит и по гимназии распространилась новость: пожар. Сигнализация почему-то не сработала. Но школьников начали выводить. В чём были: в тонких рубашках, кого-то в тапочках, кого-то даже босиком, в лучшем случае — туфлях и свитерах. Некоторым классам путь к выходу закрыл дым. 
«Взяли полотенца, закрыли рот, побежали, зашли в класс, пожарная подала лестницу и мы спустились», — рассказывает один из малышей. 
Напуганных детей пожарные передавали из рук в руки. И тех, кого только что спасли от огня, теперь приходилось спасать от мороза. Мамы и папы отдавали свои пальто и куртки и радовались что сегодня — всего минус четыре. Приехавшие на машинах — запускали в них детей. Некоторые укрылись от холода в пожарных автомобилях. Школьников отводили и в близлежащие здания, в том числе в радиодом «Дон-ТР». В это время пожарные боролись с огнём и дымом. Именно сильное задымление вызывало серьёзные опасения, к месту ЧП были стянуто 20 машин и более 70 специалистов. 
« В 13 часов 2 минуты на пульт пожарной охраны поступило сообщение о возгорании. Пожарные выехали по повышенному рангу, была проведена эвакуация школьников. В 13 часов 29 минут пожар удалось локализовать на площади 40 кв. метров », — говорит сотрудник пресс-службы главного управления МЧС России по Ростовской области Марина Чернявская. 
Полностью справиться с ситуацией удалось за час. Пострадавших, как уже точно известно, нет. Родители говорят: повезло, что была пересменка и многие мамы, папы и бабушки были у школы, вызвали МЧС и помогали в эвакуации. Почему не сработала сигнализация и как загорелось здание, выяснить еще предстоит. А пока у 14-го лицея начались досрочные каникулы. На завтра занятия отменили, но в управлении образования надеются восстановить здание еще до Нового года.
</topic_text>
<spam_score>0.00</spam_score>
<post_num>1</post_num>
<post_id>post-1</post_id>
<post_url>http://rostovnadonu.bezformata.ru/listnews/litcee-ne-srabotala-pozharnaya-signalizatciya/53372979/</post_url>
<post_date>20161219</post_date>
<post_time>1835</post_time>
<username></username>
<post>
Задать вопрос? В загоревшемся ростовском лицее не сработала пожарная сигнализация 
Сегодня в Ростове из-за пожара эвакуировали школьников и учителей. Возгорание произошло в лицее номер 14 в крыле, где занимались ученики начальных классов. Было сильное задымление, детей спасали из окон второго этажа по пожарной лестнице. По счастливой случайности никто не пострадал, но дети и вызванные родители испытали настоящий шок. 
У первой смены закончились уроки. Младшеклассники собирались домой. Кто-то увидел, что в раздевалке что-то горит и по гимназии распространилась новость: пожар. Сигнализация почему-то не сработала. Но школьников начали выводить. В чём были: в тонких рубашках, кого-то в тапочках, кого-то даже босиком, в лучшем случае — туфлях и свитерах. Некоторым классам путь к выходу закрыл дым. 
«Взяли полотенца, закрыли рот, побежали, зашли в класс, пожарная подала лестницу и мы спустились», — рассказывает один из малышей. 
Напуганных детей пожарные передавали из рук в руки. И тех, кого только что спасли от огня, теперь приходилось спасать от мороза. Мамы и папы отдавали свои пальто и куртки и радовались что сегодня — всего минус четыре. Приехавшие на машинах — запускали в них детей. Некоторые укрылись от холода в пожарных автомобилях. Школьников отводили и в близлежащие здания, в том числе в радиодом «Дон-ТР». В это время пожарные боролись с огнём и дымом. Именно сильное задымление вызывало серьёзные опасения, к месту ЧП были стянуто 20 машин и более 70 специалистов. 
« В 13 часов 2 минуты на пульт пожарной охраны поступило сообщение о возгорании. Пожарные выехали по повышенному рангу, была проведена эвакуация школьников. В 13 часов 29 минут пожар удалось локализовать на площади 40 кв. метров », — говорит сотрудник пресс-службы главного управления МЧС России по Ростовской области Марина Чернявская. 
Полностью справиться с ситуацией удалось за час. Пострадавших, как уже точно известно, нет. Родители говорят: повезло, что была пересменка и многие мамы, папы и бабушки были у школы, вызвали МЧС и помогали в эвакуации. Почему не сработала сигнализация и как загорелось здание, выяснить еще предстоит. А пока у 14-го лицея начались досрочные каникулы. На завтра занятия отменили, но в управлении образования надеются восстановить здание еще до Нового года.
</post>
<signature>

</signature>
<external_links>

</external_links>
<country>RU</country>
<main_image></main_image>
</document>
