<?xml version="1.0" encoding="UTF-8"?>
<document>
<type>mainstream</type>
<forum></forum>
<forum_title></forum_title>
<discussion_title>Larry returns with another hot Christmas gag</discussion_title>
<language>english</language>
<gmt_offset></gmt_offset>
<topic_url>https://au.tv.yahoo.com/the-morning-show/video/watch/33616079/larry-returns-with-another-hot-christmas-gag/</topic_url>
<topic_text>
Larry returns with another hot Christmas gag 
Be careful of your sides, because after hearing this joke, they might just split. Most Viewed 
</topic_text>
<spam_score>0.05</spam_score>
<post_num>1</post_num>
<post_id>post-1</post_id>
<post_url>https://au.tv.yahoo.com/the-morning-show/video/watch/33616079/larry-returns-with-another-hot-christmas-gag/</post_url>
<post_date>20161220</post_date>
<post_time></post_time>
<username>The Morning Show Published Mins Ago</username>
<post>
Larry returns with another hot Christmas gag 
Be careful of your sides, because after hearing this joke, they might just split. Most Viewed 
</post>
<signature>

</signature>
<external_links>

</external_links>
<country>US</country>
<main_image>https://s.yimg.com/iu/api/res/1.2/HcBj3w6R9g1kXtTe1Ltthg--/YXBwaWQ9eXZpZGVvO3c9MjYzO2g9MjAwO2R4PTg1O2R5PTE7Y3c9NDcyO2NoPTM1OTtxPTcwO3VsY3JvcDtyb3RhdGU9YXV0bw--/https://s.yimg.com/ea/img/-/161220/58586b2752040_33616079_2016_12_19t23_10_24.9z_640x360.jpg</main_image>
</document>
