<?xml version="1.0" encoding="UTF-8"?>
<document>
<type>mainstream</type>
<forum>http://whatsoninnorthyorks.co.uk/rss.php?mCatName=Films</forum>
<forum_title>What&apos;s On North Yorkshire, Films</forum_title>
<discussion_title>Sully: Miracle On The Hudson</discussion_title>
<language>english</language>
<gmt_offset></gmt_offset>
<topic_url>http://whatsoninnorthyorks.co.uk/event/sully-miracle-on-the-hudson/52718</topic_url>
<topic_text>
20-12-2016 : Times - 19:45 Sully: Miracle On The Hudson Comments 
Going to this event or want to tell you friends?, the comment box is a great way to let people know what you think about this event! Terms and conditions. By using the comments box you are agreeing to the following terms and conditions. You are responsible for the contents of your comments and any consequences that may arise as a result of them. Comments that contain any of the following will be deleted: terms considered explicit and inappropriate; defamatory, obscene, unlawful, harmful, or offensive.
</topic_text>
<spam_score>0.00</spam_score>
<post_num>1</post_num>
<post_id>post-1</post_id>
<post_url>http://whatsoninnorthyorks.co.uk/event/sully-miracle-on-the-hudson/52718</post_url>
<post_date>20161220</post_date>
<post_time>1200</post_time>
<username></username>
<post>
20-12-2016 : Times - 19:45 Sully: Miracle On The Hudson Comments 
Going to this event or want to tell you friends?, the comment box is a great way to let people know what you think about this event! Terms and conditions. By using the comments box you are agreeing to the following terms and conditions. You are responsible for the contents of your comments and any consequences that may arise as a result of them. Comments that contain any of the following will be deleted: terms considered explicit and inappropriate; defamatory, obscene, unlawful, harmful, or offensive.
</post>
<signature>

</signature>
<external_links>

</external_links>
<country>GB</country>
<main_image>http://whatsoninthenortheast.co.uk/images/whatson-filler.jpg</main_image>
</document>
