<?xml version="1.0" encoding="UTF-8"?>
<document>
<type>mainstream</type>
<forum>http://www.morgenpost.de/wirtschaft/steuern/</forum>
<forum_title>Steuern - Berliner Morgenpost</forum_title>
<discussion_title>Wahlmänner wählen Trump zum Präsidenten - Ausland</discussion_title>
<language>german</language>
<gmt_offset>1</gmt_offset>
<topic_url>http://www.morgenpost.de/politik/ausland/article209026379/Wahlmaenner-waehlen-Trump-zum-Praesidenten.html</topic_url>
<topic_text>
0 0 Washington. Donald Trump hat die Wahl zum US-Präsidenten endgültig für sich entschieden. Nachdem das Volk ihn am 8. November indirekt bereits zum neuen Staatsoberhaupt gemacht hatte, votierte auch das Wahlmänner-Gremium mit klarer Mehrheit für Trump.
Vage Hoffnungen von Trumps Kritikern, unter den Wahlleuten von Trumps Republikanern könnten sich ausreichend Abtrünnige finden, bewahrheiteten sich erwartungsgemäß nicht.
Das Ergebnis soll offiziell am 6. Januar im US-Kongress verkündet werden. Trump wird am 20. Januar im Rahmen einer feierlichen Zeremonie in Washington zum 45. Präsidenten der USA vereidigt werden.
Theoretisch wäre eine Entscheidung gegen Trump möglich gewesen - dazu hätten jedoch mindestens 37 Wahlleute gegen das Wahlergebnis ihres Bundesstaates votieren müssen. Dies wäre einzigartig in der US-Geschichte gewesen. Die meisten Wahlleute sind von den Gesetzen der Bundesstaaten und vom Regelwerk ihrer Partei in unterschiedlicher Strenge dem Wahlergebnis verpflichtet.
In vielen Staaten wurde die Abstimmung der Wahlleute von Anti-Trump-Protesten begleitet.
Interessengruppen hatten im Vorfeld teils massiv versucht, die Wahlleute mit Hilfe einer Flut persönlicher E-Mails oder Textnachrichten davon zu überzeugen, den umstrittenen Unternehmer noch im letzten Moment zu stoppen. Fünf Millionen Menschen unterzeichneten eine entsprechende Online-Petition.
Trump selbst reagierte auf Twitter energisch. &quot;Wenn meine vielen Anhänger genauso gehandelt und Leute bedroht hätten, wie diejenigen es machen, die die Wahl verloren haben, dann würden sie verachtet und fürchterlich beschimpft&quot;, schrieb er.
Die Trump-Gegner führten zwei Hauptargumente ins Feld. Zum einen hatten insgesamt 2,8 Millionen Amerikaner mehr für Hillary Clinton als für Trump gestimmt. Zum zweiten müssten erst Erkenntnisse der Geheimdienste untersucht werden, wonach Russland die Wahl im Sinne Trumps beeinflusst habe.
Trump selbst rühmte auf seiner letzten von mehreren Danksagungskundgebungen vor Zehntausenden Anhängern sein Wahlergebnis als &quot;Erdrutschsieg&quot;. Das entspricht nicht den Tatsachen. Von den letzten zehn Wahlergebnissen hat Trump eines der schlechtesten.
Noch im Wahlkampf hatte Trump die Institution des Electoral College (Wahlmännergremiums) scharf kritisiert. In seiner jüngsten Rede in Mobile (Alabama) bezeichnete er es als großartig.
In den USA wird der Präsident nicht direkt vom Volk gewählt. Die Wähler bestimmen in ihren Bundesstaaten die insgesamt 538 Wahlleute. Jeder Staat ist in etwa entsprechend seiner Bevölkerungszahl in dem Gremium repräsentiert. In den meisten Staaten gilt das Mehrheitswahlrecht, nach dem &quot;Winner Takes All&quot;-Prinzip. Deshalb gewinnt am Ende der Bewerber, der die meisten Wahlleute auf sich vereint, und nicht zwangsläufig derjenige, der die meisten Stimmen erhält.
( dpa ) Zur Startseite
</topic_text>
<spam_score>0.00</spam_score>
<post_num>1</post_num>
<post_id>post-1</post_id>
<post_url>http://www.morgenpost.de/politik/ausland/article209026379/Wahlmaenner-waehlen-Trump-zum-Praesidenten.html</post_url>
<post_date>20161220</post_date>
<post_time>0058</post_time>
<username>Morgenpost.de</username>
<post>
0 0 Washington. Donald Trump hat die Wahl zum US-Präsidenten endgültig für sich entschieden. Nachdem das Volk ihn am 8. November indirekt bereits zum neuen Staatsoberhaupt gemacht hatte, votierte auch das Wahlmänner-Gremium mit klarer Mehrheit für Trump.
Vage Hoffnungen von Trumps Kritikern, unter den Wahlleuten von Trumps Republikanern könnten sich ausreichend Abtrünnige finden, bewahrheiteten sich erwartungsgemäß nicht.
Das Ergebnis soll offiziell am 6. Januar im US-Kongress verkündet werden. Trump wird am 20. Januar im Rahmen einer feierlichen Zeremonie in Washington zum 45. Präsidenten der USA vereidigt werden.
Theoretisch wäre eine Entscheidung gegen Trump möglich gewesen - dazu hätten jedoch mindestens 37 Wahlleute gegen das Wahlergebnis ihres Bundesstaates votieren müssen. Dies wäre einzigartig in der US-Geschichte gewesen. Die meisten Wahlleute sind von den Gesetzen der Bundesstaaten und vom Regelwerk ihrer Partei in unterschiedlicher Strenge dem Wahlergebnis verpflichtet.
In vielen Staaten wurde die Abstimmung der Wahlleute von Anti-Trump-Protesten begleitet.
Interessengruppen hatten im Vorfeld teils massiv versucht, die Wahlleute mit Hilfe einer Flut persönlicher E-Mails oder Textnachrichten davon zu überzeugen, den umstrittenen Unternehmer noch im letzten Moment zu stoppen. Fünf Millionen Menschen unterzeichneten eine entsprechende Online-Petition.
Trump selbst reagierte auf Twitter energisch. &quot;Wenn meine vielen Anhänger genauso gehandelt und Leute bedroht hätten, wie diejenigen es machen, die die Wahl verloren haben, dann würden sie verachtet und fürchterlich beschimpft&quot;, schrieb er.
Die Trump-Gegner führten zwei Hauptargumente ins Feld. Zum einen hatten insgesamt 2,8 Millionen Amerikaner mehr für Hillary Clinton als für Trump gestimmt. Zum zweiten müssten erst Erkenntnisse der Geheimdienste untersucht werden, wonach Russland die Wahl im Sinne Trumps beeinflusst habe.
Trump selbst rühmte auf seiner letzten von mehreren Danksagungskundgebungen vor Zehntausenden Anhängern sein Wahlergebnis als &quot;Erdrutschsieg&quot;. Das entspricht nicht den Tatsachen. Von den letzten zehn Wahlergebnissen hat Trump eines der schlechtesten.
Noch im Wahlkampf hatte Trump die Institution des Electoral College (Wahlmännergremiums) scharf kritisiert. In seiner jüngsten Rede in Mobile (Alabama) bezeichnete er es als großartig.
In den USA wird der Präsident nicht direkt vom Volk gewählt. Die Wähler bestimmen in ihren Bundesstaaten die insgesamt 538 Wahlleute. Jeder Staat ist in etwa entsprechend seiner Bevölkerungszahl in dem Gremium repräsentiert. In den meisten Staaten gilt das Mehrheitswahlrecht, nach dem &quot;Winner Takes All&quot;-Prinzip. Deshalb gewinnt am Ende der Bewerber, der die meisten Wahlleute auf sich vereint, und nicht zwangsläufig derjenige, der die meisten Stimmen erhält.
( dpa ) Zur Startseite
</post>
<signature>

</signature>
<external_links>
<external_link>http://bm.met.vgwort.de/na/687a13f1195946d6af503b9dfc436a8c</external_link>
</external_links>
<country>DE</country>
<main_image>https://img.morgenpost.de/img/incoming/crop209026375/3832605120-w820-cv16_9-q85/Nicht-alle-US-Amerikaner-sind-mit-der-Wahl-des-neuen-Praesidenten-zufrieden.jpg</main_image>
</document>
