<?xml version="1.0" encoding="UTF-8"?>
<document>
<type>mainstream</type>
<forum>http://paginanoticias.com/topnewsRSS.php</forum>
<forum_title>Una Página de Noticias - titulares principales</forum_title>
<discussion_title>Copa Oro 2017: Dallas incluida por Concacaf entre las sedes</discussion_title>
<language>spanish</language>
<gmt_offset></gmt_offset>
<topic_url>http://www.paginanoticias.com/n/Mexico/759xp0lhf/Copa-Oro-2017-Dallas-incluida-por-Concacaf-entre.htm</topic_url>
<topic_text>
Copa Oro 2017: Dallas incluida por Concacaf entre las sedes   3 horas
</topic_text>
<spam_score>0.00</spam_score>
<post_num>1</post_num>
<post_id>post-1</post_id>
<post_url>http://www.paginanoticias.com/n/Mexico/759xp0lhf/Copa-Oro-2017-Dallas-incluida-por-Concacaf-entre.htm</post_url>
<post_date>20161219</post_date>
<post_time>2119</post_time>
<username></username>
<post>
Copa Oro 2017: Dallas incluida por Concacaf entre las sedes   3 horas
</post>
<signature>

</signature>
<external_links>

</external_links>
<country>US</country>
<main_image>http://cdnes.newsserve.net/ONPglobe128.png</main_image>
</document>
