<?xml version="1.0" encoding="UTF-8"?>
<document>
<type>mainstream</type>
<forum></forum>
<forum_title></forum_title>
<discussion_title>Aussie Hunger Games star makes mark in Hollywood</discussion_title>
<language>english</language>
<gmt_offset></gmt_offset>
<topic_url>https://au.tv.yahoo.com/the-morning-show/video/watch/33615739/aussie-hunger-games-star-makes-mark-in-hollywood/</topic_url>
<topic_text>
Aussie Hunger Games star makes mark in Hollywood 
The actress is back in town for a new Hunger Games exhibition. Most Viewed 
</topic_text>
<spam_score>0.83</spam_score>
<post_num>1</post_num>
<post_id>post-1</post_id>
<post_url>https://au.tv.yahoo.com/the-morning-show/video/watch/33615739/aussie-hunger-games-star-makes-mark-in-hollywood/</post_url>
<post_date>20161220</post_date>
<post_time></post_time>
<username>The Morning Show Published Mins Ago</username>
<post>
Aussie Hunger Games star makes mark in Hollywood 
The actress is back in town for a new Hunger Games exhibition. Most Viewed 
</post>
<signature>

</signature>
<external_links>

</external_links>
<country>AU</country>
<main_image>https://s.yimg.com/iu/api/res/1.2/0URGAJzFwGm152jIJrdj3g--/YXBwaWQ9eXZpZGVvO3c9MjYzO2g9MjAwO2R4PTg1O2R5PTE7Y3c9NDcyO2NoPTM1OTtxPTcwO3VsY3JvcDtyb3RhdGU9YXV0bw--/https://s.yimg.com/ea/img/-/161220/585865fa104e8_2016_12_19t22_38_19.733z_640x360.jpg</main_image>
</document>
