<?xml version="1.0" encoding="UTF-8"?>
<document>
<type>mainstream</type>
<forum>http://espresso.repubblica.it/rss?sezione=espresso</forum>
<forum_title>Rss l&apos;Espresso</forum_title>
<discussion_title>Pikotaro, il fenomeno venuto dal Giappone</discussion_title>
<language>italian</language>
<gmt_offset></gmt_offset>
<topic_url>http://espresso.repubblica.it/foto/2016/12/15/galleria/pikotaro-il-fenomeno-venuto-dal-giappone-1.291265</topic_url>
<topic_text>
Pikotaro, il fenomeno venuto dal... Pikotaro, il fenomeno venuto dal Giappone Foto 1 di 6
</topic_text>
<spam_score>0.00</spam_score>
<post_num>1</post_num>
<post_id>post-1</post_id>
<post_url>http://espresso.repubblica.it/foto/2016/12/15/galleria/pikotaro-il-fenomeno-venuto-dal-giappone-1.291265</post_url>
<post_date>20161219</post_date>
<post_time>0155</post_time>
<username></username>
<post>
Pikotaro, il fenomeno venuto dal... Pikotaro, il fenomeno venuto dal Giappone Foto 1 di 6
</post>
<signature>

</signature>
<external_links>

</external_links>
<country>IT</country>
<main_image>http://espresso.repubblica.it/polopoly_fs/1.291259.1481813674!/httpImage/image.JPG_gen/derivatives/gallery_222/image.JPG</main_image>
</document>
