<?xml version="1.0" encoding="UTF-8"?>
<document>
<type>mainstream</type>
<forum>http://rostovnadonu.bezformata.ru/rss.xml</forum>
<forum_title>Новости города БезФормата.Ru Ростовская область Ростов-на-Дону</forum_title>
<discussion_title>Ростовский цирк приглашает найти посох Деда Мороза в настоящих джунглях</discussion_title>
<language>russian</language>
<gmt_offset></gmt_offset>
<topic_url>http://rostovnadonu.bezformata.ru/listnews/deda-moroza-v-nastoyashih-dzhunglyah/53372983/</topic_url>
<topic_text>
Задать вопрос? Ростовский цирк приглашает найти посох Деда Мороза в настоящих джунглях 
Ростовский цирк приглашает на новую программу « Тайна Джунглей ». Зрители вместе с Дедом Морозом, сказочными персонажами и экзотическими животными отправятся на поиски волшебного посоха. 
Самые главные зимние персонажи — в одном из самых жарких мест планеты. Дед Мороз и Снегурочка отправились в тропические джунгли за волшебным посохом, который похитила злая колдунья. Такую нетипичную новогоднюю сказку демонстрируют на арене ростовского цирка. 
«Наш спектакль построен не по классическим канонам сказок. Мы отошли от стандартных персонажей — Бармалея, Кащея. Мы находимся в джунглях, поэтому у нас здесь колдунья вуду, демоны», — говорит режиссёр-постановщик шоу «Тайны джунглей» Росгосцирка, воздушная гимнастка Евгения Полусалова. 
Противостоять злым силам Деду Морозу и Снегурочке помогает весёлый профессор Максимус, а также многочисленные животные — собаки, пони, обезьяны, хорьки, еноты, канадские пумы и величественные белые тигры. С такой поддержкой хороший конец новогодней сказке гарантирован. После премьеры маленькие зрители охотно делятся положительными эмоциями. 
Подарить себе новогоднее настроение и посетить тропические джунгли, не выезжая из Ростова, взрослые и дети смогут до середины января.
</topic_text>
<spam_score>0.00</spam_score>
<post_num>1</post_num>
<post_id>post-1</post_id>
<post_url>http://rostovnadonu.bezformata.ru/listnews/deda-moroza-v-nastoyashih-dzhunglyah/53372983/</post_url>
<post_date>20161219</post_date>
<post_time>1835</post_time>
<username></username>
<post>
Задать вопрос? Ростовский цирк приглашает найти посох Деда Мороза в настоящих джунглях 
Ростовский цирк приглашает на новую программу « Тайна Джунглей ». Зрители вместе с Дедом Морозом, сказочными персонажами и экзотическими животными отправятся на поиски волшебного посоха. 
Самые главные зимние персонажи — в одном из самых жарких мест планеты. Дед Мороз и Снегурочка отправились в тропические джунгли за волшебным посохом, который похитила злая колдунья. Такую нетипичную новогоднюю сказку демонстрируют на арене ростовского цирка. 
«Наш спектакль построен не по классическим канонам сказок. Мы отошли от стандартных персонажей — Бармалея, Кащея. Мы находимся в джунглях, поэтому у нас здесь колдунья вуду, демоны», — говорит режиссёр-постановщик шоу «Тайны джунглей» Росгосцирка, воздушная гимнастка Евгения Полусалова. 
Противостоять злым силам Деду Морозу и Снегурочке помогает весёлый профессор Максимус, а также многочисленные животные — собаки, пони, обезьяны, хорьки, еноты, канадские пумы и величественные белые тигры. С такой поддержкой хороший конец новогодней сказке гарантирован. После премьеры маленькие зрители охотно делятся положительными эмоциями. 
Подарить себе новогоднее настроение и посетить тропические джунгли, не выезжая из Ростова, взрослые и дети смогут до середины января.
</post>
<signature>

</signature>
<external_links>

</external_links>
<country>RU</country>
<main_image></main_image>
</document>
