<?xml version="1.0" encoding="UTF-8"?>
<document>
<type>mainstream</type>
<forum>http://www.elaph.com/news/arab.htm</forum>
<forum_title>Elaph - إيلاف </forum_title>
<discussion_title>سويسرا ترفض قوانين الإرث الإسلامي</discussion_title>
<language>arabic</language>
<gmt_offset>0</gmt_offset>
<topic_url>http://www.elaph.com/Web/News/2016/12/1124378.html</topic_url>
<topic_text>
جنيف: اعتبرت المحكمة، وهي اعلى سلطة قضائية في سويسرا، ان استثناء الارملة من الارث بسبب كونها غير مسلمة (مسيحية) يتعارض مع &quot;النظام العام السويسري&quot;. يتعلق الأمر بحالة مليونير مصري مسلم توفي في 2007 في باريس عن سن 67 عامًا. والرجل الذي ليس له ابناء كان متزوجًا بألمانية مسيحية.
إلى التمييز
وطالب اشقاء وشقيقات المليونير من القضاء في كل الدول التي لديه املاك فيها، باملاك شقيقهم المتوفي كافة بموجب القانون المصري المستوحى من الشريعة الاسلامية. وبحسب قرار المحكمة، فإن اخوة المتوفي طالبوا بكل الاموال المودعة في مصرفين سويسريين، وذلك بناء على شهادة وراثة مصرية.
وقالت دينيز فاغنر ميسياكا محامية الورثة &quot;ربحنا القضية في المستوى الابتدائي، ثم خسرناها في الاستئناف، والان في التمييز&quot;.
هذه القضية في جنيف ليست الا واحدة من الخلافات المتعددة بين اخوة المتوفي وارملته.
ففي 2008، اعلن القضاء الالماني الارملة وريثة لنصف املاك زوجها الراحل في المانيا، وعاد النصف الاخر الى اخوته. كما فتحت محاكمة اثر وفاة المليونير المصري امام محكمة الاستئناف في باريس، التي اقرت باختصاص القضاء الفرنسي في تقرير لمن تعود بناية للمتوفي في العاصمة الفرنسية. والمتوفي الثري الذي لم يكشف اسمه كان يملك عقارات في فرنسا ومصر. وكان يملك حسابات بنكية في فرنسا والمانيا وسويسرا.
</topic_text>
<spam_score>0.20</spam_score>
<post_num>13</post_num>
<post_id>post-13</post_id>
<post_url>http://www.elaph.com/Web/News/2016/12/1124378.html</post_url>
<post_date>20161215</post_date>
<post_time></post_time>
<username>من كتابهم (المقدس)4</username>
<post>
فزرع ذاته كجنين في رحم السيدة مريم من خلال (حبل عذري) لم يكن يعلم به الا قليلون حيث كان (سر عائلي) اضطر الرب إليه لتمرير خطته وخداع المجتمع الذين ظنوا أن الجنين ابن يوسف زوج مريم, وبما ان الرب قرر ان يكون انسان, فعليه سيكون خاضع للقوانين التي وضعها هو للبشر, و سياخذ الجنين الذي ينمو في رحم السيدة مريم الخصائص والصفات الإنسانية من أمه, بما فيها الصفات الإنسانية الموروثة, والتي تتضمن الخطيئة التي ورثتها الأم بشكل تلقائي من أبويها حالها حال بقية البشر.المتتبع لتأويلات اللاهوتيين المسيحيين حول هذه الموضوعة سيجد العجب العجاب! حيث التناقض واللامنطق والحجج الساذجة من أجل رتق هذا الفتق وترميم البناء العقدي القائم على أساس مغلوط وواهي.فمنهم من يقول ان الخطيئة تكون موروثة عن طريق الأب فقط ,والرب المتجسد جاء من غير اب!وهذا تبرير ترقيعي لاينفع, فالوراثة تاتي من الاب والام وفي حال عدم وجود الاب ستنتقل الموروثات من الام والتي بدورها ورثتها من أبيها, هذا بالاضافة الى ان النصوص تؤكد أن أم البشر (حواء) كانت شريكة في عمل الخطيئة الأصلية , ولذلك تم شمولها بالعقوبة, بل إننا نقرأ في الكتاب المقدس ان المرأة هي أصل الخطيئة فكيف يتم استثنائها من توريثها؟!(من المرأة ابتدأت الخطيئة وبسببها نموت نحن أجمعون) سفر يوشع بن سيراخ بعض اللاهوتيين يحاول الفرار من هذه الورطة بالقول ان (أم الرب) قد تم تطهيرها من الخطيئة بحلول الروح القدس في جسدها ليكون مؤهلا للحمل المقدس, وهذا التبرير يستوجب ان يكون كل جسد يحل فيه الروح القدس متطهرا من الخطيئة وفي هذه الحالة لن يكون يسوع متفردا بهذه الصفة حيث سيشاركه فيها ,زكريا وكذلك يوحنا المعمدان وامه (اليصابات)وَامْتَلأَتْ أَلِيصَابَاتُ مِنَ الرُّوحِ الْقُدُسِ لوقا 1/41 وَامْتَلأَ زَكَرِيَّا أَبُوهُ مِنَ الرُّوحِ الْقُدُسِ لوقا 1/67 أَمَّا الصَّبِيُّ- يوحنا- فَكَانَ يَنْمُو وَيَتَقَوَّى بِالرُّوحِ لوقا 1/80ولم يكن أمام بعض المسيحيين الا القول بان مريم ام الرب, قد تم تطهيرها من الخطيئة الأصلية بشكل استثنائي وبقرار إلهي وفي هذه الحالة يحق لنا التساؤل لماذا لم يختصر الرب المشكلة, ويقرر رفع وزر الخطيئة التي يرثها البشر بلا خيار منهم ويطهرهم, ما دام الأمر فيه فسحة ومجال للاستثناء ولا يتصادم مع شرط تطبيق العدالة الصارم الذي اخترعه اللاهوتيون؟!إن القول بإنسانية يسوع الناصري أمر محسوم لا يجادل فيه أحد,
</post>
<signature>

</signature>
<external_links>

</external_links>
<country>GB</country>
<main_image>http://www.myelaph.com/Web/ImageHandlers/ResizeImageHandler.ashx?ImageUrl=/elaphweb/Resources/images/Politics/2016/12/week2/swicce_kada2.jpg&amp;amp;Width=600</main_image>
</document>
