<?xml version="1.0" encoding="UTF-8"?>
<document>
<type>mainstream</type>
<forum></forum>
<forum_title></forum_title>
<discussion_title>Rugby League: Former Wests Tigers player Matt Lodge scores US court win - Yahoo7</discussion_title>
<language>english</language>
<gmt_offset></gmt_offset>
<topic_url>https://au.news.yahoo.com/world/a/33612898/rugby-league-former-wests-tigers-player-matt-lodge-scores-us-court-win/</topic_url>
<topic_text>
Former Wests Tigers player Matt Lodge scores US court win Peter Mitchell, AAP US Correspondent - AAP on December 20, 2016, 7:45 am Share Rugby League: Former Wests Tigers player Matt Lodge scores US court win - Yahoo7 A New York judge has declined to send former Wests Tigers prop Matthew Lodge back to Rikers Island jail, instead making him a free man and setting up a likely return to his lucrative NRL career. Close Former Tiger Matt Lodge to be sentenced UP NEXT VIDEO Former Tiger Matt Lodge to be sentenced 
The brief hearing on the fourth floor of the New York Criminal Court on Monday was not such good news for the Manhattan family terrorised in their home by the powerfully-built Lodge. 
Joseph Cartright, on behalf of his wife Ruth and nine-year-old son, made a last-ditched, emotional plea to Judge Kate Paek to deal out some kind of punishment to Lodge for his &quot;violent and horrifying conduct&quot; that inflicted physical and psychological pain to his family. 
The judge declined. Wests Tigers player facing four years jail UP NEXT VIDEO Wests Tigers player facing four years jail 
&quot;Our clients are obviously disappointed,&quot; Renan Varghese, who is representing the family and another female victim in a $US1.2 million civil lawsuit filed against Lodge in New York, told AAP. 
&quot;They had thought in light of the complete lack of remorse he has showed for his conduct perhaps the court would have deviated from the plea agreement.&quot; 
Lodge, 21, was not required to be in court for the sentencing and remained in Australia. 
The hulking 193cm tall, 110kg Lodge went on a rampage about 4am on October 16 last year while on a New York holiday. Lodge looks set to resume his playing career with the Redcliffe Dolphins. Pic: Getty 
The terror began when Lodge confronted two women as they stepped out of a cab, told them it was the &quot;night you will die&quot; and then forced his way into their apartment building. 
Mr Cartright, who had a unit in the building near the foyer, woke up, went to help the women but Lodge put him in a headlock and punched him in the face. 
Lodge also went into Mr Cartright&apos;s apartment, locked the door, began breaking plates and furniture and then attempted to smash down a bathroom door Mr Cartright&apos;s wife and son were hiding behind. 
Lodge was arrested at gunpoint by NYPD officers. 
The family requires psychological treatment, with Mr Cartright telling the court his son has trouble sleeping and socialising. 
Lodge, who spent several days locked up at the infamous Rikers jail complex after his arrest, was originally charged with a felony burglary causing injury count which carried a minimum of five years&apos; jail and a maximum of 25-years. Close Australian cricket captain questioned, NRL votes to decide future of Grant. UP NEXT 
But in a plea deal signed a year ago with prosecutors, he entered a guilty plea to a misdemeanor count of reckless assault. 
The victims opposed the deal. 
To avoid a one-year jail sentence Lodge was ordered to complete 200 hours of community service in Australia, receive alcohol abuse and anger treatment, abstain from alcohol and illegal drugs, submit to testing and avoid another arrest. 
Judge Paek was told on Monday Lodge had adhered to the deal. 
She sentenced Lodge to a conditional discharge. 
&quot;He has worked very hard to address the issues which led to his arrest in this case and he will continue to work on his issues even when the case is over,&quot; Lodge&apos;s lawyer Thomas Rotko told AAP. 
Lodge, who was sacked by Wests Tigers after his arrest, appears set to play for the Brisbane Broncos&apos; Queensland Rugby League feeder club, the Redcliffe Dolphins. 
</topic_text>
<spam_score>0.00</spam_score>
<post_num>1</post_num>
<post_id>post-1</post_id>
<post_url>https://au.news.yahoo.com/world/a/33612898/rugby-league-former-wests-tigers-player-matt-lodge-scores-us-court-win/</post_url>
<post_date>20161220</post_date>
<post_time></post_time>
<username>Peter Mitchell</username>
<post>
Former Wests Tigers player Matt Lodge scores US court win Peter Mitchell, AAP US Correspondent - AAP on December 20, 2016, 7:45 am Share Rugby League: Former Wests Tigers player Matt Lodge scores US court win - Yahoo7 A New York judge has declined to send former Wests Tigers prop Matthew Lodge back to Rikers Island jail, instead making him a free man and setting up a likely return to his lucrative NRL career. Close Former Tiger Matt Lodge to be sentenced UP NEXT VIDEO Former Tiger Matt Lodge to be sentenced 
The brief hearing on the fourth floor of the New York Criminal Court on Monday was not such good news for the Manhattan family terrorised in their home by the powerfully-built Lodge. 
Joseph Cartright, on behalf of his wife Ruth and nine-year-old son, made a last-ditched, emotional plea to Judge Kate Paek to deal out some kind of punishment to Lodge for his &quot;violent and horrifying conduct&quot; that inflicted physical and psychological pain to his family. 
The judge declined. Wests Tigers player facing four years jail UP NEXT VIDEO Wests Tigers player facing four years jail 
&quot;Our clients are obviously disappointed,&quot; Renan Varghese, who is representing the family and another female victim in a $US1.2 million civil lawsuit filed against Lodge in New York, told AAP. 
&quot;They had thought in light of the complete lack of remorse he has showed for his conduct perhaps the court would have deviated from the plea agreement.&quot; 
Lodge, 21, was not required to be in court for the sentencing and remained in Australia. 
The hulking 193cm tall, 110kg Lodge went on a rampage about 4am on October 16 last year while on a New York holiday. Lodge looks set to resume his playing career with the Redcliffe Dolphins. Pic: Getty 
The terror began when Lodge confronted two women as they stepped out of a cab, told them it was the &quot;night you will die&quot; and then forced his way into their apartment building. 
Mr Cartright, who had a unit in the building near the foyer, woke up, went to help the women but Lodge put him in a headlock and punched him in the face. 
Lodge also went into Mr Cartright&apos;s apartment, locked the door, began breaking plates and furniture and then attempted to smash down a bathroom door Mr Cartright&apos;s wife and son were hiding behind. 
Lodge was arrested at gunpoint by NYPD officers. 
The family requires psychological treatment, with Mr Cartright telling the court his son has trouble sleeping and socialising. 
Lodge, who spent several days locked up at the infamous Rikers jail complex after his arrest, was originally charged with a felony burglary causing injury count which carried a minimum of five years&apos; jail and a maximum of 25-years. Close Australian cricket captain questioned, NRL votes to decide future of Grant. UP NEXT 
But in a plea deal signed a year ago with prosecutors, he entered a guilty plea to a misdemeanor count of reckless assault. 
The victims opposed the deal. 
To avoid a one-year jail sentence Lodge was ordered to complete 200 hours of community service in Australia, receive alcohol abuse and anger treatment, abstain from alcohol and illegal drugs, submit to testing and avoid another arrest. 
Judge Paek was told on Monday Lodge had adhered to the deal. 
She sentenced Lodge to a conditional discharge. 
&quot;He has worked very hard to address the issues which led to his arrest in this case and he will continue to work on his issues even when the case is over,&quot; Lodge&apos;s lawyer Thomas Rotko told AAP. 
Lodge, who was sacked by Wests Tigers after his arrest, appears set to play for the Brisbane Broncos&apos; Queensland Rugby League feeder club, the Redcliffe Dolphins. 
</post>
<signature>

</signature>
<external_links>

</external_links>
<country>AU</country>
<main_image>https://s.yimg.com/iu/api/res/1.2/9K1FiI6xud7wRJMMekZEWA--/YXBwaWQ9eXZpZGVvO3E9NzA7bj0xO2ZpbGw7cm90YXRlPWF1dG8-/https://s.yimg.com/ea/img/-/161220/585855606ec04_989lodge_630.jpg</main_image>
</document>
