<?xml version="1.0" encoding="UTF-8"?>
<document>
<type>mainstream</type>
<forum>http://www.leparisien.fr/oise-60/rss.xml</forum>
<forum_title>Le Parisien  - Oise</forum_title>
<discussion_title>Maisoncelle-Tuilerie : un pavillon détruit dans un incendie</discussion_title>
<language>french</language>
<gmt_offset></gmt_offset>
<topic_url>http://www.leparisien.fr/maisoncelle-tuilerie-60480/maisoncelle-tuilerie-un-pavillon-detruit-dans-un-incendie-18-12-2016-6470664.php</topic_url>
<topic_text>
S amedi soir, vers 22 h 15, les sapeurs-pompiers sont intervenus sur l’incendie d’un pavillon situé dans la rue principale de Maisoncelle-Tuilerie. Malgré l’intervention des soldats du feu, les flammes ont détruit la quasi-totalité de la maison. Aucun blessé n’est à déplorer. Même si une enquête est menée par les services de gendarmerie, l’origine du sinistre serait, d’après les premières constatations, accidentelle. Le propriétaire du pavillon, un homme seul âgé de 58 ans, n’était pas sur place au moment des faits. Le premier adjoint de Maisoncelle-Tuilerie est intervenu dans la soirée pour procéder au relogement de la personne dans la commune.
</topic_text>
<spam_score>0.00</spam_score>
<post_num>1</post_num>
<post_id>post-1</post_id>
<post_url>http://www.leparisien.fr/maisoncelle-tuilerie-60480/maisoncelle-tuilerie-un-pavillon-detruit-dans-un-incendie-18-12-2016-6470664.php</post_url>
<post_date>20161218</post_date>
<post_time>1450</post_time>
<username>leparisien.fr</username>
<post>
S amedi soir, vers 22 h 15, les sapeurs-pompiers sont intervenus sur l’incendie d’un pavillon situé dans la rue principale de Maisoncelle-Tuilerie. Malgré l’intervention des soldats du feu, les flammes ont détruit la quasi-totalité de la maison. Aucun blessé n’est à déplorer. Même si une enquête est menée par les services de gendarmerie, l’origine du sinistre serait, d’après les premières constatations, accidentelle. Le propriétaire du pavillon, un homme seul âgé de 58 ans, n’était pas sur place au moment des faits. Le premier adjoint de Maisoncelle-Tuilerie est intervenu dans la soirée pour procéder au relogement de la personne dans la commune.
</post>
<signature>

</signature>
<external_links>

</external_links>
<country>FR</country>
<main_image>http://s1.lprs1.fr/images/2016/12/18/6470664_cbe69f58-c520-11e6-a544-6975210c0c74-1.jpg</main_image>
</document>
