<?xml version="1.0" encoding="UTF-8"?>
<document>
<type>mainstream</type>
<forum>http://www.trading-house.net/rss/meldungen/</forum>
<forum_title>trading-house.net Nachrichtenfeed</forum_title>
<discussion_title>Tragödie am Breitscheidplatz - der Überblick</discussion_title>
<language>german</language>
<gmt_offset></gmt_offset>
<topic_url>http://www.trading-house.net/news/tragoedie-am-breitscheidplatz-der-ueberblick-52508905</topic_url>
<topic_text>
Tragödie am Breitscheidplatz - der Überblick 50 Menschen wurden in Berlin teils lebensgefährlich verletzt.
</topic_text>
<spam_score>0.00</spam_score>
<post_num>1</post_num>
<post_id>post-1</post_id>
<post_url>http://www.trading-house.net/news/tragoedie-am-breitscheidplatz-der-ueberblick-52508905</post_url>
<post_date>20161219</post_date>
<post_time>2334</post_time>
<username></username>
<post>
Tragödie am Breitscheidplatz - der Überblick 50 Menschen wurden in Berlin teils lebensgefährlich verletzt.
</post>
<signature>

</signature>
<external_links>

</external_links>
<country>DE</country>
<main_image></main_image>
</document>
